/* Generated by tools/gen_michi_ui_assets.py - DO NOT EDIT.
 * Pillow 12.2.0; source font: Noto Sans (SIL Open Font License)
 * MICHI_UI_FONT_FAMILY: Noto Sans
 * MICHI_UI_RASTER_MODE: 1-bit
 * Raster mode override: 1-bit
 *   XS : 8 px em (line height 10)
 *   SM : Noto Sans Medium 13 px em (line height 16)
 *   MD : Noto Sans Regular 17 px em (line height 20)
 *   LG : Noto Sans Regular 26 px em (line height 30)
 *   PIN: Noto Sans Regular 41 px em (line height 46, charset: digits, space, '.')
 * Charset (192 glyphs):
 *   0..94: ASCII 0x20..0x7E (95 glyphs)
 *   95..190: Latin-1 Supplement 0x00A0..0x00FF (96 glyphs: á, é, í, ó, ú, ñ, ¿, ¡, etc.)
 *   191: Ellipsis '…' (U+2026)
 * Bitmap layout: column-major; byte = column, bit n = row n (LSB = top).
 */
static const uint8_t michi_ui_xs_bitmap[] = {
    0x00, 0x00, 0x04, 0x00, 0x04, 0x00, 0x00, 0x20, 0x28, 0x28, 0x08, 0x08,
    0x2c, 0x30, 0x00, 0x08, 0x54, 0x10, 0x64, 0x60, 0x20, 0x5c, 0x64, 0x60,
    0x00, 0x04, 0x00, 0x78, 0x00, 0x84, 0x30, 0x00, 0x1c, 0x08, 0x00, 0x10,
    0x10, 0x10, 0x00, 0x80, 0x00, 0x20, 0x20, 0x00, 0x00, 0x40, 0x0c, 0x00,
    0x38, 0x44, 0x7c, 0x00, 0x00, 0x04, 0x00, 0x40, 0x64, 0x5c, 0x00, 0x40,
    0x54, 0x7c, 0x00, 0x20, 0x28, 0x7c, 0x00, 0x00, 0x54, 0x74, 0x00, 0x38,
    0x4c, 0x7c, 0x00, 0x04, 0x64, 0x0c, 0x00, 0x20, 0x54, 0x7c, 0x00, 0x08,
    0x54, 0x3c, 0x00, 0x00, 0x00, 0x40, 0x00, 0x00, 0x00, 0x00, 0x00, 0x30,
    0x30, 0x30, 0x00, 0x00, 0x20, 0x00, 0x00, 0x04, 0x14, 0x00, 0x30, 0x80,
    0xcc, 0xbc, 0x48, 0x00, 0x60, 0x3c, 0x38, 0x40, 0x00, 0x54, 0x54, 0x20,
    0x10, 0x44, 0x44, 0x00, 0x00, 0x44, 0x44, 0x38, 0x00, 0x00, 0x54, 0x54,
    0x00, 0x14, 0x14, 0x10, 0x44, 0x44, 0x74, 0x00, 0x10, 0x10, 0x7c, 0x44,
    0x44, 0x00, 0x80, 0x00, 0x00, 0x10, 0x28, 0x00, 0x00, 0x40, 0x40, 0x00,
    0x00, 0x1c, 0x60, 0x10, 0x7c, 0x00, 0x00, 0x0c, 0x30, 0x7c, 0x00, 0x10,
    0x44, 0x44, 0x6c, 0x00, 0x00, 0x14, 0x14, 0x00, 0x10, 0x44, 0x44, 0xec,
    0x00, 0x00, 0x14, 0x34, 0x00, 0x48, 0x54, 0x64, 0x00, 0x04, 0x7c, 0x04,
    0x00, 0x00, 0x40, 0x40, 0x3c, 0x0c, 0x60, 0x30, 0x04, 0x0c, 0x60, 0x0c,
    0x30, 0x70, 0x00, 0x44, 0x38, 0x28, 0x00, 0x04, 0x78, 0x08, 0x00, 0x44,
    0x54, 0x4c, 0x00, 0xfc, 0x04, 0x04, 0x20, 0x00, 0x04, 0xfc, 0x10, 0x04,
    0x08, 0x00, 0x00, 0x00, 0x00, 0x00, 0x00, 0x00, 0x20, 0x58, 0x78, 0x3c,
    0x48, 0x48, 0x00, 0x30, 0x48, 0x48, 0x30, 0x48, 0x48, 0x00, 0x30, 0x58,
    0x58, 0x00, 0x08, 0x0c, 0x00, 0x30, 0x48, 0xc8, 0x00, 0x7c, 0x08, 0x08,
    0x00, 0x78, 0x00, 0x00, 0xf8, 0x00, 0x7c, 0x30, 0x48, 0x00, 0x7c, 0x00,
    0x78, 0x08, 0x08, 0x08, 0x08, 0x00, 0x78, 0x08, 0x08, 0x00, 0x30, 0x48,
    0x48, 0x00, 0xf8, 0x48, 0x48, 0x00, 0x30, 0x48, 0x48, 0x00, 0x78, 0x08,
    0x00, 0x40, 0x48, 0x00, 0x08, 0x48, 0x00, 0x38, 0x40, 0x40, 0x00, 0x18,
    0x60, 0x18, 0x00, 0x18, 0x60, 0x18, 0x60, 0x08, 0x48, 0x30, 0x48, 0x00,
    0x18, 0xe0, 0x18, 0x00, 0x48, 0x58, 0x08, 0x20, 0x84, 0x00, 0x00, 0xfc,
    0x00, 0x04, 0x20, 0x00, 0x00, 0x10, 0x10, 0x00, 0x00, 0x00, 0xc0, 0x00,
    0x00, 0x24, 0x24, 0x50, 0x54, 0x44, 0x00, 0x00, 0x28, 0x28, 0x00, 0x04,
    0x78, 0x34, 0x00, 0x00, 0x8c, 0x00, 0x10, 0x44, 0x10, 0x00, 0x00, 0x00,
    0x00, 0x00, 0x00, 0x24, 0x00, 0x00, 0x08, 0x0c, 0x20, 0x00, 0x00, 0x10,
    0x10, 0x10, 0x00, 0x20, 0x20, 0x00, 0x00, 0x14, 0x00, 0x00, 0x00, 0x02,
    0x02, 0x02, 0x00, 0x00, 0x0a, 0x00, 0x50, 0x50, 0x50, 0x00, 0x10, 0x00,
    0x00, 0x08, 0x00, 0x00, 0xf8, 0x40, 0x40, 0x00, 0x18, 0x3c, 0x04, 0x00,
    0x00, 0x00, 0x00, 0x00, 0x00, 0x08, 0x00, 0x04, 0x00, 0x00, 0x20, 0x20,
    0x00, 0x00, 0x00, 0x70, 0x00, 0x00, 0x10, 0x08, 0x68, 0x00, 0x00, 0x48,
    0x10, 0x40, 0x40, 0x80, 0x00, 0x00, 0x60, 0x3e, 0x38, 0x40, 0x60, 0x3c,
    0x38, 0x40, 0x60, 0x3e, 0x3a, 0x40, 0x60, 0x3e, 0x3a, 0x40, 0x60, 0x3c,
    0x38, 0x40, 0x60, 0x3c, 0x3c, 0x40, 0x40, 0x38, 0x24, 0x54, 0x54, 0x00,
    0x10, 0x44, 0x44, 0x00, 0x00, 0x56, 0x54, 0x00, 0x54, 0x54, 0x00, 0x56,
    0x54, 0x00, 0x54, 0x54, 0x44, 0x44, 0x44, 0x46, 0x00, 0x46, 0x46, 0x00,
    0x44, 0x44, 0x10, 0x54, 0x44, 0x38, 0x00, 0x00, 0x0c, 0x32, 0x7c, 0x00,
    0x10, 0x44, 0x44, 0x6c, 0x00, 0x10, 0x44, 0x46, 0x6c, 0x00, 0x10, 0x44,
    0x46, 0x6c, 0x00, 0x10, 0x44, 0x46, 0x6c, 0x00, 0x10, 0x44, 0x44, 0x6c,
    0x00, 0x00, 0x10, 0x20, 0x00, 0x10, 0x64, 0x54, 0x6c, 0x00, 0x00, 0x40,
    0x40, 0x3c, 0x00, 0x40, 0x42, 0x3c, 0x00, 0x40, 0x42, 0x3c, 0x00, 0x40,
    0x40, 0x3c, 0x04, 0x78, 0x08, 0x00, 0x00, 0x28, 0x28, 0x00, 0x70, 0x04,
    0x5c, 0x00, 0x20, 0x5c, 0x78, 0x20, 0x58, 0x78, 0x20, 0x5c, 0x78, 0x20,
    0x5c, 0x78, 0x20, 0x58, 0x78, 0x20, 0x58, 0x78, 0x20, 0x58, 0x38, 0x58,
    0x58, 0x30, 0x48, 0x48, 0x30, 0x5c, 0x58, 0x00, 0x30, 0x58, 0x58, 0x00,
    0x30, 0x5c, 0x58, 0x00, 0x30, 0x58, 0x58, 0x00, 0x00, 0x7c, 0x00, 0x78,
    0x00, 0x00, 0x7c, 0x00, 0x00, 0x78, 0x00, 0x30, 0x4a, 0x4e, 0x00, 0x78,
    0x0c, 0x08, 0x00, 0x30, 0x4c, 0x48, 0x00, 0x30, 0x48, 0x48, 0x00, 0x30,
    0x4c, 0x48, 0x00, 0x30, 0x4c, 0x48, 0x00, 0x30, 0x48, 0x48, 0x00, 0x10,
    0x10, 0x10, 0x00, 0x30, 0x68, 0x58, 0x00, 0x38, 0x44, 0x40, 0x00, 0x38,
    0x40, 0x40, 0x00, 0x38, 0x44, 0x40, 0x00, 0x38, 0x40, 0x40, 0x00, 0x18,
    0xe0, 0x18, 0x00, 0xfc, 0x48, 0x48, 0x00, 0x18, 0xe0, 0x18, 0x00, 0x00,
    0x00, 0x00, 0x00, 0x00,
};
static const uint8_t michi_ui_xs_width[] = {
    0x02, 0x02, 0x03, 0x04, 0x04, 0x05, 0x05, 0x02, 0x02, 0x02, 0x04, 0x04,
    0x02, 0x02, 0x02, 0x03, 0x04, 0x03, 0x04, 0x04, 0x04, 0x04, 0x04, 0x04,
    0x04, 0x04, 0x02, 0x02, 0x04, 0x04, 0x04, 0x03, 0x06, 0x04, 0x04, 0x04,
    0x05, 0x03, 0x03, 0x04, 0x04, 0x02, 0x03, 0x04, 0x04, 0x06, 0x05, 0x05,
    0x04, 0x05, 0x04, 0x04, 0x04, 0x04, 0x04, 0x06, 0x04, 0x04, 0x04, 0x02,
    0x03, 0x02, 0x04, 0x04, 0x02, 0x03, 0x04, 0x03, 0x04, 0x04, 0x03, 0x04,
    0x04, 0x02, 0x03, 0x04, 0x02, 0x06, 0x04, 0x04, 0x04, 0x04, 0x03, 0x03,
    0x03, 0x04, 0x04, 0x05, 0x04, 0x04, 0x03, 0x03, 0x03, 0x03, 0x04, 0x02,
    0x02, 0x03, 0x04, 0x04, 0x04, 0x03, 0x03, 0x04, 0x05, 0x02, 0x03, 0x04,
    0x02, 0x05, 0x05, 0x03, 0x04, 0x02, 0x02, 0x02, 0x04, 0x04, 0x02, 0x02,
    0x02, 0x03, 0x03, 0x05, 0x05, 0x05, 0x03, 0x04, 0x04, 0x04, 0x04, 0x04,
    0x04, 0x06, 0x04, 0x03, 0x03, 0x03, 0x03, 0x02, 0x02, 0x04, 0x02, 0x05,
    0x05, 0x05, 0x05, 0x05, 0x05, 0x05, 0x04, 0x05, 0x04, 0x04, 0x04, 0x04,
    0x04, 0x04, 0x04, 0x03, 0x03, 0x03, 0x03, 0x03, 0x03, 0x05, 0x03, 0x04,
    0x04, 0x04, 0x04, 0x03, 0x02, 0x03, 0x03, 0x04, 0x04, 0x04, 0x04, 0x04,
    0x04, 0x04, 0x04, 0x04, 0x04, 0x04, 0x04, 0x04, 0x04, 0x04, 0x04, 0x05,
};
static const uint8_t michi_ui_xs_advance[] = {
    0x02, 0x02, 0x03, 0x04, 0x03, 0x05, 0x04, 0x01, 0x02, 0x02, 0x03, 0x03,
    0x02, 0x02, 0x02, 0x02, 0x03, 0x03, 0x03, 0x03, 0x03, 0x03, 0x03, 0x03,
    0x03, 0x03, 0x02, 0x02, 0x03, 0x03, 0x03, 0x03, 0x05, 0x04, 0x04, 0x04,
    0x04, 0x03, 0x03, 0x04, 0x04, 0x02, 0x02, 0x04, 0x03, 0x06, 0x05, 0x05,
    0x04, 0x05, 0x04, 0x03, 0x03, 0x04, 0x04, 0x06, 0x04, 0x04, 0x03, 0x02,
    0x02, 0x02, 0x03, 0x03, 0x02, 0x03, 0x04, 0x03, 0x04, 0x03, 0x02, 0x04,
    0x04, 0x02, 0x02, 0x03, 0x02, 0x06, 0x04, 0x04, 0x04, 0x04, 0x03, 0x03,
    0x02, 0x04, 0x03, 0x05, 0x03, 0x03, 0x03, 0x02, 0x03, 0x02, 0x03, 0x02,
    0x02, 0x03, 0x03, 0x03, 0x03, 0x03, 0x03, 0x04, 0x05, 0x02, 0x03, 0x03,
    0x02, 0x05, 0x03, 0x03, 0x03, 0x02, 0x02, 0x02, 0x04, 0x04, 0x02, 0x01,
    0x02, 0x02, 0x03, 0x05, 0x05, 0x05, 0x03, 0x04, 0x04, 0x04, 0x04, 0x04,
    0x04, 0x05, 0x04, 0x03, 0x03, 0x03, 0x03, 0x02, 0x02, 0x02, 0x02, 0x04,
    0x05, 0x05, 0x05, 0x05, 0x05, 0x05, 0x03, 0x05, 0x04, 0x04, 0x04, 0x04,
    0x04, 0x04, 0x04, 0x03, 0x03, 0x03, 0x03, 0x03, 0x03, 0x05, 0x03, 0x03,
    0x03, 0x03, 0x03, 0x02, 0x02, 0x02, 0x02, 0x04, 0x04, 0x04, 0x04, 0x04,
    0x04, 0x04, 0x03, 0x04, 0x04, 0x04, 0x04, 0x04, 0x03, 0x04, 0x03, 0x05,
};
static const uint16_t michi_ui_xs_offset[] = {
    0, 2, 4, 7, 11, 15, 20, 25, 27, 29, 31, 35,
    39, 41, 43, 45, 48, 52, 55, 59, 63, 67, 71, 75,
    79, 83, 87, 89, 91, 95, 99, 103, 106, 112, 116, 120,
    124, 129, 132, 135, 139, 143, 145, 148, 152, 156, 162, 167,
    172, 176, 181, 185, 189, 193, 197, 201, 207, 211, 215, 219,
    221, 224, 226, 230, 234, 236, 239, 243, 246, 250, 254, 257,
    261, 265, 267, 270, 274, 276, 282, 286, 290, 294, 298, 301,
    304, 307, 311, 315, 320, 324, 328, 331, 334, 337, 340, 344,
    346, 348, 351, 355, 359, 363, 366, 369, 373, 378, 380, 383,
    387, 389, 394, 399, 402, 406, 408, 410, 412, 416, 420, 422,
    424, 426, 429, 432, 437, 442, 447, 450, 454, 458, 462, 466,
    470, 474, 480, 484, 487, 490, 493, 496, 498, 500, 504, 506,
    511, 516, 521, 526, 531, 536, 541, 545, 550, 554, 558, 562,
    566, 570, 574, 578, 581, 584, 587, 590, 593, 596, 601, 604,
    608, 612, 616, 620, 623, 625, 628, 631, 635, 639, 643, 647,
    651, 655, 659, 663, 667, 671, 675, 679, 683, 687, 691, 695,
    700,
};
#define MICHI_UI_XS_HEIGHT       8
#define MICHI_UI_XS_BASELINE     7
#define MICHI_UI_XS_LINE_HEIGHT  10
#define MICHI_UI_XS_RASTER_BITS  1
#define MICHI_UI_XS_BYTES_PER_COL 1

/* michi_ui_xs: height=8 baseline=7 line_height=10 bytes_per_col=1 raster=1-bit */
static const uint8_t michi_ui_sm_bitmap[] = {
    0x00, 0x00, 0x00, 0x00, 0x00, 0x00, 0xf8, 0x02, 0x00, 0x00, 0x08, 0x00,
    0x18, 0x00, 0x00, 0x00, 0x80, 0x00, 0xa0, 0x03, 0xb8, 0x00, 0xe0, 0x03,
    0xb8, 0x00, 0x00, 0x00, 0x00, 0x00, 0x30, 0x01, 0xf8, 0x03, 0x50, 0x01,
    0x80, 0x00, 0x30, 0x00, 0x88, 0x00, 0xf8, 0x03, 0xc0, 0x00, 0x30, 0x00,
    0x48, 0x02, 0xc0, 0x03, 0x00, 0x00, 0x00, 0x01, 0xb0, 0x03, 0x48, 0x02,
    0xb8, 0x02, 0x00, 0x01, 0x80, 0x03, 0x00, 0x00, 0x00, 0x00, 0x08, 0x00,
    0xc0, 0x00, 0x18, 0x06, 0x00, 0x00, 0x00, 0x00, 0xf0, 0x03, 0x00, 0x00,
    0x00, 0x00, 0x40, 0x00, 0x38, 0x00, 0x40, 0x00, 0x00, 0x00, 0x00, 0x00,
    0x40, 0x00, 0xe0, 0x01, 0x40, 0x00, 0x40, 0x00, 0x00, 0x04, 0x00, 0x02,
    0x80, 0x00, 0x80, 0x00, 0x00, 0x00, 0x00, 0x00, 0x00, 0x02, 0x00, 0x02,
    0xc0, 0x00, 0x38, 0x00, 0x00, 0x00, 0xe0, 0x00, 0x18, 0x03, 0x08, 0x02,
    0x18, 0x03, 0xe0, 0x00, 0x00, 0x00, 0x10, 0x00, 0xf8, 0x03, 0x00, 0x00,
    0x00, 0x00, 0x00, 0x02, 0x08, 0x03, 0x88, 0x02, 0x78, 0x02, 0x00, 0x02,
    0x00, 0x00, 0x08, 0x02, 0x48, 0x02, 0xf8, 0x02, 0x80, 0x01, 0x00, 0x01,
    0x40, 0x01, 0x30, 0x01, 0xf8, 0x03, 0x00, 0x01, 0x00, 0x00, 0x78, 0x02,
    0x48, 0x02, 0xc8, 0x02, 0x80, 0x01, 0xc0, 0x00, 0xf0, 0x03, 0x48, 0x02,
    0x48, 0x02, 0x80, 0x01, 0x08, 0x00, 0x08, 0x02, 0x88, 0x01, 0x78, 0x00,
    0x08, 0x00, 0x00, 0x01, 0xf8, 0x02, 0x48, 0x02, 0xe8, 0x02, 0x80, 0x01,
    0x20, 0x00, 0xd8, 0x02, 0x88, 0x02, 0xd8, 0x01, 0xe0, 0x00, 0x00, 0x00,
    0x20, 0x02, 0x00, 0x04, 0x20, 0x02, 0x00, 0x00, 0xc0, 0x00, 0x80, 0x00,
    0x20, 0x00, 0x00, 0x01, 0x00, 0x00, 0xa0, 0x00, 0xa0, 0x00, 0xa0, 0x00,
    0xa0, 0x00, 0x00, 0x00, 0x20, 0x01, 0x80, 0x00, 0xc0, 0x00, 0x00, 0x00,
    0x08, 0x00, 0x88, 0x02, 0x48, 0x00, 0x30, 0x00, 0x00, 0x00, 0x30, 0x02,
    0xc8, 0x04, 0x28, 0x05, 0x28, 0x05, 0xe8, 0x05, 0x10, 0x01, 0x40, 0x00,
    0x00, 0x02, 0xc0, 0x00, 0x98, 0x00, 0xb8, 0x00, 0xc0, 0x01, 0x00, 0x02,
    0x00, 0x00, 0xf8, 0x03, 0x48, 0x02, 0x48, 0x02, 0xf8, 0x03, 0x00, 0x00,
    0x00, 0x00, 0xf0, 0x01, 0x08, 0x02, 0x08, 0x02, 0x08, 0x02, 0x00, 0x00,
    0x00, 0x00, 0xf8, 0x03, 0x08, 0x02, 0x08, 0x02, 0x18, 0x03, 0xf0, 0x01,
    0x00, 0x00, 0x00, 0x00, 0xf8, 0x03, 0x48, 0x02, 0x48, 0x02, 0x00, 0x00,
    0x00, 0x00, 0xf8, 0x03, 0x48, 0x00, 0x48, 0x00, 0x00, 0x00, 0x00, 0x00,
    0xf0, 0x01, 0x08, 0x02, 0x08, 0x02, 0x48, 0x02, 0xc0, 0x03, 0x00, 0x00,
    0x00, 0x00, 0xf8, 0x03, 0x40, 0x00, 0x40, 0x00, 0x40, 0x00, 0xf8, 0x03,
    0x00, 0x00, 0x08, 0x00, 0xf8, 0x03, 0x08, 0x02, 0x00, 0x00, 0x00, 0x04,
    0xf8, 0x03, 0x00, 0x00, 0x00, 0x00, 0xf8, 0x03, 0x40, 0x00, 0xb0, 0x00,
    0x08, 0x03, 0x00, 0x00, 0x00, 0x00, 0xf8, 0x03, 0x00, 0x02, 0x00, 0x02,
    0x00, 0x00, 0x00, 0x00, 0xf8, 0x03, 0x70, 0x00, 0x80, 0x03, 0x00, 0x03,
    0x60, 0x00, 0xf8, 0x03, 0x00, 0x00, 0x00, 0x00, 0xf8, 0x03, 0x30, 0x00,
    0xe0, 0x00, 0x80, 0x01, 0xf8, 0x03, 0x00, 0x00, 0x00, 0x00, 0xf0, 0x01,
    0x08, 0x02, 0x08, 0x02, 0x08, 0x02, 0xf0, 0x01, 0x40, 0x00, 0x00, 0x00,
    0xf8, 0x03, 0x88, 0x00, 0x88, 0x00, 0x70, 0x00, 0x00, 0x00, 0x00, 0x00,
    0xf0, 0x01, 0x08, 0x02, 0x08, 0x02, 0x08, 0x06, 0xf0, 0x01, 0x40, 0x00,
    0x00, 0x00, 0xf8, 0x03, 0x48, 0x00, 0xc8, 0x00, 0x30, 0x03, 0x00, 0x00,
    0x00, 0x00, 0x78, 0x02, 0x48, 0x02, 0xc8, 0x03, 0x00, 0x00, 0x08, 0x00,
    0x08, 0x00, 0xf8, 0x03, 0x08, 0x00, 0x08, 0x00, 0x00, 0x00, 0xf8, 0x01,
    0x00, 0x02, 0x00, 0x02, 0x00, 0x02, 0xf8, 0x01, 0x00, 0x00, 0x18, 0x00,
    0xe0, 0x00, 0x00, 0x03, 0xc0, 0x01, 0x38, 0x00, 0x00, 0x00, 0x18, 0x00,
    0xe0, 0x01, 0x80, 0x03, 0x70, 0x00, 0x38, 0x00, 0xc0, 0x01, 0x80, 0x03,
    0x78, 0x00, 0x00, 0x00, 0x08, 0x02, 0x18, 0x01, 0xe0, 0x00, 0xb0, 0x00,
    0x08, 0x03, 0x00, 0x00, 0x08, 0x00, 0x30, 0x00, 0xc0, 0x03, 0x70, 0x00,
    0x18, 0x00, 0x00, 0x00, 0x00, 0x02, 0x88, 0x03, 0x48, 0x02, 0x38, 0x02,
    0x08, 0x02, 0x00, 0x00, 0xf8, 0x07, 0x08, 0x04, 0x08, 0x00, 0x60, 0x00,
    0x80, 0x03, 0x00, 0x00, 0x08, 0x04, 0xf8, 0x07, 0x00, 0x00, 0x00, 0x00,
    0x60, 0x00, 0x10, 0x00, 0x60, 0x00, 0x80, 0x00, 0x00, 0x00, 0x00, 0x08,
    0x00, 0x08, 0x00, 0x08, 0x00, 0x08, 0x00, 0x00, 0x08, 0x00, 0x00, 0x00,
    0x00, 0x01, 0xa0, 0x03, 0xa0, 0x02, 0xe0, 0x03, 0x00, 0x00, 0x00, 0x00,
    0xf8, 0x03, 0x20, 0x02, 0x20, 0x02, 0xc0, 0x01, 0x00, 0x00, 0x80, 0x00,
    0x60, 0x03, 0x20, 0x02, 0x20, 0x02, 0x00, 0x00, 0x80, 0x00, 0x60, 0x03,
    0x20, 0x02, 0x20, 0x02, 0xf8, 0x03, 0x00, 0x00, 0x80, 0x00, 0xe0, 0x03,
    0xa0, 0x02, 0xa0, 0x02, 0xc0, 0x00, 0x20, 0x00, 0xf8, 0x03, 0x28, 0x00,
    0x00, 0x00, 0x80, 0x00, 0x60, 0x0b, 0x20, 0x0a, 0x20, 0x0a, 0xe0, 0x07,
    0x00, 0x00, 0x00, 0x00, 0xf8, 0x03, 0x20, 0x00, 0x20, 0x00, 0xc0, 0x03,
    0x00, 0x00, 0x00, 0x00, 0xe0, 0x03, 0x00, 0x00, 0x00, 0x08, 0xe0, 0x07,
    0x00, 0x00, 0xf8, 0x03, 0xc0, 0x00, 0x20, 0x03, 0x00, 0x02, 0x00, 0x00,
    0xf8, 0x03, 0x00, 0x00, 0xe0, 0x03, 0x20, 0x00, 0x20, 0x00, 0xc0, 0x03,
    0x20, 0x00, 0x20, 0x00, 0xc0, 0x03, 0x00, 0x00, 0x00, 0x00, 0xe0, 0x03,
    0x20, 0x00, 0x20, 0x00, 0xc0, 0x03, 0x00, 0x00, 0x80, 0x00, 0x60, 0x03,
    0x20, 0x02, 0x20, 0x02, 0xc0, 0x01, 0x00, 0x00, 0x00, 0x00, 0xe0, 0x0f,
    0x20, 0x02, 0x20, 0x02, 0xc0, 0x01, 0x00, 0x00, 0x80, 0x00, 0x60, 0x03,
    0x20, 0x02, 0x20, 0x02, 0xe0, 0x0f, 0x00, 0x00, 0x00, 0x00, 0xe0, 0x03,
    0x20, 0x00, 0x20, 0x00, 0x00, 0x00, 0xe0, 0x02, 0xa0, 0x02, 0x20, 0x01,
    0x20, 0x00, 0xf0, 0x03, 0x20, 0x02, 0x00, 0x00, 0x00, 0x00, 0xe0, 0x03,
    0x00, 0x02, 0x00, 0x02, 0xe0, 0x03, 0x00, 0x00, 0x20, 0x00, 0xc0, 0x01,
    0x00, 0x03, 0xc0, 0x00, 0x20, 0x00, 0x60, 0x00, 0x80, 0x03, 0x80, 0x03,
    0x60, 0x00, 0xc0, 0x01, 0x00, 0x03, 0x60, 0x00, 0x00, 0x00, 0x00, 0x02,
    0x60, 0x03, 0xc0, 0x00, 0x60, 0x03, 0x00, 0x00, 0x20, 0x08, 0xc0, 0x09,
    0x00, 0x07, 0xc0, 0x00, 0x20, 0x00, 0x00, 0x02, 0x20, 0x03, 0xe0, 0x02,
    0x20, 0x02, 0x40, 0x00, 0xf0, 0x03, 0x08, 0x04, 0x00, 0x00, 0x00, 0x00,
    0x00, 0x00, 0xf8, 0x0f, 0x00, 0x00, 0x00, 0x00, 0x08, 0x04, 0xb8, 0x07,
    0x40, 0x00, 0x00, 0x00, 0x00, 0x00, 0x40, 0x00, 0x40, 0x00, 0x80, 0x00,
    0x00, 0x00, 0x00, 0x00, 0x00, 0x00, 0x00, 0x00, 0xe0, 0x07, 0x00, 0x00,
    0xe0, 0x00, 0x10, 0x01, 0x10, 0x01, 0x00, 0x00, 0x40, 0x02, 0xf0, 0x03,
    0x48, 0x02, 0x48, 0x02, 0x00, 0x02, 0x00, 0x00, 0xe0, 0x01, 0x20, 0x01,
    0xe0, 0x01, 0x00, 0x00, 0x08, 0x00, 0xb0, 0x01, 0xe0, 0x03, 0xf0, 0x01,
    0x08, 0x00, 0x00, 0x00, 0x00, 0x00, 0x00, 0x00, 0x38, 0x0e, 0x00, 0x00,
    0x00, 0x00, 0x00, 0x00, 0xb8, 0x02, 0xa8, 0x02, 0xc8, 0x03, 0x00, 0x00,
    0x00, 0x00, 0x00, 0x00, 0x00, 0x00, 0x08, 0x00, 0x00, 0x00, 0x40, 0x00,
    0x10, 0x01, 0xe0, 0x00, 0x10, 0x01, 0x10, 0x01, 0x00, 0x00, 0xe0, 0x00,
    0x00, 0x00, 0x20, 0x00, 0x38, 0x00, 0x38, 0x00, 0x00, 0x00, 0xc0, 0x01,
    0x80, 0x00, 0x40, 0x01, 0x00, 0x00, 0x00, 0x00, 0x40, 0x00, 0x40, 0x00,
    0x40, 0x00, 0xc0, 0x00, 0x80, 0x00, 0x80, 0x00, 0x00, 0x00, 0x40, 0x00,
    0x10, 0x01, 0xe0, 0x00, 0x50, 0x00, 0xf0, 0x00, 0x00, 0x01, 0xe0, 0x00,
    0x00, 0x00, 0x00, 0x00, 0x04, 0x00, 0x04, 0x00, 0x04, 0x00, 0x04, 0x00,
    0x00, 0x00, 0x10, 0x00, 0x28, 0x00, 0x28, 0x00, 0x00, 0x00, 0x00, 0x00,
    0x40, 0x02, 0xe0, 0x03, 0x40, 0x02, 0x40, 0x02, 0x20, 0x00, 0x34, 0x00,
    0x28, 0x00, 0x40, 0x00, 0x58, 0x00, 0x38, 0x00, 0x00, 0x00, 0x08, 0x00,
    0x00, 0x00, 0x00, 0x00, 0xe0, 0x0f, 0x00, 0x02, 0x00, 0x02, 0xe0, 0x03,
    0x00, 0x00, 0x00, 0x00, 0xf8, 0x00, 0xf8, 0x00, 0xf8, 0x07, 0xf8, 0x07,
    0x00, 0x00, 0x00, 0x00, 0x40, 0x00, 0x00, 0x08, 0x00, 0x04, 0x00, 0x00,
    0x0c, 0x00, 0x00, 0x00, 0x30, 0x00, 0x48, 0x00, 0x38, 0x00, 0x00, 0x00,
    0x00, 0x00, 0xc0, 0x01, 0x00, 0x00, 0xc0, 0x01, 0x00, 0x00, 0x00, 0x00,
    0x78, 0x02, 0x00, 0x01, 0x40, 0x00, 0x90, 0x01, 0xc8, 0x01, 0x00, 0x01,
    0x00, 0x00, 0x78, 0x02, 0x80, 0x01, 0x60, 0x00, 0x10, 0x02, 0x40, 0x03,
    0x80, 0x02, 0x80, 0x00, 0xa8, 0x00, 0x50, 0x03, 0x80, 0x00, 0x20, 0x01,
    0xc8, 0x01, 0xc0, 0x03, 0x00, 0x00, 0x00, 0x06, 0x00, 0x09, 0xa0, 0x08,
    0x00, 0x08, 0x00, 0x02, 0xc0, 0x00, 0x9a, 0x00, 0xb8, 0x00, 0xc0, 0x01,
    0x00, 0x02, 0x00, 0x02, 0xc0, 0x00, 0x98, 0x00, 0xb8, 0x00, 0xc0, 0x01,
    0x00, 0x02, 0x00, 0x02, 0xc0, 0x00, 0x9a, 0x00, 0xba, 0x00, 0xc0, 0x01,
    0x00, 0x02, 0x00, 0x02, 0xc0, 0x00, 0x9c, 0x00, 0xbc, 0x00, 0xc0, 0x01,
    0x00, 0x02, 0x00, 0x02, 0xc0, 0x00, 0x98, 0x00, 0xb8, 0x00, 0xc0, 0x01,
    0x00, 0x02, 0x00, 0x02, 0xc0, 0x00, 0x9c, 0x00, 0xb8, 0x00, 0xc0, 0x01,
    0x00, 0x02, 0x00, 0x00, 0x00, 0x02, 0xc0, 0x01, 0xb0, 0x00, 0x88, 0x00,
    0xf8, 0x03, 0x48, 0x02, 0x48, 0x02, 0x00, 0x00, 0x00, 0x00, 0xf0, 0x01,
    0x08, 0x02, 0x08, 0x0e, 0x08, 0x02, 0x00, 0x00, 0x00, 0x00, 0xf8, 0x03,
    0x4a, 0x02, 0x48, 0x02, 0x00, 0x00, 0x00, 0x00, 0xf8, 0x03, 0x4a, 0x02,
    0x48, 0x02, 0x00, 0x00, 0x00, 0x00, 0xfa, 0x03, 0x48, 0x02, 0x4a, 0x02,
    0x00, 0x00, 0x00, 0x00, 0xf8, 0x03, 0x48, 0x02, 0x4a, 0x02, 0x00, 0x00,
    0x08, 0x00, 0xfa, 0x03, 0x08, 0x02, 0x08, 0x00, 0xfa, 0x03, 0x08, 0x02,
    0x00, 0x00, 0x00, 0x00, 0x0a, 0x00, 0xf8, 0x03, 0x0a, 0x02, 0x00, 0x00,
    0x08, 0x00, 0xf8, 0x03, 0x0a, 0x02, 0x40, 0x00, 0xf8, 0x03, 0x48, 0x02,
    0x08, 0x02, 0x18, 0x03, 0xf0, 0x01, 0x00, 0x00, 0x00, 0x00, 0xf8, 0x03,
    0x34, 0x00, 0xe4, 0x00, 0x84, 0x01, 0xf8, 0x03, 0x00, 0x00, 0x00, 0x00,
    0xf0, 0x01, 0x08, 0x02, 0x0a, 0x02, 0x08, 0x02, 0xf0, 0x01, 0x40, 0x00,
    0x00, 0x00, 0xf0, 0x01, 0x08, 0x02, 0x0a, 0x02, 0x08, 0x02, 0xf0, 0x01,
    0x40, 0x00, 0x00, 0x00, 0xf0, 0x01, 0x0a, 0x02, 0x08, 0x02, 0x0a, 0x02,
    0xf0, 0x01, 0x40, 0x00, 0x00, 0x00, 0xf0, 0x01, 0x0c, 0x02, 0x0c, 0x02,
    0x0c, 0x02, 0xf0, 0x01, 0x40, 0x00, 0x00, 0x00, 0xf0, 0x01, 0x0a, 0x02,
    0x08, 0x02, 0x0a, 0x02, 0xf0, 0x01, 0x40, 0x00, 0x00, 0x00, 0xa0, 0x00,
    0xc0, 0x00, 0xa0, 0x00, 0x00, 0x00, 0x00, 0x00, 0xf0, 0x03, 0x88, 0x03,
    0x48, 0x02, 0x38, 0x02, 0xf8, 0x01, 0x40, 0x00, 0x00, 0x00, 0xf8, 0x01,
    0x00, 0x02, 0x02, 0x02, 0x00, 0x02, 0xf8, 0x01, 0x00, 0x00, 0x00, 0x00,
    0xf8, 0x01, 0x00, 0x02, 0x02, 0x02, 0x00, 0x02, 0xf8, 0x01, 0x00, 0x00,
    0x00, 0x00, 0xf8, 0x01, 0x02, 0x02, 0x00, 0x02, 0x02, 0x02, 0xf8, 0x01,
    0x00, 0x00, 0x00, 0x00, 0xf8, 0x01, 0x02, 0x02, 0x00, 0x02, 0x00, 0x02,
    0xf8, 0x01, 0x00, 0x00, 0x08, 0x00, 0x30, 0x00, 0xc2, 0x03, 0x70, 0x00,
    0x18, 0x00, 0x00, 0x00, 0x00, 0x00, 0xf8, 0x03, 0x20, 0x01, 0x20, 0x01,
    0xc0, 0x00, 0x00, 0x00, 0x00, 0x00, 0xf8, 0x03, 0x08, 0x00, 0x68, 0x02,
    0x90, 0x03, 0x00, 0x00, 0x00, 0x01, 0xa0, 0x03, 0xa8, 0x02, 0xe0, 0x03,
    0x00, 0x00, 0x00, 0x01, 0xa0, 0x03, 0xa8, 0x02, 0xe0, 0x03, 0x00, 0x00,
    0x00, 0x01, 0xa8, 0x03, 0xa0, 0x02, 0xe8, 0x03, 0x00, 0x00, 0x00, 0x01,
    0xb0, 0x03, 0xb0, 0x02, 0xf0, 0x03, 0x00, 0x00, 0x00, 0x01, 0xa0, 0x03,
    0xa0, 0x02, 0xe8, 0x03, 0x00, 0x00, 0x00, 0x01, 0xa0, 0x03, 0xb8, 0x02,
    0xe0, 0x03, 0x00, 0x00, 0x00, 0x01, 0xa0, 0x03, 0xa0, 0x02, 0xe0, 0x01,
    0xe0, 0x03, 0xa0, 0x02, 0xe0, 0x02, 0x00, 0x00, 0x80, 0x00, 0x60, 0x03,
    0x20, 0x0e, 0x20, 0x02, 0x00, 0x00, 0x80, 0x00, 0xe0, 0x03, 0xa8, 0x02,
    0xa0, 0x02, 0xc0, 0x00, 0x80, 0x00, 0xe0, 0x03, 0xa8, 0x02, 0xa0, 0x02,
    0xc0, 0x00, 0x80, 0x00, 0xe8, 0x03, 0xa0, 0x02, 0xa8, 0x02, 0xc0, 0x00,
    0x80, 0x00, 0xe0, 0x03, 0xa0, 0x02, 0xa8, 0x02, 0xc0, 0x00, 0x00, 0x00,
    0x00, 0x00, 0xe8, 0x03, 0x00, 0x00, 0xe8, 0x03, 0x00, 0x00, 0x00, 0x00,
    0x08, 0x00, 0xe0, 0x03, 0x08, 0x00, 0x00, 0x00, 0x08, 0x00, 0xe0, 0x03,
    0x00, 0x00, 0x80, 0x00, 0x60, 0x03, 0x28, 0x02, 0x38, 0x02, 0xe0, 0x01,
    0x00, 0x00, 0x00, 0x00, 0xe0, 0x03, 0x30, 0x00, 0x30, 0x00, 0xc0, 0x03,
    0x00, 0x00, 0x80, 0x00, 0x60, 0x03, 0x28, 0x02, 0x20, 0x02, 0xc0, 0x01,
    0x00, 0x00, 0x80, 0x00, 0x60, 0x03, 0x28, 0x02, 0x20, 0x02, 0xc0, 0x01,
    0x00, 0x00, 0x80, 0x00, 0x68, 0x03, 0x20, 0x02, 0x28, 0x02, 0xc0, 0x01,
    0x00, 0x00, 0x80, 0x00, 0x70, 0x03, 0x30, 0x02, 0x30, 0x02, 0xc0, 0x01,
    0x00, 0x00, 0x80, 0x00, 0x60, 0x03, 0x20, 0x02, 0x28, 0x02, 0xc0, 0x01,
    0x00, 0x00, 0x00, 0x00, 0x40, 0x00, 0x60, 0x01, 0x40, 0x00, 0x40, 0x00,
    0x00, 0x00, 0x60, 0x03, 0xa0, 0x02, 0x60, 0x02, 0xe0, 0x01, 0x00, 0x00,
    0x00, 0x00, 0xe0, 0x03, 0x08, 0x02, 0x00, 0x02, 0xe0, 0x03, 0x00, 0x00,
    0x00, 0x00, 0xe0, 0x03, 0x00, 0x02, 0x00, 0x02, 0xe0, 0x03, 0x00, 0x00,
    0x00, 0x00, 0xe0, 0x03, 0x00, 0x02, 0x08, 0x02, 0xe0, 0x03, 0x00, 0x00,
    0x00, 0x00, 0xe0, 0x03, 0x00, 0x02, 0x00, 0x02, 0xe0, 0x03, 0x00, 0x00,
    0x20, 0x08, 0xc0, 0x09, 0x08, 0x07, 0xc0, 0x00, 0x20, 0x00, 0x00, 0x00,
    0xf8, 0x0f, 0x20, 0x02, 0x20, 0x02, 0xc0, 0x01, 0x00, 0x00, 0x20, 0x08,
    0xc8, 0x09, 0x00, 0x07, 0xc0, 0x00, 0x20, 0x00, 0x00, 0x00, 0x00, 0x02,
    0x00, 0x00, 0x00, 0x02, 0x00, 0x00, 0x00, 0x00, 0x00, 0x00,
};
static const uint8_t michi_ui_sm_width[] = {
    0x02, 0x02, 0x04, 0x06, 0x05, 0x08, 0x07, 0x02, 0x03, 0x03, 0x05, 0x05,
    0x02, 0x03, 0x02, 0x04, 0x05, 0x05, 0x05, 0x05, 0x05, 0x05, 0x05, 0x05,
    0x05, 0x05, 0x02, 0x02, 0x05, 0x05, 0x05, 0x04, 0x08, 0x06, 0x06, 0x06,
    0x07, 0x05, 0x05, 0x07, 0x07, 0x03, 0x04, 0x06, 0x05, 0x08, 0x07, 0x07,
    0x06, 0x07, 0x06, 0x05, 0x05, 0x07, 0x06, 0x09, 0x06, 0x06, 0x05, 0x03,
    0x04, 0x03, 0x05, 0x05, 0x03, 0x05, 0x06, 0x05, 0x06, 0x05, 0x04, 0x06,
    0x06, 0x02, 0x03, 0x05, 0x02, 0x09, 0x06, 0x06, 0x06, 0x06, 0x04, 0x04,
    0x04, 0x06, 0x05, 0x08, 0x05, 0x05, 0x04, 0x04, 0x05, 0x04, 0x05, 0x02,
    0x02, 0x05, 0x05, 0x05, 0x06, 0x05, 0x05, 0x05, 0x08, 0x03, 0x05, 0x05,
    0x03, 0x08, 0x06, 0x04, 0x05, 0x03, 0x03, 0x03, 0x06, 0x06, 0x02, 0x02,
    0x03, 0x04, 0x05, 0x07, 0x07, 0x08, 0x04, 0x06, 0x06, 0x06, 0x06, 0x06,
    0x06, 0x09, 0x06, 0x05, 0x05, 0x05, 0x05, 0x03, 0x04, 0x05, 0x03, 0x07,
    0x07, 0x07, 0x07, 0x07, 0x07, 0x07, 0x05, 0x07, 0x07, 0x07, 0x07, 0x07,
    0x06, 0x06, 0x06, 0x05, 0x05, 0x05, 0x05, 0x05, 0x05, 0x08, 0x05, 0x05,
    0x05, 0x05, 0x05, 0x03, 0x03, 0x04, 0x04, 0x06, 0x06, 0x06, 0x06, 0x06,
    0x06, 0x06, 0x05, 0x06, 0x06, 0x06, 0x06, 0x06, 0x05, 0x06, 0x05, 0x07,
};
static const uint8_t michi_ui_sm_advance[] = {
    0x02, 0x02, 0x04, 0x06, 0x05, 0x08, 0x07, 0x02, 0x03, 0x03, 0x05, 0x05,
    0x02, 0x03, 0x02, 0x03, 0x05, 0x05, 0x05, 0x05, 0x05, 0x05, 0x05, 0x05,
    0x05, 0x05, 0x02, 0x02, 0x05, 0x05, 0x05, 0x04, 0x08, 0x06, 0x06, 0x06,
    0x07, 0x05, 0x05, 0x07, 0x07, 0x03, 0x03, 0x06, 0x05, 0x08, 0x07, 0x07,
    0x06, 0x07, 0x06, 0x05, 0x05, 0x07, 0x06, 0x08, 0x05, 0x05, 0x05, 0x03,
    0x03, 0x03, 0x05, 0x04, 0x03, 0x05, 0x06, 0x04, 0x06, 0x05, 0x03, 0x06,
    0x06, 0x02, 0x02, 0x05, 0x02, 0x09, 0x06, 0x05, 0x06, 0x06, 0x04, 0x04,
    0x03, 0x06, 0x05, 0x07, 0x05, 0x05, 0x04, 0x03, 0x05, 0x03, 0x05, 0x02,
    0x02, 0x05, 0x05, 0x05, 0x05, 0x05, 0x05, 0x05, 0x07, 0x03, 0x05, 0x05,
    0x03, 0x07, 0x05, 0x04, 0x05, 0x03, 0x03, 0x03, 0x06, 0x06, 0x02, 0x02,
    0x03, 0x03, 0x05, 0x07, 0x07, 0x07, 0x04, 0x06, 0x06, 0x06, 0x06, 0x06,
    0x06, 0x08, 0x06, 0x05, 0x05, 0x05, 0x05, 0x03, 0x03, 0x03, 0x03, 0x07,
    0x07, 0x07, 0x07, 0x07, 0x07, 0x07, 0x05, 0x07, 0x07, 0x07, 0x07, 0x07,
    0x05, 0x06, 0x06, 0x05, 0x05, 0x05, 0x05, 0x05, 0x05, 0x08, 0x04, 0x05,
    0x05, 0x05, 0x05, 0x02, 0x02, 0x02, 0x02, 0x05, 0x06, 0x05, 0x05, 0x05,
    0x05, 0x05, 0x05, 0x05, 0x06, 0x06, 0x06, 0x06, 0x05, 0x06, 0x05, 0x07,
};
static const uint16_t michi_ui_sm_offset[] = {
    0, 4, 8, 16, 28, 38, 54, 68, 72, 78, 84, 94,
    104, 108, 114, 118, 126, 136, 146, 156, 166, 176, 186, 196,
    206, 216, 226, 230, 234, 244, 254, 264, 272, 288, 300, 312,
    324, 338, 348, 358, 372, 386, 392, 400, 412, 422, 438, 452,
    466, 478, 492, 504, 514, 524, 538, 550, 568, 580, 592, 602,
    608, 616, 622, 632, 642, 648, 658, 670, 680, 692, 702, 710,
    722, 734, 738, 744, 754, 758, 776, 788, 800, 812, 824, 832,
    840, 848, 860, 870, 886, 896, 906, 914, 922, 932, 940, 950,
    954, 958, 968, 978, 988, 1000, 1010, 1020, 1030, 1046, 1052, 1062,
    1072, 1078, 1094, 1106, 1114, 1124, 1130, 1136, 1142, 1154, 1166, 1170,
    1174, 1180, 1188, 1198, 1212, 1226, 1242, 1250, 1262, 1274, 1286, 1298,
    1310, 1322, 1340, 1352, 1362, 1372, 1382, 1392, 1398, 1406, 1416, 1422,
    1436, 1450, 1464, 1478, 1492, 1506, 1520, 1530, 1544, 1558, 1572, 1586,
    1600, 1612, 1624, 1636, 1646, 1656, 1666, 1676, 1686, 1696, 1712, 1722,
    1732, 1742, 1752, 1762, 1768, 1774, 1782, 1790, 1802, 1814, 1826, 1838,
    1850, 1862, 1874, 1884, 1896, 1908, 1920, 1932, 1944, 1954, 1966, 1976,
    1990,
};
#define MICHI_UI_SM_HEIGHT       13
#define MICHI_UI_SM_BASELINE     10
#define MICHI_UI_SM_LINE_HEIGHT  16
#define MICHI_UI_SM_RASTER_BITS  1
#define MICHI_UI_SM_BYTES_PER_COL 2

/* michi_ui_sm: height=13 baseline=10 line_height=16 bytes_per_col=2 raster=1-bit */
static const uint8_t michi_ui_md_bitmap[] = {
    0x00, 0x00, 0x00, 0x00, 0x00, 0x00, 0x00, 0x00, 0x00, 0x00, 0x00, 0x00,
    0xf0, 0x1b, 0x00, 0x00, 0x00, 0x00, 0x00, 0x00, 0x00, 0x70, 0x00, 0x00,
    0x00, 0x00, 0x00, 0x70, 0x00, 0x00, 0x00, 0x00, 0x00, 0x00, 0x02, 0x00,
    0x40, 0x12, 0x00, 0xc0, 0x07, 0x00, 0x50, 0x02, 0x00, 0x40, 0x1e, 0x00,
    0xf0, 0x02, 0x00, 0x40, 0x02, 0x00, 0x00, 0x00, 0x00, 0x00, 0x00, 0x00,
    0xe0, 0x08, 0x00, 0x90, 0x08, 0x00, 0xf8, 0x1f, 0x00, 0x10, 0x09, 0x00,
    0x00, 0x07, 0x00, 0x00, 0x00, 0x00, 0x00, 0x00, 0x00, 0x30, 0x03, 0x00,
    0x10, 0x12, 0x00, 0xe0, 0x0d, 0x00, 0x00, 0x02, 0x00, 0x80, 0x00, 0x00,
    0x60, 0x0f, 0x00, 0x90, 0x10, 0x00, 0x80, 0x1f, 0x00, 0x00, 0x00, 0x00,
    0x00, 0x00, 0x00, 0x20, 0x0f, 0x00, 0xf0, 0x11, 0x00, 0x90, 0x11, 0x00,
    0x50, 0x13, 0x00, 0x20, 0x0e, 0x00, 0x00, 0x0c, 0x00, 0x00, 0x13, 0x00,
    0x00, 0x00, 0x00, 0x00, 0x00, 0x00, 0x70, 0x00, 0x00, 0x00, 0x00, 0x00,
    0x00, 0x00, 0x00, 0xe0, 0x3f, 0x00, 0x10, 0x40, 0x00, 0x00, 0x00, 0x00,
    0x00, 0x00, 0x00, 0x30, 0x60, 0x00, 0xc0, 0x1f, 0x00, 0x00, 0x00, 0x00,
    0x00, 0x00, 0x00, 0x20, 0x00, 0x00, 0xe0, 0x00, 0x00, 0x78, 0x00, 0x00,
    0xa0, 0x01, 0x00, 0x20, 0x00, 0x00, 0x00, 0x00, 0x00, 0x00, 0x00, 0x00,
    0x00, 0x01, 0x00, 0x00, 0x01, 0x00, 0xc0, 0x0f, 0x00, 0x00, 0x01, 0x00,
    0x00, 0x01, 0x00, 0x00, 0x00, 0x00, 0x00, 0x00, 0x00, 0x00, 0x30, 0x00,
    0x00, 0x00, 0x00, 0x00, 0x00, 0x00, 0x00, 0x02, 0x00, 0x00, 0x02, 0x00,
    0x00, 0x00, 0x00, 0x00, 0x00, 0x00, 0x00, 0x18, 0x00, 0x00, 0x00, 0x00,
    0x00, 0x10, 0x00, 0x00, 0x0e, 0x00, 0xc0, 0x01, 0x00, 0x30, 0x00, 0x00,
    0x00, 0x00, 0x00, 0x00, 0x00, 0x00, 0xe0, 0x0f, 0x00, 0x10, 0x10, 0x00,
    0x10, 0x10, 0x00, 0x30, 0x18, 0x00, 0xe0, 0x0f, 0x00, 0x00, 0x00, 0x00,
    0x00, 0x00, 0x00, 0x00, 0x00, 0x00, 0x20, 0x00, 0x00, 0xf0, 0x1f, 0x00,
    0x00, 0x00, 0x00, 0x00, 0x00, 0x00, 0x00, 0x00, 0x00, 0x00, 0x00, 0x00,
    0x20, 0x18, 0x00, 0x10, 0x14, 0x00, 0x10, 0x12, 0x00, 0x30, 0x11, 0x00,
    0xe0, 0x10, 0x00, 0x00, 0x00, 0x00, 0x00, 0x00, 0x00, 0x10, 0x10, 0x00,
    0x10, 0x11, 0x00, 0x10, 0x11, 0x00, 0x90, 0x11, 0x00, 0xe0, 0x0e, 0x00,
    0x00, 0x00, 0x00, 0x00, 0x04, 0x00, 0x00, 0x07, 0x00, 0x80, 0x04, 0x00,
    0x60, 0x04, 0x00, 0xf0, 0x1f, 0x00, 0x00, 0x04, 0x00, 0x00, 0x04, 0x00,
    0x00, 0x00, 0x00, 0xf0, 0x10, 0x00, 0x90, 0x10, 0x00, 0x90, 0x10, 0x00,
    0x90, 0x19, 0x00, 0x10, 0x0f, 0x00, 0x00, 0x00, 0x00, 0x00, 0x00, 0x00,
    0xc0, 0x0f, 0x00, 0xa0, 0x10, 0x00, 0x90, 0x10, 0x00, 0x90, 0x10, 0x00,
    0x10, 0x0f, 0x00, 0x00, 0x00, 0x00, 0x00, 0x00, 0x00, 0x10, 0x00, 0x00,
    0x10, 0x18, 0x00, 0x10, 0x06, 0x00, 0xd0, 0x01, 0x00, 0x70, 0x00, 0x00,
    0x00, 0x00, 0x00, 0x00, 0x00, 0x00, 0xe0, 0x0e, 0x00, 0x90, 0x11, 0x00,
    0x10, 0x11, 0x00, 0x90, 0x11, 0x00, 0x60, 0x0e, 0x00, 0x00, 0x00, 0x00,
    0x00, 0x00, 0x00, 0xe0, 0x11, 0x00, 0x10, 0x12, 0x00, 0x10, 0x12, 0x00,
    0x30, 0x08, 0x00, 0xe0, 0x07, 0x00, 0x00, 0x00, 0x00, 0x00, 0x00, 0x00,
    0xc0, 0x18, 0x00, 0x00, 0x00, 0x00, 0x00, 0x40, 0x00, 0xc0, 0x30, 0x00,
    0x00, 0x00, 0x00, 0x00, 0x00, 0x00, 0x00, 0x03, 0x00, 0x00, 0x02, 0x00,
    0x80, 0x00, 0x00, 0x00, 0x04, 0x00, 0x40, 0x04, 0x00, 0x00, 0x00, 0x00,
    0x00, 0x00, 0x00, 0x40, 0x02, 0x00, 0x40, 0x02, 0x00, 0x40, 0x02, 0x00,
    0x40, 0x02, 0x00, 0x40, 0x02, 0x00, 0x00, 0x00, 0x00, 0x00, 0x00, 0x00,
    0x40, 0x04, 0x00, 0x80, 0x04, 0x00, 0x80, 0x02, 0x00, 0x00, 0x03, 0x00,
    0x00, 0x01, 0x00, 0x00, 0x00, 0x00, 0x00, 0x00, 0x00, 0x10, 0x00, 0x00,
    0x10, 0x1b, 0x00, 0x90, 0x00, 0x00, 0x60, 0x00, 0x00, 0x00, 0x00, 0x00,
    0xc0, 0x0f, 0x00, 0x20, 0x10, 0x00, 0xa0, 0x23, 0x00, 0x50, 0x24, 0x00,
    0x50, 0x24, 0x00, 0x50, 0x23, 0x00, 0x10, 0x04, 0x00, 0x20, 0x04, 0x00,
    0xc0, 0x03, 0x00, 0x00, 0x00, 0x00, 0x00, 0x10, 0x00, 0x00, 0x0e, 0x00,
    0xc0, 0x03, 0x00, 0x30, 0x02, 0x00, 0x60, 0x02, 0x00, 0x80, 0x03, 0x00,
    0x00, 0x1c, 0x00, 0x00, 0x00, 0x00, 0x00, 0x00, 0x00, 0xf0, 0x1f, 0x00,
    0x10, 0x11, 0x00, 0x10, 0x11, 0x00, 0x10, 0x11, 0x00, 0xb0, 0x11, 0x00,
    0xe0, 0x0e, 0x00, 0x00, 0x00, 0x00, 0x00, 0x00, 0x00, 0xc0, 0x07, 0x00,
    0x20, 0x08, 0x00, 0x10, 0x10, 0x00, 0x10, 0x10, 0x00, 0x10, 0x10, 0x00,
    0x10, 0x10, 0x00, 0x00, 0x00, 0x00, 0x00, 0x00, 0x00, 0xf0, 0x1f, 0x00,
    0x10, 0x10, 0x00, 0x10, 0x10, 0x00, 0x10, 0x10, 0x00, 0x10, 0x18, 0x00,
    0x60, 0x0c, 0x00, 0xc0, 0x07, 0x00, 0x00, 0x00, 0x00, 0x00, 0x00, 0x00,
    0xf0, 0x1f, 0x00, 0x10, 0x11, 0x00, 0x10, 0x11, 0x00, 0x10, 0x11, 0x00,
    0x10, 0x11, 0x00, 0x00, 0x00, 0x00, 0x00, 0x00, 0x00, 0xf0, 0x1f, 0x00,
    0x10, 0x01, 0x00, 0x10, 0x01, 0x00, 0x10, 0x01, 0x00, 0x10, 0x01, 0x00,
    0x00, 0x00, 0x00, 0xc0, 0x07, 0x00, 0x20, 0x08, 0x00, 0x10, 0x10, 0x00,
    0x10, 0x10, 0x00, 0x10, 0x11, 0x00, 0x10, 0x11, 0x00, 0x00, 0x1f, 0x00,
    0x00, 0x00, 0x00, 0x00, 0x00, 0x00, 0xf0, 0x1f, 0x00, 0x00, 0x01, 0x00,
    0x00, 0x01, 0x00, 0x00, 0x01, 0x00, 0x00, 0x01, 0x00, 0x00, 0x01, 0x00,
    0xf0, 0x1f, 0x00, 0x00, 0x00, 0x00, 0x00, 0x00, 0x00, 0xf0, 0x1f, 0x00,
    0xf0, 0x1f, 0x00, 0x00, 0x00, 0x00, 0x00, 0x00, 0x00, 0x00, 0x80, 0x00,
    0xf0, 0x7f, 0x00, 0x00, 0x00, 0x00, 0x00, 0x00, 0x00, 0xf0, 0x1f, 0x00,
    0x00, 0x01, 0x00, 0x80, 0x01, 0x00, 0x40, 0x06, 0x00, 0x20, 0x0c, 0x00,
    0x10, 0x10, 0x00, 0x00, 0x00, 0x00, 0x00, 0x00, 0x00, 0xf0, 0x1f, 0x00,
    0x00, 0x10, 0x00, 0x00, 0x10, 0x00, 0x00, 0x10, 0x00, 0x00, 0x10, 0x00,
    0x00, 0x00, 0x00, 0xf0, 0x1f, 0x00, 0x70, 0x00, 0x00, 0xc0, 0x01, 0x00,
    0x00, 0x0e, 0x00, 0x00, 0x18, 0x00, 0x00, 0x06, 0x00, 0xc0, 0x00, 0x00,
    0x70, 0x00, 0x00, 0xf0, 0x1f, 0x00, 0x00, 0x00, 0x00, 0x00, 0x00, 0x00,
    0xf0, 0x1f, 0x00, 0x30, 0x00, 0x00, 0xc0, 0x00, 0x00, 0x80, 0x01, 0x00,
    0x00, 0x06, 0x00, 0x00, 0x1c, 0x00, 0xf0, 0x1f, 0x00, 0x00, 0x00, 0x00,
    0x00, 0x00, 0x00, 0xc0, 0x07, 0x00, 0x20, 0x08, 0x00, 0x10, 0x10, 0x00,
    0x10, 0x10, 0x00, 0x10, 0x10, 0x00, 0x30, 0x18, 0x00, 0xe0, 0x0f, 0x00,
    0x80, 0x03, 0x00, 0x00, 0x00, 0x00, 0xf0, 0x1f, 0x00, 0x10, 0x01, 0x00,
    0x10, 0x01, 0x00, 0x10, 0x01, 0x00, 0xf0, 0x00, 0x00, 0x40, 0x00, 0x00,
    0x00, 0x00, 0x00, 0xc0, 0x07, 0x00, 0x20, 0x08, 0x00, 0x10, 0x10, 0x00,
    0x10, 0x10, 0x00, 0x10, 0x30, 0x00, 0x30, 0x78, 0x00, 0xe0, 0x4f, 0x00,
    0x80, 0x03, 0x00, 0x00, 0x00, 0x00, 0xf0, 0x1f, 0x00, 0x10, 0x01, 0x00,
    0x10, 0x01, 0x00, 0x10, 0x03, 0x00, 0xf0, 0x0c, 0x00, 0x40, 0x10, 0x00,
    0x00, 0x00, 0x00, 0x00, 0x00, 0x00, 0xe0, 0x10, 0x00, 0x90, 0x11, 0x00,
    0x10, 0x11, 0x00, 0x10, 0x13, 0x00, 0x00, 0x0e, 0x00, 0x00, 0x00, 0x00,
    0x10, 0x00, 0x00, 0x10, 0x00, 0x00, 0x10, 0x00, 0x00, 0xf0, 0x1f, 0x00,
    0x10, 0x00, 0x00, 0x10, 0x00, 0x00, 0x10, 0x00, 0x00, 0x00, 0x00, 0x00,
    0xf0, 0x07, 0x00, 0x00, 0x08, 0x00, 0x00, 0x10, 0x00, 0x00, 0x10, 0x00,
    0x00, 0x10, 0x00, 0x00, 0x0c, 0x00, 0xf0, 0x07, 0x00, 0x00, 0x00, 0x00,
    0x10, 0x00, 0x00, 0xe0, 0x00, 0x00, 0x00, 0x07, 0x00, 0x00, 0x18, 0x00,
    0x00, 0x0e, 0x00, 0xc0, 0x01, 0x00, 0x30, 0x00, 0x00, 0x00, 0x00, 0x00,
    0x10, 0x00, 0x00, 0xe0, 0x01, 0x00, 0x00, 0x1e, 0x00, 0x00, 0x1e, 0x00,
    0xc0, 0x01, 0x00, 0x30, 0x00, 0x00, 0xe0, 0x01, 0x00, 0x00, 0x1e, 0x00,
    0x00, 0x1c, 0x00, 0xc0, 0x03, 0x00, 0x30, 0x00, 0x00, 0x00, 0x10, 0x00,
    0x30, 0x08, 0x00, 0xc0, 0x06, 0x00, 0x80, 0x03, 0x00, 0xc0, 0x06, 0x00,
    0x30, 0x18, 0x00, 0x00, 0x10, 0x00, 0x10, 0x00, 0x00, 0x60, 0x00, 0x00,
    0x80, 0x01, 0x00, 0x00, 0x1f, 0x00, 0xc0, 0x00, 0x00, 0x30, 0x00, 0x00,
    0x10, 0x00, 0x00, 0x00, 0x10, 0x00, 0x10, 0x18, 0x00, 0x10, 0x16, 0x00,
    0x90, 0x11, 0x00, 0xd0, 0x10, 0x00, 0x30, 0x10, 0x00, 0x00, 0x00, 0x00,
    0x00, 0x00, 0x00, 0xf0, 0x7f, 0x00, 0x10, 0x40, 0x00, 0x10, 0x40, 0x00,
    0x10, 0x00, 0x00, 0xe0, 0x00, 0x00, 0x00, 0x07, 0x00, 0x00, 0x18, 0x00,
    0x00, 0x00, 0x00, 0x10, 0x40, 0x00, 0x10, 0x40, 0x00, 0xf0, 0x7f, 0x00,
    0x00, 0x00, 0x00, 0x00, 0x00, 0x00, 0x00, 0x03, 0x00, 0x60, 0x00, 0x00,
    0x30, 0x00, 0x00, 0xc0, 0x00, 0x00, 0x00, 0x03, 0x00, 0x00, 0x00, 0x00,
    0x00, 0x00, 0x00, 0x00, 0x40, 0x00, 0x00, 0x40, 0x00, 0x00, 0x40, 0x00,
    0x00, 0x40, 0x00, 0x00, 0x40, 0x00, 0x00, 0x00, 0x00, 0x00, 0x00, 0x00,
    0x08, 0x00, 0x00, 0x10, 0x00, 0x00, 0x00, 0x00, 0x00, 0x00, 0x1c, 0x00,
    0x40, 0x12, 0x00, 0x40, 0x12, 0x00, 0xc0, 0x0a, 0x00, 0x80, 0x1f, 0x00,
    0x00, 0x00, 0x00, 0x00, 0x00, 0x00, 0xf8, 0x1f, 0x00, 0x80, 0x08, 0x00,
    0x40, 0x10, 0x00, 0x40, 0x10, 0x00, 0x80, 0x08, 0x00, 0x00, 0x07, 0x00,
    0x00, 0x00, 0x00, 0x80, 0x0f, 0x00, 0x40, 0x10, 0x00, 0x40, 0x10, 0x00,
    0x40, 0x10, 0x00, 0x00, 0x00, 0x00, 0x00, 0x00, 0x00, 0x80, 0x0f, 0x00,
    0x40, 0x10, 0x00, 0x40, 0x10, 0x00, 0x40, 0x10, 0x00, 0xf8, 0x1f, 0x00,
    0x00, 0x00, 0x00, 0x00, 0x00, 0x00, 0x80, 0x0f, 0x00, 0x40, 0x12, 0x00,
    0x40, 0x12, 0x00, 0x40, 0x12, 0x00, 0x80, 0x13, 0x00, 0x00, 0x00, 0x00,
    0x40, 0x00, 0x00, 0xf0, 0x1f, 0x00, 0x58, 0x00, 0x00, 0x48, 0x00, 0x00,
    0x00, 0x00, 0x00, 0x00, 0x00, 0x00, 0x80, 0x8f, 0x00, 0x40, 0x90, 0x00,
    0x40, 0x90, 0x00, 0x40, 0x90, 0x00, 0xc0, 0x7f, 0x00, 0x00, 0x00, 0x00,
    0x00, 0x00, 0x00, 0xf8, 0x1f, 0x00, 0x80, 0x00, 0x00, 0x40, 0x00, 0x00,
    0x40, 0x00, 0x00, 0xc0, 0x1f, 0x00, 0x00, 0x00, 0x00, 0x00, 0x00, 0x00,
    0xc8, 0x1f, 0x00, 0x00, 0x00, 0x00, 0x00, 0x00, 0x00, 0x00, 0x80, 0x00,
    0xc8, 0x7f, 0x00, 0x00, 0x00, 0x00, 0x00, 0x00, 0x00, 0xf8, 0x1f, 0x00,
    0x00, 0x02, 0x00, 0x00, 0x07, 0x00, 0xc0, 0x0c, 0x00, 0x40, 0x10, 0x00,
    0x00, 0x00, 0x00, 0x00, 0x00, 0x00, 0xf8, 0x1f, 0x00, 0x00, 0x00, 0x00,
    0x00, 0x00, 0x00, 0xc0, 0x1f, 0x00, 0x80, 0x00, 0x00, 0x40, 0x00, 0x00,
    0x40, 0x00, 0x00, 0x80, 0x1f, 0x00, 0x80, 0x00, 0x00, 0x40, 0x00, 0x00,
    0x40, 0x00, 0x00, 0x80, 0x1f, 0x00, 0x00, 0x00, 0x00, 0x00, 0x00, 0x00,
    0xc0, 0x1f, 0x00, 0x80, 0x00, 0x00, 0x40, 0x00, 0x00, 0x40, 0x00, 0x00,
    0xc0, 0x1f, 0x00, 0x00, 0x00, 0x00, 0x00, 0x00, 0x00, 0x80, 0x0f, 0x00,
    0x40, 0x10, 0x00, 0x40, 0x10, 0x00, 0x40, 0x10, 0x00, 0x80, 0x0f, 0x00,
    0x00, 0x02, 0x00, 0x00, 0x00, 0x00, 0xc0, 0xff, 0x00, 0x80, 0x08, 0x00,
    0x40, 0x10, 0x00, 0x40, 0x10, 0x00, 0x80, 0x0d, 0x00, 0x00, 0x07, 0x00,
    0x00, 0x00, 0x00, 0x80, 0x0f, 0x00, 0x40, 0x10, 0x00, 0x40, 0x10, 0x00,
    0x40, 0x10, 0x00, 0xc0, 0xff, 0x00, 0x00, 0x00, 0x00, 0x00, 0x00, 0x00,
    0xc0, 0x1f, 0x00, 0x80, 0x00, 0x00, 0x40, 0x00, 0x00, 0x40, 0x00, 0x00,
    0x00, 0x00, 0x00, 0xc0, 0x11, 0x00, 0x40, 0x12, 0x00, 0x40, 0x12, 0x00,
    0x40, 0x0c, 0x00, 0x00, 0x00, 0x00, 0x40, 0x00, 0x00, 0xe0, 0x0f, 0x00,
    0x40, 0x10, 0x00, 0x40, 0x10, 0x00, 0x00, 0x00, 0x00, 0x00, 0x00, 0x00,
    0xc0, 0x0f, 0x00, 0x00, 0x10, 0x00, 0x00, 0x10, 0x00, 0x00, 0x10, 0x00,
    0xc0, 0x1f, 0x00, 0x00, 0x00, 0x00, 0x40, 0x00, 0x00, 0x80, 0x03, 0x00,
    0x00, 0x1c, 0x00, 0x00, 0x1c, 0x00, 0x80, 0x07, 0x00, 0xc0, 0x00, 0x00,
    0x00, 0x00, 0x00, 0x40, 0x00, 0x00, 0x80, 0x07, 0x00, 0x00, 0x18, 0x00,
    0x00, 0x0f, 0x00, 0xc0, 0x00, 0x00, 0x80, 0x03, 0x00, 0x00, 0x1c, 0x00,
    0x00, 0x1e, 0x00, 0xc0, 0x01, 0x00, 0x00, 0x00, 0x00, 0x00, 0x00, 0x00,
    0xc0, 0x18, 0x00, 0x00, 0x07, 0x00, 0x00, 0x07, 0x00, 0x80, 0x08, 0x00,
    0x40, 0x10, 0x00, 0x00, 0x00, 0x00, 0x40, 0x80, 0x00, 0x80, 0x83, 0x00,
    0x00, 0x7c, 0x00, 0x00, 0x18, 0x00, 0x80, 0x07, 0x00, 0xc0, 0x00, 0x00,
    0x00, 0x00, 0x00, 0x00, 0x10, 0x00, 0x40, 0x18, 0x00, 0x40, 0x16, 0x00,
    0x40, 0x11, 0x00, 0xc0, 0x10, 0x00, 0x00, 0x00, 0x00, 0x00, 0x02, 0x00,
    0x00, 0x02, 0x00, 0xe0, 0x3d, 0x00, 0x10, 0x40, 0x00, 0x00, 0x00, 0x00,
    0x00, 0x00, 0x00, 0x00, 0x00, 0x00, 0x00, 0x00, 0x00, 0xf8, 0xff, 0x00,
    0x00, 0x00, 0x00, 0x00, 0x00, 0x00, 0x00, 0x00, 0x00, 0x10, 0x40, 0x00,
    0x10, 0x60, 0x00, 0xe0, 0x3d, 0x00, 0x00, 0x02, 0x00, 0x00, 0x00, 0x00,
    0x00, 0x00, 0x00, 0x80, 0x00, 0x00, 0x80, 0x00, 0x00, 0x80, 0x01, 0x00,
    0x00, 0x01, 0x00, 0x00, 0x01, 0x00, 0x00, 0x00, 0x00, 0x00, 0x00, 0x00,
    0x00, 0x00, 0x00, 0x00, 0x00, 0x00, 0x00, 0x00, 0x00, 0xc0, 0xfe, 0x00,
    0x00, 0x00, 0x00, 0x00, 0x00, 0x00, 0xc0, 0x07, 0x00, 0x60, 0x0c, 0x00,
    0x30, 0x18, 0x00, 0x20, 0x08, 0x00, 0x20, 0x08, 0x00, 0x00, 0x00, 0x00,
    0x00, 0x11, 0x00, 0x00, 0x19, 0x00, 0xf0, 0x17, 0x00, 0x10, 0x11, 0x00,
    0x10, 0x11, 0x00, 0x10, 0x10, 0x00, 0x00, 0x00, 0x00, 0x00, 0x00, 0x00,
    0xc0, 0x07, 0x00, 0x40, 0x04, 0x00, 0x40, 0x04, 0x00, 0x40, 0x04, 0x00,
    0xc0, 0x07, 0x00, 0x00, 0x00, 0x00, 0x10, 0x00, 0x00, 0x70, 0x06, 0x00,
    0xc0, 0x07, 0x00, 0x00, 0x1f, 0x00, 0xc0, 0x07, 0x00, 0x30, 0x06, 0x00,
    0x00, 0x00, 0x00, 0x00, 0x00, 0x00, 0x00, 0x00, 0x00, 0x00, 0x00, 0x00,
    0xf8, 0xf8, 0x00, 0x00, 0x00, 0x00, 0x00, 0x00, 0x00, 0x00, 0x00, 0x00,
    0x00, 0x00, 0x00, 0xf0, 0x11, 0x00, 0x68, 0x12, 0x00, 0x48, 0x12, 0x00,
    0x88, 0x1f, 0x00, 0x00, 0x00, 0x00, 0x00, 0x00, 0x00, 0x00, 0x00, 0x00,
    0x10, 0x00, 0x00, 0x00, 0x00, 0x00, 0x10, 0x00, 0x00, 0x00, 0x00, 0x00,
    0x00, 0x00, 0x00, 0x00, 0x00, 0x00, 0x60, 0x06, 0x00, 0x10, 0x08, 0x00,
    0xc8, 0x13, 0x00, 0x28, 0x14, 0x00, 0x28, 0x14, 0x00, 0x08, 0x10, 0x00,
    0x10, 0x08, 0x00, 0x60, 0x06, 0x00, 0x00, 0x00, 0x00, 0x40, 0x00, 0x00,
    0xb0, 0x00, 0x00, 0xb0, 0x00, 0x00, 0xe0, 0x00, 0x00, 0x00, 0x00, 0x00,
    0x00, 0x06, 0x00, 0x00, 0x09, 0x00, 0x00, 0x06, 0x00, 0x00, 0x0d, 0x00,
    0x00, 0x00, 0x00, 0x00, 0x00, 0x00, 0x00, 0x01, 0x00, 0x00, 0x01, 0x00,
    0x00, 0x01, 0x00, 0x00, 0x01, 0x00, 0x00, 0x07, 0x00, 0x00, 0x00, 0x00,
    0x00, 0x00, 0x00, 0x00, 0x02, 0x00, 0x00, 0x02, 0x00, 0x00, 0x00, 0x00,
    0x00, 0x00, 0x00, 0x60, 0x06, 0x00, 0x10, 0x08, 0x00, 0xe8, 0x17, 0x00,
    0x28, 0x11, 0x00, 0x28, 0x13, 0x00, 0xc8, 0x14, 0x00, 0x10, 0x08, 0x00,
    0x60, 0x06, 0x00, 0x00, 0x00, 0x00, 0x00, 0x00, 0x00, 0x04, 0x00, 0x00,
    0x04, 0x00, 0x00, 0x04, 0x00, 0x00, 0x04, 0x00, 0x00, 0x04, 0x00, 0x00,
    0x04, 0x00, 0x00, 0x00, 0x00, 0x00, 0x00, 0x00, 0x00, 0xf0, 0x00, 0x00,
    0x90, 0x00, 0x00, 0x90, 0x00, 0x00, 0x00, 0x00, 0x00, 0x00, 0x00, 0x00,
    0x00, 0x11, 0x00, 0x00, 0x11, 0x00, 0xe0, 0x17, 0x00, 0x00, 0x11, 0x00,
    0x00, 0x11, 0x00, 0x00, 0x00, 0x00, 0x80, 0x00, 0x00, 0xc4, 0x00, 0x00,
    0xa4, 0x00, 0x00, 0x88, 0x00, 0x00, 0x80, 0x00, 0x00, 0xa4, 0x00, 0x00,
    0xa4, 0x00, 0x00, 0x58, 0x00, 0x00, 0x00, 0x00, 0x00, 0x18, 0x00, 0x00,
    0x08, 0x00, 0x00, 0x00, 0x00, 0x00, 0xc0, 0xff, 0x00, 0x00, 0x10, 0x00,
    0x00, 0x10, 0x00, 0x00, 0x10, 0x00, 0xc0, 0x1f, 0x00, 0x00, 0x00, 0x00,
    0x00, 0x00, 0x00, 0xf0, 0x01, 0x00, 0xf8, 0x01, 0x00, 0xf8, 0x01, 0x00,
    0xf8, 0x3f, 0x00, 0x08, 0x00, 0x00, 0xf8, 0x3f, 0x00, 0x00, 0x00, 0x00,
    0x00, 0x00, 0x00, 0x80, 0x01, 0x00, 0x00, 0x00, 0x00, 0x00, 0x80, 0x00,
    0x00, 0xa0, 0x00, 0x00, 0x00, 0x00, 0x00, 0x00, 0x00, 0x08, 0x00, 0x00,
    0xf8, 0x00, 0x00, 0x00, 0x00, 0x00, 0x40, 0x00, 0x00, 0x10, 0x01, 0x00,
    0x10, 0x01, 0x00, 0xe0, 0x00, 0x00, 0x00, 0x00, 0x00, 0x00, 0x00, 0x00,
    0x00, 0x09, 0x00, 0x00, 0x06, 0x00, 0x00, 0x09, 0x00, 0x00, 0x07, 0x00,
    0x00, 0x00, 0x00, 0x00, 0x00, 0x00, 0x10, 0x00, 0x00, 0xf0, 0x1b, 0x00,
    0x00, 0x04, 0x00, 0x00, 0x01, 0x00, 0xc0, 0x0c, 0x00, 0x30, 0x0b, 0x00,
    0x80, 0x1f, 0x00, 0x00, 0x08, 0x00, 0x00, 0x00, 0x00, 0x10, 0x10, 0x00,
    0xf0, 0x09, 0x00, 0x00, 0x02, 0x00, 0x80, 0x01, 0x00, 0x40, 0x10, 0x00,
    0x90, 0x18, 0x00, 0x80, 0x14, 0x00, 0x00, 0x11, 0x00, 0x00, 0x02, 0x00,
    0x50, 0x02, 0x00, 0x50, 0x12, 0x00, 0xa0, 0x09, 0x00, 0x00, 0x02, 0x00,
    0x80, 0x09, 0x00, 0x60, 0x0e, 0x00, 0x90, 0x0b, 0x00, 0x80, 0x1f, 0x00,
    0x00, 0x00, 0x00, 0x00, 0x60, 0x00, 0x00, 0xd0, 0x00, 0x80, 0x88, 0x00,
    0x80, 0x81, 0x00, 0x00, 0x80, 0x00, 0x00, 0x00, 0x00, 0x00, 0x10, 0x00,
    0x00, 0x0e, 0x00, 0xc0, 0x03, 0x00, 0x36, 0x02, 0x00, 0x60, 0x02, 0x00,
    0x80, 0x03, 0x00, 0x00, 0x1c, 0x00, 0x00, 0x00, 0x00, 0x00, 0x10, 0x00,
    0x00, 0x0e, 0x00, 0xc0, 0x03, 0x00, 0x34, 0x02, 0x00, 0x62, 0x02, 0x00,
    0x80, 0x03, 0x00, 0x00, 0x1c, 0x00, 0x00, 0x00, 0x00, 0x00, 0x10, 0x00,
    0x00, 0x0e, 0x00, 0xc4, 0x03, 0x00, 0x32, 0x02, 0x00, 0x66, 0x02, 0x00,
    0x84, 0x03, 0x00, 0x00, 0x1c, 0x00, 0x00, 0x00, 0x00, 0x00, 0x10, 0x00,
    0x00, 0x0e, 0x00, 0xc2, 0x03, 0x00, 0x32, 0x02, 0x00, 0x64, 0x02, 0x00,
    0x82, 0x03, 0x00, 0x00, 0x1c, 0x00, 0x00, 0x00, 0x00, 0x00, 0x10, 0x00,
    0x00, 0x0e, 0x00, 0xc4, 0x03, 0x00, 0x30, 0x02, 0x00, 0x60, 0x02, 0x00,
    0x80, 0x03, 0x00, 0x00, 0x1c, 0x00, 0x00, 0x00, 0x00, 0x00, 0x10, 0x00,
    0x00, 0x0e, 0x00, 0xc0, 0x03, 0x00, 0x3a, 0x02, 0x00, 0x6e, 0x02, 0x00,
    0x80, 0x03, 0x00, 0x00, 0x1c, 0x00, 0x00, 0x00, 0x00, 0x00, 0x00, 0x00,
    0x00, 0x10, 0x00, 0x00, 0x0c, 0x00, 0x80, 0x03, 0x00, 0xe0, 0x02, 0x00,
    0x10, 0x02, 0x00, 0xf0, 0x1f, 0x00, 0x10, 0x11, 0x00, 0x10, 0x11, 0x00,
    0x10, 0x11, 0x00, 0x10, 0x11, 0x00, 0x00, 0x00, 0x00, 0x00, 0x00, 0x00,
    0xc0, 0x07, 0x00, 0x20, 0x08, 0x00, 0x10, 0x10, 0x00, 0x10, 0xb0, 0x00,
    0x10, 0x50, 0x00, 0x10, 0x10, 0x00, 0x00, 0x00, 0x00, 0x00, 0x00, 0x00,
    0xf0, 0x1f, 0x00, 0x12, 0x11, 0x00, 0x16, 0x11, 0x00, 0x10, 0x11, 0x00,
    0x10, 0x11, 0x00, 0x00, 0x00, 0x00, 0x00, 0x00, 0x00, 0xf0, 0x1f, 0x00,
    0x10, 0x11, 0x00, 0x14, 0x11, 0x00, 0x12, 0x11, 0x00, 0x10, 0x11, 0x00,
    0x00, 0x00, 0x00, 0x00, 0x00, 0x00, 0xf0, 0x1f, 0x00, 0x14, 0x11, 0x00,
    0x12, 0x11, 0x00, 0x16, 0x11, 0x00, 0x10, 0x11, 0x00, 0x00, 0x00, 0x00,
    0x00, 0x00, 0x00, 0xf0, 0x1f, 0x00, 0x14, 0x11, 0x00, 0x10, 0x11, 0x00,
    0x14, 0x11, 0x00, 0x10, 0x11, 0x00, 0x00, 0x00, 0x00, 0x00, 0x00, 0x00,
    0xf2, 0x1f, 0x00, 0xf4, 0x1f, 0x00, 0x00, 0x00, 0x00, 0x00, 0x00, 0x00,
    0xf0, 0x1f, 0x00, 0xf6, 0x1f, 0x00, 0x00, 0x00, 0x00, 0x04, 0x00, 0x00,
    0xf2, 0x1f, 0x00, 0xf2, 0x1f, 0x00, 0x04, 0x00, 0x00, 0x00, 0x00, 0x00,
    0x00, 0x00, 0x00, 0xf0, 0x1f, 0x00, 0xf0, 0x1f, 0x00, 0x04, 0x00, 0x00,
    0x00, 0x01, 0x00, 0xf0, 0x1f, 0x00, 0x10, 0x11, 0x00, 0x10, 0x11, 0x00,
    0x10, 0x10, 0x00, 0x10, 0x18, 0x00, 0x60, 0x0c, 0x00, 0xc0, 0x07, 0x00,
    0x00, 0x00, 0x00, 0x00, 0x00, 0x00, 0xf0, 0x1f, 0x00, 0x34, 0x00, 0x00,
    0xc2, 0x00, 0x00, 0x82, 0x01, 0x00, 0x04, 0x06, 0x00, 0x02, 0x1c, 0x00,
    0xf0, 0x1f, 0x00, 0x00, 0x00, 0x00, 0x00, 0x00, 0x00, 0xc0, 0x07, 0x00,
    0x20, 0x08, 0x00, 0x12, 0x10, 0x00, 0x16, 0x10, 0x00, 0x10, 0x10, 0x00,
    0x30, 0x18, 0x00, 0xe0, 0x0f, 0x00, 0x80, 0x03, 0x00, 0x00, 0x00, 0x00,
    0xc0, 0x07, 0x00, 0x20, 0x08, 0x00, 0x10, 0x10, 0x00, 0x14, 0x10, 0x00,
    0x12, 0x10, 0x00, 0x30, 0x18, 0x00, 0xe0, 0x0f, 0x00, 0x80, 0x03, 0x00,
    0x00, 0x00, 0x00, 0xc0, 0x07, 0x00, 0x20, 0x08, 0x00, 0x14, 0x10, 0x00,
    0x12, 0x10, 0x00, 0x16, 0x10, 0x00, 0x30, 0x18, 0x00, 0xe0, 0x0f, 0x00,
    0x80, 0x03, 0x00, 0x00, 0x00, 0x00, 0xc0, 0x07, 0x00, 0x20, 0x08, 0x00,
    0x12, 0x10, 0x00, 0x12, 0x10, 0x00, 0x14, 0x10, 0x00, 0x32, 0x18, 0x00,
    0xe0, 0x0f, 0x00, 0x80, 0x03, 0x00, 0x00, 0x00, 0x00, 0xc0, 0x07, 0x00,
    0x20, 0x08, 0x00, 0x14, 0x10, 0x00, 0x10, 0x10, 0x00, 0x14, 0x10, 0x00,
    0x30, 0x18, 0x00, 0xe0, 0x0f, 0x00, 0x80, 0x03, 0x00, 0x00, 0x00, 0x00,
    0x40, 0x04, 0x00, 0x80, 0x03, 0x00, 0x00, 0x03, 0x00, 0x80, 0x02, 0x00,
    0x40, 0x04, 0x00, 0x00, 0x00, 0x00, 0x00, 0x00, 0x00, 0xc0, 0x17, 0x00,
    0x20, 0x1c, 0x00, 0x10, 0x16, 0x00, 0x10, 0x13, 0x00, 0x90, 0x10, 0x00,
    0x70, 0x18, 0x00, 0xf0, 0x0f, 0x00, 0x80, 0x03, 0x00, 0x00, 0x00, 0x00,
    0xf0, 0x07, 0x00, 0x00, 0x08, 0x00, 0x02, 0x10, 0x00, 0x04, 0x10, 0x00,
    0x00, 0x10, 0x00, 0x00, 0x0c, 0x00, 0xf0, 0x07, 0x00, 0x00, 0x00, 0x00,
    0x00, 0x00, 0x00, 0xf0, 0x07, 0x00, 0x00, 0x08, 0x00, 0x00, 0x10, 0x00,
    0x04, 0x10, 0x00, 0x02, 0x10, 0x00, 0x00, 0x0c, 0x00, 0xf0, 0x07, 0x00,
    0x00, 0x00, 0x00, 0x00, 0x00, 0x00, 0xf0, 0x07, 0x00, 0x00, 0x08, 0x00,
    0x04, 0x10, 0x00, 0x02, 0x10, 0x00, 0x04, 0x10, 0x00, 0x00, 0x0c, 0x00,
    0xf0, 0x07, 0x00, 0x00, 0x00, 0x00, 0x00, 0x00, 0x00, 0xf0, 0x07, 0x00,
    0x00, 0x08, 0x00, 0x04, 0x10, 0x00, 0x00, 0x10, 0x00, 0x04, 0x10, 0x00,
    0x00, 0x0c, 0x00, 0xf0, 0x07, 0x00, 0x00, 0x00, 0x00, 0x10, 0x00, 0x00,
    0x60, 0x00, 0x00, 0x80, 0x01, 0x00, 0x04, 0x1f, 0x00, 0xc2, 0x00, 0x00,
    0x30, 0x00, 0x00, 0x10, 0x00, 0x00, 0x00, 0x00, 0x00, 0xf0, 0x1f, 0x00,
    0x20, 0x04, 0x00, 0x20, 0x04, 0x00, 0x20, 0x04, 0x00, 0xc0, 0x03, 0x00,
    0x80, 0x01, 0x00, 0x00, 0x00, 0x00, 0xf0, 0x1f, 0x00, 0x08, 0x00, 0x00,
    0x08, 0x10, 0x00, 0xc8, 0x11, 0x00, 0x30, 0x12, 0x00, 0x00, 0x0c, 0x00,
    0x00, 0x00, 0x00, 0x00, 0x00, 0x00, 0x00, 0x1c, 0x00, 0x48, 0x12, 0x00,
    0x50, 0x12, 0x00, 0xc0, 0x0a, 0x00, 0x80, 0x1f, 0x00, 0x00, 0x00, 0x00,
    0x00, 0x00, 0x00, 0x00, 0x1c, 0x00, 0x40, 0x12, 0x00, 0x50, 0x12, 0x00,
    0xc8, 0x0a, 0x00, 0x80, 0x1f, 0x00, 0x00, 0x00, 0x00, 0x00, 0x00, 0x00,
    0x00, 0x1c, 0x00, 0x58, 0x12, 0x00, 0x48, 0x12, 0x00, 0xd0, 0x0a, 0x00,
    0x80, 0x1f, 0x00, 0x00, 0x00, 0x00, 0x00, 0x00, 0x00, 0x10, 0x1c, 0x00,
    0x48, 0x12, 0x00, 0x50, 0x12, 0x00, 0xd0, 0x0a, 0x00, 0x80, 0x1f, 0x00,
    0x00, 0x00, 0x00, 0x00, 0x00, 0x00, 0x00, 0x1c, 0x00, 0x50, 0x12, 0x00,
    0x40, 0x12, 0x00, 0xd0, 0x0a, 0x00, 0x80, 0x1f, 0x00, 0x00, 0x00, 0x00,
    0x00, 0x00, 0x00, 0x00, 0x1c, 0x00, 0x5c, 0x12, 0x00, 0x54, 0x12, 0x00,
    0xc8, 0x0a, 0x00, 0x80, 0x1f, 0x00, 0x00, 0x00, 0x00, 0x00, 0x00, 0x00,
    0x40, 0x1e, 0x00, 0x40, 0x12, 0x00, 0x40, 0x12, 0x00, 0xc0, 0x0a, 0x00,
    0x80, 0x0f, 0x00, 0x40, 0x12, 0x00, 0x40, 0x12, 0x00, 0xc0, 0x12, 0x00,
    0x00, 0x03, 0x00, 0x00, 0x00, 0x00, 0x80, 0x0f, 0x00, 0x40, 0x90, 0x00,
    0x40, 0xb0, 0x00, 0x40, 0x50, 0x00, 0x00, 0x00, 0x00, 0x00, 0x00, 0x00,
    0x80, 0x0f, 0x00, 0x48, 0x12, 0x00, 0x50, 0x12, 0x00, 0x40, 0x12, 0x00,
    0x80, 0x13, 0x00, 0x00, 0x00, 0x00, 0x00, 0x00, 0x00, 0x80, 0x0f, 0x00,
    0x40, 0x12, 0x00, 0x50, 0x12, 0x00, 0x48, 0x12, 0x00, 0x80, 0x13, 0x00,
    0x00, 0x00, 0x00, 0x00, 0x00, 0x00, 0x80, 0x0f, 0x00, 0x50, 0x12, 0x00,
    0x48, 0x12, 0x00, 0x50, 0x12, 0x00, 0x80, 0x13, 0x00, 0x00, 0x00, 0x00,
    0x00, 0x00, 0x00, 0x80, 0x0f, 0x00, 0x50, 0x12, 0x00, 0x40, 0x12, 0x00,
    0x50, 0x12, 0x00, 0x80, 0x13, 0x00, 0x00, 0x00, 0x00, 0x00, 0x00, 0x00,
    0x08, 0x00, 0x00, 0xd8, 0x1f, 0x00, 0x00, 0x00, 0x00, 0x00, 0x00, 0x00,
    0xd0, 0x1f, 0x00, 0x08, 0x00, 0x00, 0x00, 0x00, 0x00, 0x00, 0x00, 0x00,
    0x10, 0x00, 0x00, 0xc8, 0x1f, 0x00, 0x10, 0x00, 0x00, 0x00, 0x00, 0x00,
    0x00, 0x00, 0x00, 0x10, 0x00, 0x00, 0xc0, 0x1f, 0x00, 0x10, 0x00, 0x00,
    0x00, 0x00, 0x00, 0x00, 0x00, 0x00, 0x00, 0x0f, 0x00, 0xa0, 0x10, 0x00,
    0xb0, 0x10, 0x00, 0xb0, 0x10, 0x00, 0xc0, 0x0f, 0x00, 0x00, 0x03, 0x00,
    0x00, 0x00, 0x00, 0xc0, 0x1f, 0x00, 0x88, 0x00, 0x00, 0x48, 0x00, 0x00,
    0x50, 0x00, 0x00, 0xc8, 0x1f, 0x00, 0x00, 0x00, 0x00, 0x00, 0x00, 0x00,
    0x80, 0x0f, 0x00, 0x48, 0x10, 0x00, 0x58, 0x10, 0x00, 0x40, 0x10, 0x00,
    0x80, 0x0f, 0x00, 0x00, 0x02, 0x00, 0x00, 0x00, 0x00, 0x80, 0x0f, 0x00,
    0x40, 0x10, 0x00, 0x50, 0x10, 0x00, 0x48, 0x10, 0x00, 0x80, 0x0f, 0x00,
    0x00, 0x02, 0x00, 0x00, 0x00, 0x00, 0x80, 0x0f, 0x00, 0x50, 0x10, 0x00,
    0x48, 0x10, 0x00, 0x58, 0x10, 0x00, 0x80, 0x0f, 0x00, 0x00, 0x02, 0x00,
    0x00, 0x00, 0x00, 0x80, 0x0f, 0x00, 0x48, 0x10, 0x00, 0x48, 0x10, 0x00,
    0x50, 0x10, 0x00, 0x88, 0x0f, 0x00, 0x00, 0x02, 0x00, 0x00, 0x00, 0x00,
    0x80, 0x0f, 0x00, 0x50, 0x10, 0x00, 0x40, 0x10, 0x00, 0x50, 0x10, 0x00,
    0x80, 0x0f, 0x00, 0x00, 0x02, 0x00, 0x00, 0x00, 0x00, 0x00, 0x01, 0x00,
    0x00, 0x01, 0x00, 0x60, 0x07, 0x00, 0x00, 0x01, 0x00, 0x00, 0x01, 0x00,
    0x00, 0x00, 0x00, 0x00, 0x00, 0x00, 0x80, 0x1f, 0x00, 0x40, 0x1c, 0x00,
    0x40, 0x16, 0x00, 0xc0, 0x11, 0x00, 0xc0, 0x0f, 0x00, 0x00, 0x02, 0x00,
    0x00, 0x00, 0x00, 0xc0, 0x0f, 0x00, 0x08, 0x10, 0x00, 0x18, 0x10, 0x00,
    0x00, 0x10, 0x00, 0xc0, 0x1f, 0x00, 0x00, 0x00, 0x00, 0x00, 0x00, 0x00,
    0xc0, 0x0f, 0x00, 0x00, 0x10, 0x00, 0x10, 0x10, 0x00, 0x08, 0x10, 0x00,
    0xc0, 0x1f, 0x00, 0x00, 0x00, 0x00, 0x00, 0x00, 0x00, 0xc0, 0x0f, 0x00,
    0x10, 0x10, 0x00, 0x08, 0x10, 0x00, 0x18, 0x10, 0x00, 0xc0, 0x1f, 0x00,
    0x00, 0x00, 0x00, 0x00, 0x00, 0x00, 0xc0, 0x0f, 0x00, 0x10, 0x10, 0x00,
    0x00, 0x10, 0x00, 0x10, 0x10, 0x00, 0xc0, 0x1f, 0x00, 0x00, 0x00, 0x00,
    0x40, 0x80, 0x00, 0x80, 0x83, 0x00, 0x00, 0x7c, 0x00, 0x18, 0x18, 0x00,
    0x80, 0x07, 0x00, 0xc0, 0x00, 0x00, 0x00, 0x00, 0x00, 0x00, 0x00, 0x00,
    0xf8, 0xff, 0x00, 0x80, 0x08, 0x00, 0x40, 0x10, 0x00, 0x40, 0x10, 0x00,
    0x80, 0x08, 0x00, 0x00, 0x07, 0x00, 0x40, 0x80, 0x00, 0x80, 0x83, 0x00,
    0x00, 0x7c, 0x00, 0x00, 0x18, 0x00, 0x90, 0x07, 0x00, 0xc0, 0x00, 0x00,
    0x00, 0x00, 0x00, 0x00, 0x00, 0x00, 0x00, 0x18, 0x00, 0x00, 0x00, 0x00,
    0x00, 0x00, 0x00, 0x00, 0x18, 0x00, 0x00, 0x00, 0x00, 0x00, 0x00, 0x00,
    0x00, 0x18, 0x00, 0x00, 0x00, 0x00,
};
static const uint8_t michi_ui_md_width[] = {
    0x03, 0x03, 0x05, 0x08, 0x07, 0x0a, 0x09, 0x03, 0x04, 0x04, 0x07, 0x07,
    0x03, 0x04, 0x03, 0x05, 0x07, 0x07, 0x07, 0x07, 0x07, 0x07, 0x07, 0x07,
    0x07, 0x07, 0x03, 0x03, 0x07, 0x07, 0x07, 0x05, 0x0b, 0x08, 0x08, 0x08,
    0x09, 0x07, 0x06, 0x09, 0x09, 0x04, 0x04, 0x08, 0x06, 0x0b, 0x09, 0x09,
    0x07, 0x09, 0x08, 0x07, 0x07, 0x09, 0x08, 0x0b, 0x07, 0x07, 0x07, 0x04,
    0x05, 0x04, 0x07, 0x07, 0x03, 0x07, 0x07, 0x06, 0x07, 0x07, 0x05, 0x07,
    0x07, 0x03, 0x04, 0x07, 0x03, 0x0b, 0x07, 0x07, 0x07, 0x07, 0x05, 0x06,
    0x05, 0x07, 0x07, 0x0a, 0x07, 0x07, 0x06, 0x05, 0x07, 0x05, 0x07, 0x03,
    0x03, 0x07, 0x07, 0x07, 0x07, 0x07, 0x06, 0x07, 0x0a, 0x04, 0x06, 0x07,
    0x04, 0x0a, 0x08, 0x05, 0x07, 0x04, 0x04, 0x03, 0x07, 0x08, 0x03, 0x03,
    0x04, 0x05, 0x06, 0x09, 0x09, 0x0a, 0x06, 0x08, 0x08, 0x08, 0x08, 0x08,
    0x08, 0x0c, 0x08, 0x07, 0x07, 0x07, 0x07, 0x04, 0x04, 0x05, 0x04, 0x09,
    0x09, 0x09, 0x09, 0x09, 0x09, 0x09, 0x07, 0x09, 0x09, 0x09, 0x09, 0x09,
    0x07, 0x07, 0x08, 0x07, 0x07, 0x07, 0x07, 0x07, 0x07, 0x0a, 0x06, 0x07,
    0x07, 0x07, 0x07, 0x04, 0x04, 0x05, 0x05, 0x07, 0x07, 0x07, 0x07, 0x07,
    0x07, 0x07, 0x07, 0x07, 0x07, 0x07, 0x07, 0x07, 0x07, 0x07, 0x07, 0x09,
};
static const uint8_t michi_ui_md_advance[] = {
    0x03, 0x03, 0x05, 0x08, 0x07, 0x0a, 0x09, 0x03, 0x04, 0x04, 0x07, 0x07,
    0x03, 0x04, 0x03, 0x04, 0x07, 0x07, 0x07, 0x07, 0x07, 0x07, 0x07, 0x07,
    0x07, 0x07, 0x03, 0x03, 0x07, 0x07, 0x07, 0x05, 0x0b, 0x08, 0x08, 0x08,
    0x09, 0x07, 0x06, 0x09, 0x09, 0x04, 0x03, 0x07, 0x06, 0x0b, 0x09, 0x09,
    0x07, 0x09, 0x07, 0x07, 0x07, 0x09, 0x07, 0x0b, 0x07, 0x07, 0x07, 0x04,
    0x04, 0x04, 0x07, 0x05, 0x03, 0x07, 0x07, 0x06, 0x07, 0x07, 0x04, 0x07,
    0x07, 0x03, 0x03, 0x06, 0x03, 0x0b, 0x07, 0x07, 0x07, 0x07, 0x05, 0x06,
    0x04, 0x07, 0x06, 0x09, 0x06, 0x06, 0x06, 0x05, 0x07, 0x05, 0x07, 0x03,
    0x03, 0x07, 0x07, 0x07, 0x07, 0x07, 0x06, 0x07, 0x0a, 0x04, 0x06, 0x07,
    0x04, 0x0a, 0x06, 0x05, 0x07, 0x04, 0x04, 0x03, 0x07, 0x08, 0x03, 0x03,
    0x04, 0x05, 0x06, 0x09, 0x09, 0x09, 0x05, 0x08, 0x08, 0x08, 0x08, 0x08,
    0x08, 0x0b, 0x08, 0x07, 0x07, 0x07, 0x07, 0x04, 0x04, 0x04, 0x04, 0x09,
    0x09, 0x09, 0x09, 0x09, 0x09, 0x09, 0x07, 0x09, 0x09, 0x09, 0x09, 0x09,
    0x07, 0x07, 0x08, 0x07, 0x07, 0x07, 0x07, 0x07, 0x07, 0x0a, 0x06, 0x07,
    0x07, 0x07, 0x07, 0x03, 0x03, 0x03, 0x03, 0x07, 0x07, 0x07, 0x07, 0x07,
    0x07, 0x07, 0x07, 0x07, 0x07, 0x07, 0x07, 0x07, 0x06, 0x07, 0x06, 0x09,
};
static const uint16_t michi_ui_md_offset[] = {
    0, 9, 18, 33, 57, 78, 108, 135, 144, 156, 168, 189,
    210, 219, 231, 240, 255, 276, 297, 318, 339, 360, 381, 402,
    423, 444, 465, 474, 483, 504, 525, 546, 561, 594, 618, 642,
    666, 693, 714, 732, 759, 786, 798, 810, 834, 852, 885, 912,
    939, 960, 987, 1011, 1032, 1053, 1080, 1104, 1137, 1158, 1179, 1200,
    1212, 1227, 1239, 1260, 1281, 1290, 1311, 1332, 1350, 1371, 1392, 1407,
    1428, 1449, 1458, 1470, 1491, 1500, 1533, 1554, 1575, 1596, 1617, 1632,
    1650, 1665, 1686, 1707, 1737, 1758, 1779, 1797, 1812, 1833, 1848, 1869,
    1878, 1887, 1908, 1929, 1950, 1971, 1992, 2010, 2031, 2061, 2073, 2091,
    2112, 2124, 2154, 2178, 2193, 2214, 2226, 2238, 2247, 2268, 2292, 2301,
    2310, 2322, 2337, 2355, 2382, 2409, 2439, 2457, 2481, 2505, 2529, 2553,
    2577, 2601, 2637, 2661, 2682, 2703, 2724, 2745, 2757, 2769, 2784, 2796,
    2823, 2850, 2877, 2904, 2931, 2958, 2985, 3006, 3033, 3060, 3087, 3114,
    3141, 3162, 3183, 3207, 3228, 3249, 3270, 3291, 3312, 3333, 3363, 3381,
    3402, 3423, 3444, 3465, 3477, 3489, 3504, 3519, 3540, 3561, 3582, 3603,
    3624, 3645, 3666, 3687, 3708, 3729, 3750, 3771, 3792, 3813, 3834, 3855,
    3882,
};
#define MICHI_UI_MD_HEIGHT       17
#define MICHI_UI_MD_BASELINE     13
#define MICHI_UI_MD_LINE_HEIGHT  20
#define MICHI_UI_MD_RASTER_BITS  1
#define MICHI_UI_MD_BYTES_PER_COL 3

/* michi_ui_md: height=17 baseline=13 line_height=20 bytes_per_col=3 raster=1-bit */
static const uint8_t michi_ui_lg_bitmap[] = {
    0x00, 0x00, 0x00, 0x00, 0x00, 0x00, 0x00, 0x00, 0x00, 0x00, 0x00, 0x00,
    0x00, 0x00, 0x00, 0x00, 0x00, 0x00, 0x00, 0x00, 0x00, 0x00, 0x00, 0x00,
    0x80, 0x03, 0x04, 0x00, 0x80, 0xff, 0x0e, 0x00, 0x80, 0x01, 0x04, 0x00,
    0x00, 0x00, 0x00, 0x00, 0x00, 0x00, 0x00, 0x00, 0x80, 0x0f, 0x00, 0x00,
    0x80, 0x0f, 0x00, 0x00, 0x00, 0x00, 0x00, 0x00, 0x00, 0x00, 0x00, 0x00,
    0x80, 0x0f, 0x00, 0x00, 0x00, 0x00, 0x00, 0x00, 0x00, 0x00, 0x00, 0x00,
    0x00, 0x80, 0x00, 0x00, 0x00, 0x8c, 0x01, 0x00, 0x00, 0x8c, 0x0f, 0x00,
    0x00, 0xfc, 0x0f, 0x00, 0x80, 0xbf, 0x01, 0x00, 0x80, 0x8d, 0x01, 0x00,
    0x00, 0x8c, 0x0f, 0x00, 0x00, 0xfc, 0x07, 0x00, 0x80, 0x9f, 0x01, 0x00,
    0x80, 0x8c, 0x01, 0x00, 0x00, 0x8c, 0x00, 0x00, 0x00, 0x00, 0x00, 0x00,
    0x00, 0x00, 0x00, 0x00, 0x00, 0x0e, 0x06, 0x00, 0x00, 0x1f, 0x06, 0x00,
    0x00, 0x33, 0x06, 0x00, 0x80, 0x33, 0x06, 0x00, 0xc0, 0xff, 0x1f, 0x00,
    0x00, 0x61, 0x06, 0x00, 0x00, 0xe1, 0x03, 0x00, 0x00, 0xc1, 0x03, 0x00,
    0x00, 0x00, 0x00, 0x00, 0x00, 0x00, 0x00, 0x00, 0x00, 0x3f, 0x00, 0x00,
    0x80, 0x73, 0x00, 0x00, 0x80, 0x61, 0x00, 0x00, 0x80, 0x61, 0x0c, 0x00,
    0x00, 0x3f, 0x07, 0x00, 0x00, 0xc0, 0x01, 0x00, 0x00, 0x70, 0x00, 0x00,
    0x00, 0x18, 0x00, 0x00, 0x00, 0xee, 0x03, 0x00, 0x80, 0xf3, 0x0f, 0x00,
    0x80, 0x30, 0x0c, 0x00, 0x00, 0x30, 0x0c, 0x00, 0x00, 0xe0, 0x07, 0x00,
    0x00, 0x00, 0x00, 0x00, 0x00, 0x00, 0x00, 0x00, 0x00, 0xc0, 0x03, 0x00,
    0x00, 0xe7, 0x07, 0x00, 0x80, 0x7f, 0x0c, 0x00, 0x80, 0x39, 0x0c, 0x00,
    0x80, 0x71, 0x0c, 0x00, 0x80, 0xf9, 0x0c, 0x00, 0x80, 0xcf, 0x0d, 0x00,
    0x00, 0x86, 0x07, 0x00, 0x00, 0x00, 0x07, 0x00, 0x00, 0xe0, 0x0f, 0x00,
    0x00, 0xe0, 0x0c, 0x00, 0x00, 0x00, 0x08, 0x00, 0x00, 0x00, 0x00, 0x00,
    0x00, 0x00, 0x00, 0x00, 0x80, 0x0f, 0x00, 0x00, 0x80, 0x0f, 0x00, 0x00,
    0x00, 0x00, 0x00, 0x00, 0x00, 0x00, 0x00, 0x00, 0x00, 0xfc, 0x0f, 0x00,
    0x00, 0xff, 0x3f, 0x00, 0x80, 0x03, 0x70, 0x00, 0x80, 0x00, 0x40, 0x00,
    0x00, 0x00, 0x00, 0x00, 0x00, 0x00, 0x00, 0x00, 0x80, 0x01, 0x60, 0x00,
    0x80, 0x07, 0x78, 0x00, 0x00, 0xfe, 0x1f, 0x00, 0x00, 0xf0, 0x03, 0x00,
    0x00, 0x00, 0x00, 0x00, 0x00, 0x00, 0x00, 0x00, 0x00, 0x02, 0x00, 0x00,
    0x00, 0x32, 0x00, 0x00, 0x00, 0x3e, 0x00, 0x00, 0xc0, 0x0f, 0x00, 0x00,
    0xc0, 0x1f, 0x00, 0x00, 0x00, 0x3e, 0x00, 0x00, 0x00, 0x22, 0x00, 0x00,
    0x00, 0x02, 0x00, 0x00, 0x00, 0x00, 0x00, 0x00, 0x00, 0x00, 0x00, 0x00,
    0x00, 0x60, 0x00, 0x00, 0x00, 0x60, 0x00, 0x00, 0x00, 0x60, 0x00, 0x00,
    0x00, 0xfe, 0x03, 0x00, 0x00, 0xfe, 0x03, 0x00, 0x00, 0x60, 0x00, 0x00,
    0x00, 0x60, 0x00, 0x00, 0x00, 0x60, 0x00, 0x00, 0x00, 0x00, 0x00, 0x00,
    0x00, 0x00, 0x00, 0x00, 0x00, 0x00, 0x3c, 0x00, 0x00, 0x00, 0x1c, 0x00,
    0x00, 0x00, 0x00, 0x00, 0x00, 0x00, 0x00, 0x00, 0x00, 0x00, 0x00, 0x00,
    0x00, 0xc0, 0x00, 0x00, 0x00, 0xc0, 0x00, 0x00, 0x00, 0xc0, 0x00, 0x00,
    0x00, 0xc0, 0x00, 0x00, 0x00, 0x00, 0x00, 0x00, 0x00, 0x00, 0x00, 0x00,
    0x00, 0x00, 0x04, 0x00, 0x00, 0x00, 0x0e, 0x00, 0x00, 0x00, 0x04, 0x00,
    0x00, 0x00, 0x00, 0x00, 0x00, 0x00, 0x08, 0x00, 0x00, 0x00, 0x0f, 0x00,
    0x00, 0xc0, 0x07, 0x00, 0x00, 0xf8, 0x00, 0x00, 0x00, 0x1f, 0x00, 0x00,
    0x80, 0x03, 0x00, 0x00, 0x80, 0x00, 0x00, 0x00, 0x00, 0x00, 0x00, 0x00,
    0x00, 0xfe, 0x03, 0x00, 0x00, 0xff, 0x07, 0x00, 0x80, 0x01, 0x0c, 0x00,
    0x80, 0x01, 0x0c, 0x00, 0x80, 0x01, 0x0c, 0x00, 0x80, 0x01, 0x0c, 0x00,
    0x00, 0x8f, 0x07, 0x00, 0x00, 0xfe, 0x03, 0x00, 0x00, 0x00, 0x00, 0x00,
    0x00, 0x00, 0x00, 0x00, 0x00, 0x00, 0x00, 0x00, 0x00, 0x06, 0x00, 0x00,
    0x00, 0x03, 0x00, 0x00, 0x00, 0x03, 0x00, 0x00, 0x80, 0xff, 0x0f, 0x00,
    0x80, 0xff, 0x0f, 0x00, 0x00, 0x00, 0x00, 0x00, 0x00, 0x00, 0x00, 0x00,
    0x00, 0x00, 0x00, 0x00, 0x00, 0x00, 0x00, 0x00, 0x00, 0x01, 0x0c, 0x00,
    0x00, 0x01, 0x0e, 0x00, 0x80, 0x01, 0x0f, 0x00, 0x80, 0x81, 0x0d, 0x00,
    0x80, 0xc1, 0x0c, 0x00, 0x80, 0x71, 0x0c, 0x00, 0x00, 0x3f, 0x0c, 0x00,
    0x00, 0x0e, 0x0c, 0x00, 0x00, 0x00, 0x00, 0x00, 0x00, 0x00, 0x00, 0x00,
    0x00, 0x01, 0x0c, 0x00, 0x80, 0x01, 0x0c, 0x00, 0x80, 0x31, 0x0c, 0x00,
    0x80, 0x31, 0x0c, 0x00, 0x80, 0x31, 0x0c, 0x00, 0x80, 0x71, 0x0c, 0x00,
    0x00, 0xff, 0x07, 0x00, 0x00, 0xce, 0x07, 0x00, 0x00, 0x00, 0x00, 0x00,
    0x00, 0x80, 0x01, 0x00, 0x00, 0xc0, 0x01, 0x00, 0x00, 0xf0, 0x01, 0x00,
    0x00, 0x98, 0x01, 0x00, 0x00, 0x8c, 0x01, 0x00, 0x00, 0x87, 0x01, 0x00,
    0x80, 0xff, 0x0f, 0x00, 0x80, 0xff, 0x0f, 0x00, 0x00, 0x80, 0x01, 0x00,
    0x00, 0x80, 0x01, 0x00, 0x00, 0x00, 0x00, 0x00, 0x00, 0x18, 0x04, 0x00,
    0x80, 0x3f, 0x0c, 0x00, 0x80, 0x31, 0x0c, 0x00, 0x80, 0x31, 0x0c, 0x00,
    0x80, 0x31, 0x0c, 0x00, 0x80, 0x31, 0x0c, 0x00, 0x80, 0xe1, 0x07, 0x00,
    0x00, 0xe0, 0x03, 0x00, 0x00, 0x00, 0x00, 0x00, 0x00, 0x00, 0x00, 0x00,
    0x00, 0xf8, 0x03, 0x00, 0x00, 0xfe, 0x07, 0x00, 0x00, 0x33, 0x0e, 0x00,
    0x80, 0x11, 0x0c, 0x00, 0x80, 0x19, 0x0c, 0x00, 0x80, 0x19, 0x0c, 0x00,
    0x80, 0x71, 0x06, 0x00, 0x00, 0xe0, 0x07, 0x00, 0x00, 0x00, 0x00, 0x00,
    0x00, 0x00, 0x00, 0x00, 0x80, 0x01, 0x00, 0x00, 0x80, 0x01, 0x00, 0x00,
    0x80, 0x01, 0x0e, 0x00, 0x80, 0x81, 0x0f, 0x00, 0x80, 0xe1, 0x01, 0x00,
    0x80, 0x79, 0x00, 0x00, 0x80, 0x1f, 0x00, 0x00, 0x80, 0x07, 0x00, 0x00,
    0x80, 0x00, 0x00, 0x00, 0x00, 0x00, 0x00, 0x00, 0x00, 0x86, 0x07, 0x00,
    0x00, 0xdf, 0x07, 0x00, 0x80, 0x79, 0x0c, 0x00, 0x80, 0x31, 0x0c, 0x00,
    0x80, 0x31, 0x0c, 0x00, 0x80, 0x71, 0x0c, 0x00, 0x00, 0xdf, 0x0e, 0x00,
    0x00, 0x8f, 0x07, 0x00, 0x00, 0x00, 0x00, 0x00, 0x00, 0x00, 0x00, 0x00,
    0x00, 0x3e, 0x00, 0x00, 0x00, 0x3f, 0x0c, 0x00, 0x80, 0x61, 0x0c, 0x00,
    0x80, 0x61, 0x0c, 0x00, 0x80, 0x61, 0x0c, 0x00, 0x80, 0x21, 0x06, 0x00,
    0x00, 0xff, 0x07, 0x00, 0x00, 0xfe, 0x01, 0x00, 0x00, 0x00, 0x00, 0x00,
    0x00, 0x00, 0x00, 0x00, 0x00, 0x08, 0x04, 0x00, 0x00, 0x1c, 0x0e, 0x00,
    0x00, 0x08, 0x04, 0x00, 0x00, 0x00, 0x00, 0x00, 0x00, 0x00, 0x00, 0x00,
    0x00, 0x08, 0x3c, 0x00, 0x00, 0x1c, 0x1c, 0x00, 0x00, 0x08, 0x00, 0x00,
    0x00, 0x00, 0x00, 0x00, 0x00, 0x00, 0x00, 0x00, 0x00, 0x60, 0x00, 0x00,
    0x00, 0x70, 0x00, 0x00, 0x00, 0x50, 0x00, 0x00, 0x00, 0xd8, 0x00, 0x00,
    0x00, 0x88, 0x00, 0x00, 0x00, 0x8c, 0x01, 0x00, 0x00, 0x04, 0x01, 0x00,
    0x00, 0x06, 0x03, 0x00, 0x00, 0x00, 0x00, 0x00, 0x00, 0x00, 0x00, 0x00,
    0x00, 0xd8, 0x00, 0x00, 0x00, 0xd8, 0x00, 0x00, 0x00, 0xd8, 0x00, 0x00,
    0x00, 0xd8, 0x00, 0x00, 0x00, 0xd8, 0x00, 0x00, 0x00, 0xd8, 0x00, 0x00,
    0x00, 0xd8, 0x00, 0x00, 0x00, 0xd8, 0x00, 0x00, 0x00, 0x00, 0x00, 0x00,
    0x00, 0x00, 0x00, 0x00, 0x00, 0x06, 0x03, 0x00, 0x00, 0x04, 0x01, 0x00,
    0x00, 0x8c, 0x01, 0x00, 0x00, 0x88, 0x00, 0x00, 0x00, 0xd8, 0x00, 0x00,
    0x00, 0xd0, 0x00, 0x00, 0x00, 0x70, 0x00, 0x00, 0x00, 0x60, 0x00, 0x00,
    0x00, 0x00, 0x00, 0x00, 0x00, 0x01, 0x00, 0x00, 0x80, 0x01, 0x00, 0x00,
    0x80, 0x01, 0x0c, 0x00, 0x80, 0xe1, 0x0e, 0x00, 0x80, 0x31, 0x04, 0x00,
    0x80, 0x19, 0x00, 0x00, 0x00, 0x0f, 0x00, 0x00, 0x00, 0x00, 0x00, 0x00,
    0x00, 0x00, 0x00, 0x00, 0x00, 0xf0, 0x03, 0x00, 0x00, 0xfc, 0x07, 0x00,
    0x00, 0x06, 0x0c, 0x00, 0x00, 0x03, 0x18, 0x00, 0x00, 0xf9, 0x11, 0x00,
    0x80, 0x19, 0x13, 0x00, 0x80, 0x0d, 0x33, 0x00, 0x80, 0x0d, 0x33, 0x00,
    0x80, 0x8d, 0x11, 0x00, 0x80, 0xfd, 0x11, 0x00, 0x00, 0x01, 0x13, 0x00,
    0x00, 0x03, 0x03, 0x00, 0x00, 0x8e, 0x01, 0x00, 0x00, 0xfc, 0x00, 0x00,
    0x00, 0x00, 0x00, 0x00, 0x00, 0x00, 0x08, 0x00, 0x00, 0x00, 0x0f, 0x00,
    0x00, 0xe0, 0x07, 0x00, 0x00, 0xf8, 0x00, 0x00, 0x00, 0xdf, 0x00, 0x00,
    0x80, 0xc3, 0x00, 0x00, 0x80, 0xc7, 0x00, 0x00, 0x00, 0xde, 0x00, 0x00,
    0x00, 0xf8, 0x00, 0x00, 0x00, 0xc0, 0x07, 0x00, 0x00, 0x00, 0x0e, 0x00,
    0x00, 0x00, 0x08, 0x00, 0x00, 0x00, 0x00, 0x00, 0x00, 0x00, 0x00, 0x00,
    0x80, 0xff, 0x0f, 0x00, 0x80, 0xff, 0x0f, 0x00, 0x80, 0x31, 0x0c, 0x00,
    0x80, 0x31, 0x0c, 0x00, 0x80, 0x31, 0x0c, 0x00, 0x80, 0x31, 0x0c, 0x00,
    0x80, 0x7f, 0x0e, 0x00, 0x00, 0xcf, 0x07, 0x00, 0x00, 0x80, 0x03, 0x00,
    0x00, 0x00, 0x00, 0x00, 0x00, 0x00, 0x00, 0x00, 0x00, 0xf8, 0x00, 0x00,
    0x00, 0xfe, 0x03, 0x00, 0x00, 0x07, 0x07, 0x00, 0x00, 0x03, 0x0e, 0x00,
    0x80, 0x01, 0x0c, 0x00, 0x80, 0x01, 0x0c, 0x00, 0x80, 0x01, 0x0c, 0x00,
    0x80, 0x01, 0x0c, 0x00, 0x80, 0x01, 0x0c, 0x00, 0x00, 0x00, 0x00, 0x00,
    0x00, 0x00, 0x00, 0x00, 0x00, 0x00, 0x00, 0x00, 0x80, 0xff, 0x0f, 0x00,
    0x80, 0xff, 0x0f, 0x00, 0x80, 0x01, 0x0c, 0x00, 0x80, 0x01, 0x0c, 0x00,
    0x80, 0x01, 0x0c, 0x00, 0x80, 0x01, 0x0c, 0x00, 0x00, 0x01, 0x06, 0x00,
    0x00, 0x07, 0x07, 0x00, 0x00, 0xfe, 0x03, 0x00, 0x00, 0xfc, 0x01, 0x00,
    0x00, 0x00, 0x00, 0x00, 0x00, 0x00, 0x00, 0x00, 0x00, 0x00, 0x00, 0x00,
    0x80, 0xff, 0x0f, 0x00, 0x80, 0xff, 0x0f, 0x00, 0x80, 0x31, 0x0c, 0x00,
    0x80, 0x31, 0x0c, 0x00, 0x80, 0x31, 0x0c, 0x00, 0x80, 0x31, 0x0c, 0x00,
    0x80, 0x21, 0x0c, 0x00, 0x00, 0x00, 0x00, 0x00, 0x00, 0x00, 0x00, 0x00,
    0x00, 0x00, 0x00, 0x00, 0x80, 0xff, 0x0f, 0x00, 0x80, 0xff, 0x0f, 0x00,
    0x80, 0x61, 0x00, 0x00, 0x80, 0x61, 0x00, 0x00, 0x80, 0x61, 0x00, 0x00,
    0x80, 0x61, 0x00, 0x00, 0x80, 0x21, 0x00, 0x00, 0x00, 0x00, 0x00, 0x00,
    0x00, 0x00, 0x00, 0x00, 0x00, 0xf8, 0x00, 0x00, 0x00, 0xfe, 0x03, 0x00,
    0x00, 0x07, 0x07, 0x00, 0x00, 0x03, 0x0e, 0x00, 0x80, 0x01, 0x0c, 0x00,
    0x80, 0x01, 0x0c, 0x00, 0x80, 0x61, 0x0c, 0x00, 0x80, 0x61, 0x0c, 0x00,
    0x80, 0x61, 0x0c, 0x00, 0x80, 0xe1, 0x0f, 0x00, 0x00, 0xe0, 0x07, 0x00,
    0x00, 0x00, 0x00, 0x00, 0x00, 0x00, 0x00, 0x00, 0x00, 0x00, 0x00, 0x00,
    0x80, 0xff, 0x0f, 0x00, 0x80, 0xff, 0x0f, 0x00, 0x00, 0x30, 0x00, 0x00,
    0x00, 0x30, 0x00, 0x00, 0x00, 0x30, 0x00, 0x00, 0x00, 0x30, 0x00, 0x00,
    0x00, 0x30, 0x00, 0x00, 0x00, 0x30, 0x00, 0x00, 0x80, 0xff, 0x0f, 0x00,
    0x80, 0xff, 0x0f, 0x00, 0x00, 0x00, 0x00, 0x00, 0x00, 0x00, 0x00, 0x00,
    0x80, 0x01, 0x08, 0x00, 0x80, 0xff, 0x0f, 0x00, 0x80, 0xff, 0x0f, 0x00,
    0x80, 0x01, 0x0c, 0x00, 0x80, 0x00, 0x08, 0x00, 0x00, 0x00, 0x00, 0x00,
    0x00, 0x00, 0x00, 0x00, 0x00, 0x00, 0xc0, 0x00, 0x00, 0x00, 0x60, 0x00,
    0x80, 0xff, 0x7f, 0x00, 0x80, 0xff, 0x1f, 0x00, 0x00, 0x00, 0x00, 0x00,
    0x00, 0x00, 0x00, 0x00, 0x00, 0x00, 0x00, 0x00, 0x80, 0xff, 0x0f, 0x00,
    0x80, 0xff, 0x0f, 0x00, 0x00, 0x30, 0x00, 0x00, 0x00, 0x78, 0x00, 0x00,
    0x00, 0xfc, 0x00, 0x00, 0x00, 0xc6, 0x03, 0x00, 0x00, 0x03, 0x07, 0x00,
    0x80, 0x01, 0x0e, 0x00, 0x80, 0x00, 0x08, 0x00, 0x00, 0x00, 0x00, 0x00,
    0x00, 0x00, 0x00, 0x00, 0x00, 0x00, 0x00, 0x00, 0x80, 0xff, 0x0f, 0x00,
    0x80, 0xff, 0x0f, 0x00, 0x00, 0x00, 0x0c, 0x00, 0x00, 0x00, 0x0c, 0x00,
    0x00, 0x00, 0x0c, 0x00, 0x00, 0x00, 0x0c, 0x00, 0x00, 0x00, 0x0c, 0x00,
    0x00, 0x00, 0x00, 0x00, 0x00, 0x00, 0x00, 0x00, 0x00, 0x00, 0x00, 0x00,
    0x80, 0xff, 0x0f, 0x00, 0x80, 0x03, 0x00, 0x00, 0x80, 0x0f, 0x00, 0x00,
    0x00, 0x7c, 0x00, 0x00, 0x00, 0xe0, 0x03, 0x00, 0x00, 0x00, 0x0f, 0x00,
    0x00, 0x00, 0x0e, 0x00, 0x00, 0xc0, 0x07, 0x00, 0x00, 0xf8, 0x00, 0x00,
    0x00, 0x1e, 0x00, 0x00, 0x80, 0x03, 0x00, 0x00, 0x80, 0xff, 0x0f, 0x00,
    0x80, 0xff, 0x0f, 0x00, 0x00, 0x00, 0x00, 0x00, 0x00, 0x00, 0x00, 0x00,
    0x00, 0x00, 0x00, 0x00, 0x00, 0x00, 0x00, 0x00, 0x80, 0xff, 0x0f, 0x00,
    0x80, 0x03, 0x00, 0x00, 0x00, 0x07, 0x00, 0x00, 0x00, 0x1e, 0x00, 0x00,
    0x00, 0x78, 0x00, 0x00, 0x00, 0xe0, 0x00, 0x00, 0x00, 0xc0, 0x03, 0x00,
    0x00, 0x00, 0x07, 0x00, 0x80, 0xff, 0x0f, 0x00, 0x80, 0xff, 0x0f, 0x00,
    0x00, 0x00, 0x00, 0x00, 0x00, 0x00, 0x00, 0x00, 0x00, 0x00, 0x00, 0x00,
    0x00, 0xf8, 0x00, 0x00, 0x00, 0xfe, 0x03, 0x00, 0x00, 0x07, 0x07, 0x00,
    0x00, 0x01, 0x0c, 0x00, 0x80, 0x01, 0x0c, 0x00, 0x80, 0x01, 0x0c, 0x00,
    0x80, 0x01, 0x0c, 0x00, 0x80, 0x01, 0x0c, 0x00, 0x80, 0x01, 0x0c, 0x00,
    0x00, 0x07, 0x07, 0x00, 0x00, 0xfe, 0x03, 0x00, 0x00, 0xfc, 0x01, 0x00,
    0x00, 0x00, 0x00, 0x00, 0x00, 0x00, 0x00, 0x00, 0x00, 0x00, 0x00, 0x00,
    0x80, 0xff, 0x0f, 0x00, 0x80, 0xff, 0x0f, 0x00, 0x80, 0x61, 0x00, 0x00,
    0x80, 0x61, 0x00, 0x00, 0x80, 0x61, 0x00, 0x00, 0x80, 0x61, 0x00, 0x00,
    0x00, 0x3f, 0x00, 0x00, 0x00, 0x1e, 0x00, 0x00, 0x00, 0x00, 0x00, 0x00,
    0x00, 0x00, 0x00, 0x00, 0x00, 0xf8, 0x00, 0x00, 0x00, 0xfe, 0x03, 0x00,
    0x00, 0x07, 0x07, 0x00, 0x00, 0x01, 0x0c, 0x00, 0x80, 0x01, 0x0c, 0x00,
    0x80, 0x01, 0x0c, 0x00, 0x80, 0x01, 0x0c, 0x00, 0x80, 0x01, 0x1c, 0x00,
    0x80, 0x01, 0x3c, 0x00, 0x00, 0x07, 0x67, 0x00, 0x00, 0xfe, 0x43, 0x00,
    0x00, 0xfc, 0x00, 0x00, 0x00, 0x00, 0x00, 0x00, 0x00, 0x00, 0x00, 0x00,
    0x00, 0x00, 0x00, 0x00, 0x80, 0xff, 0x0f, 0x00, 0x80, 0xff, 0x0f, 0x00,
    0x80, 0x61, 0x00, 0x00, 0x80, 0x61, 0x00, 0x00, 0x80, 0xe1, 0x00, 0x00,
    0x80, 0xf1, 0x01, 0x00, 0x00, 0x3f, 0x07, 0x00, 0x00, 0x1e, 0x0e, 0x00,
    0x00, 0x00, 0x08, 0x00, 0x00, 0x00, 0x00, 0x00, 0x00, 0x00, 0x00, 0x00,
    0x00, 0x0e, 0x0c, 0x00, 0x00, 0x1f, 0x0c, 0x00, 0x80, 0x39, 0x0c, 0x00,
    0x80, 0x31, 0x0c, 0x00, 0x80, 0x61, 0x0c, 0x00, 0x80, 0x61, 0x0c, 0x00,
    0x80, 0xc1, 0x07, 0x00, 0x00, 0x81, 0x03, 0x00, 0x00, 0x00, 0x00, 0x00,
    0x80, 0x00, 0x00, 0x00, 0x80, 0x01, 0x00, 0x00, 0x80, 0x01, 0x00, 0x00,
    0x80, 0x01, 0x00, 0x00, 0x80, 0xff, 0x0f, 0x00, 0x80, 0xff, 0x0f, 0x00,
    0x80, 0x01, 0x00, 0x00, 0x80, 0x01, 0x00, 0x00, 0x80, 0x01, 0x00, 0x00,
    0x80, 0x01, 0x00, 0x00, 0x00, 0x00, 0x00, 0x00, 0x00, 0x00, 0x00, 0x00,
    0x80, 0xff, 0x03, 0x00, 0x80, 0xff, 0x07, 0x00, 0x00, 0x00, 0x0c, 0x00,
    0x00, 0x00, 0x0c, 0x00, 0x00, 0x00, 0x0c, 0x00, 0x00, 0x00, 0x0c, 0x00,
    0x00, 0x00, 0x0c, 0x00, 0x00, 0x00, 0x06, 0x00, 0x80, 0xff, 0x07, 0x00,
    0x80, 0xff, 0x01, 0x00, 0x00, 0x00, 0x00, 0x00, 0x80, 0x00, 0x00, 0x00,
    0x80, 0x07, 0x00, 0x00, 0x00, 0x3f, 0x00, 0x00, 0x00, 0xf8, 0x01, 0x00,
    0x00, 0xc0, 0x0f, 0x00, 0x00, 0x00, 0x0e, 0x00, 0x00, 0x80, 0x0f, 0x00,
    0x00, 0xf0, 0x01, 0x00, 0x00, 0x3e, 0x00, 0x00, 0x80, 0x07, 0x00, 0x00,
    0x80, 0x01, 0x00, 0x00, 0x00, 0x00, 0x00, 0x00, 0x80, 0x00, 0x00, 0x00,
    0x80, 0x0f, 0x00, 0x00, 0x00, 0xff, 0x00, 0x00, 0x00, 0xe0, 0x0f, 0x00,
    0x00, 0x00, 0x0f, 0x00, 0x00, 0xc0, 0x0f, 0x00, 0x00, 0xfc, 0x01, 0x00,
    0x80, 0x1f, 0x00, 0x00, 0x80, 0x07, 0x00, 0x00, 0x80, 0x3f, 0x00, 0x00,
    0x00, 0xf8, 0x01, 0x00, 0x00, 0xc0, 0x0f, 0x00, 0x00, 0x00, 0x0f, 0x00,
    0x00, 0xf0, 0x0f, 0x00, 0x00, 0xff, 0x00, 0x00, 0x80, 0x0f, 0x00, 0x00,
    0x80, 0x00, 0x00, 0x00, 0x00, 0x00, 0x08, 0x00, 0x80, 0x01, 0x0c, 0x00,
    0x80, 0x03, 0x07, 0x00, 0x00, 0x8e, 0x03, 0x00, 0x00, 0xfc, 0x00, 0x00,
    0x00, 0x70, 0x00, 0x00, 0x00, 0xfc, 0x00, 0x00, 0x00, 0x8e, 0x03, 0x00,
    0x80, 0x03, 0x0f, 0x00, 0x80, 0x01, 0x0c, 0x00, 0x00, 0x00, 0x08, 0x00,
    0x80, 0x00, 0x00, 0x00, 0x80, 0x03, 0x00, 0x00, 0x00, 0x0f, 0x00, 0x00,
    0x00, 0x3c, 0x00, 0x00, 0x00, 0xf0, 0x0f, 0x00, 0x00, 0xf0, 0x0f, 0x00,
    0x00, 0x38, 0x00, 0x00, 0x00, 0x1e, 0x00, 0x00, 0x80, 0x07, 0x00, 0x00,
    0x80, 0x01, 0x00, 0x00, 0x00, 0x00, 0x00, 0x00, 0x00, 0x00, 0x00, 0x00,
    0x80, 0x01, 0x0e, 0x00, 0x80, 0x01, 0x0f, 0x00, 0x80, 0xc1, 0x0f, 0x00,
    0x80, 0xe1, 0x0c, 0x00, 0x80, 0x79, 0x0c, 0x00, 0x80, 0x1d, 0x0c, 0x00,
    0x80, 0x07, 0x0c, 0x00, 0x80, 0x03, 0x0c, 0x00, 0x80, 0x00, 0x08, 0x00,
    0x00, 0x00, 0x00, 0x00, 0x80, 0xff, 0x7f, 0x00, 0x80, 0xff, 0x7f, 0x00,
    0x80, 0x01, 0x60, 0x00, 0x80, 0x01, 0x60, 0x00, 0x00, 0x00, 0x00, 0x00,
    0x80, 0x00, 0x00, 0x00, 0x80, 0x07, 0x00, 0x00, 0x00, 0x1f, 0x00, 0x00,
    0x00, 0xf8, 0x00, 0x00, 0x00, 0xc0, 0x07, 0x00, 0x00, 0x00, 0x0e, 0x00,
    0x00, 0x00, 0x08, 0x00, 0x80, 0x00, 0x40, 0x00, 0x80, 0x01, 0x60, 0x00,
    0x80, 0x01, 0x60, 0x00, 0x80, 0xff, 0x7f, 0x00, 0x80, 0xff, 0x7f, 0x00,
    0x00, 0x00, 0x00, 0x00, 0x00, 0x00, 0x00, 0x00, 0x00, 0x60, 0x00, 0x00,
    0x00, 0x38, 0x00, 0x00, 0x00, 0x0e, 0x00, 0x00, 0x80, 0x03, 0x00, 0x00,
    0x80, 0x03, 0x00, 0x00, 0x00, 0x0e, 0x00, 0x00, 0x00, 0x38, 0x00, 0x00,
    0x00, 0x60, 0x00, 0x00, 0x00, 0x00, 0x00, 0x00, 0x00, 0x00, 0x00, 0x00,
    0x00, 0x00, 0x60, 0x00, 0x00, 0x00, 0x60, 0x00, 0x00, 0x00, 0x60, 0x00,
    0x00, 0x00, 0x60, 0x00, 0x00, 0x00, 0x60, 0x00, 0x00, 0x00, 0x60, 0x00,
    0x00, 0x00, 0x60, 0x00, 0x00, 0x00, 0x40, 0x00, 0x00, 0x00, 0x00, 0x00,
    0x40, 0x00, 0x00, 0x00, 0xc0, 0x00, 0x00, 0x00, 0x80, 0x01, 0x00, 0x00,
    0x00, 0x01, 0x00, 0x00, 0x00, 0x00, 0x00, 0x00, 0x00, 0x80, 0x07, 0x00,
    0x00, 0xc8, 0x0f, 0x00, 0x00, 0xcc, 0x0c, 0x00, 0x00, 0xcc, 0x0c, 0x00,
    0x00, 0xcc, 0x0c, 0x00, 0x00, 0xcc, 0x04, 0x00, 0x00, 0xf8, 0x0f, 0x00,
    0x00, 0xf0, 0x0f, 0x00, 0x00, 0x00, 0x00, 0x00, 0x00, 0x00, 0x00, 0x00,
    0xc0, 0xff, 0x0f, 0x00, 0xc0, 0xff, 0x0f, 0x00, 0x00, 0x38, 0x07, 0x00,
    0x00, 0x0c, 0x0c, 0x00, 0x00, 0x0c, 0x0c, 0x00, 0x00, 0x0c, 0x0c, 0x00,
    0x00, 0x0c, 0x0c, 0x00, 0x00, 0xf8, 0x07, 0x00, 0x00, 0xf0, 0x03, 0x00,
    0x00, 0x00, 0x00, 0x00, 0x00, 0x00, 0x00, 0x00, 0x00, 0xf0, 0x03, 0x00,
    0x00, 0xf8, 0x07, 0x00, 0x00, 0x1c, 0x0e, 0x00, 0x00, 0x0c, 0x0c, 0x00,
    0x00, 0x0c, 0x0c, 0x00, 0x00, 0x0c, 0x0c, 0x00, 0x00, 0x0c, 0x0c, 0x00,
    0x00, 0x00, 0x00, 0x00, 0x00, 0x00, 0x00, 0x00, 0x00, 0xf0, 0x03, 0x00,
    0x00, 0xf8, 0x07, 0x00, 0x00, 0x1c, 0x0e, 0x00, 0x00, 0x0c, 0x0c, 0x00,
    0x00, 0x0c, 0x0c, 0x00, 0x00, 0x0c, 0x0c, 0x00, 0x00, 0x18, 0x06, 0x00,
    0xc0, 0xff, 0x0f, 0x00, 0xc0, 0xff, 0x0f, 0x00, 0x00, 0x00, 0x00, 0x00,
    0x00, 0x00, 0x00, 0x00, 0x00, 0xf0, 0x03, 0x00, 0x00, 0xf8, 0x07, 0x00,
    0x00, 0xcc, 0x0e, 0x00, 0x00, 0xcc, 0x0c, 0x00, 0x00, 0xcc, 0x0c, 0x00,
    0x00, 0xcc, 0x0c, 0x00, 0x00, 0xf8, 0x0c, 0x00, 0x00, 0xf8, 0x04, 0x00,
    0x00, 0x00, 0x00, 0x00, 0x00, 0x00, 0x00, 0x00, 0x00, 0x0c, 0x00, 0x00,
    0x80, 0xff, 0x0f, 0x00, 0xc0, 0xff, 0x0f, 0x00, 0xc0, 0x0c, 0x00, 0x00,
    0xc0, 0x0c, 0x00, 0x00, 0xc0, 0x00, 0x00, 0x00, 0x00, 0x00, 0x00, 0x00,
    0x00, 0x00, 0x00, 0x00, 0x00, 0xf0, 0x03, 0x00, 0x00, 0xf8, 0xc7, 0x00,
    0x00, 0x1c, 0xce, 0x00, 0x00, 0x0c, 0xcc, 0x00, 0x00, 0x0c, 0xcc, 0x00,
    0x00, 0x0c, 0xcc, 0x00, 0x00, 0x18, 0xe6, 0x00, 0x00, 0xfc, 0x7f, 0x00,
    0x00, 0xfc, 0x1f, 0x00, 0x00, 0x00, 0x00, 0x00, 0x00, 0x00, 0x00, 0x00,
    0xc0, 0xff, 0x0f, 0x00, 0xc0, 0xff, 0x0f, 0x00, 0x00, 0x38, 0x00, 0x00,
    0x00, 0x08, 0x00, 0x00, 0x00, 0x0c, 0x00, 0x00, 0x00, 0x0c, 0x00, 0x00,
    0x00, 0x0c, 0x00, 0x00, 0x00, 0xf8, 0x0f, 0x00, 0x00, 0xf0, 0x0f, 0x00,
    0x00, 0x00, 0x00, 0x00, 0x00, 0x00, 0x00, 0x00, 0x00, 0xfc, 0x0f, 0x00,
    0xc0, 0xfc, 0x0f, 0x00, 0x00, 0x00, 0x00, 0x00, 0x00, 0x00, 0x00, 0x00,
    0x00, 0x00, 0x00, 0x00, 0x00, 0x00, 0x00, 0x00, 0x00, 0x00, 0xc0, 0x00,
    0x00, 0xfc, 0xff, 0x00, 0xc0, 0xfc, 0x7f, 0x00, 0x00, 0x00, 0x00, 0x00,
    0x00, 0x00, 0x00, 0x00, 0x00, 0x00, 0x00, 0x00, 0xc0, 0xff, 0x0f, 0x00,
    0xc0, 0xff, 0x0f, 0x00, 0x00, 0xc0, 0x01, 0x00, 0x00, 0xe0, 0x00, 0x00,
    0x00, 0xf0, 0x01, 0x00, 0x00, 0xb8, 0x03, 0x00, 0x00, 0x0c, 0x0e, 0x00,
    0x00, 0x04, 0x0c, 0x00, 0x00, 0x00, 0x08, 0x00, 0x00, 0x00, 0x00, 0x00,
    0xc0, 0xff, 0x0f, 0x00, 0xc0, 0xff, 0x0f, 0x00, 0x00, 0x00, 0x00, 0x00,
    0x00, 0x00, 0x00, 0x00, 0x00, 0x00, 0x00, 0x00, 0x00, 0xfc, 0x0f, 0x00,
    0x00, 0xfc, 0x0f, 0x00, 0x00, 0x38, 0x00, 0x00, 0x00, 0x0c, 0x00, 0x00,
    0x00, 0x0c, 0x00, 0x00, 0x00, 0x0c, 0x00, 0x00, 0x00, 0x1c, 0x00, 0x00,
    0x00, 0xf8, 0x0f, 0x00, 0x00, 0xf8, 0x0f, 0x00, 0x00, 0x0c, 0x00, 0x00,
    0x00, 0x0c, 0x00, 0x00, 0x00, 0x0c, 0x00, 0x00, 0x00, 0x1c, 0x00, 0x00,
    0x00, 0xf8, 0x0f, 0x00, 0x00, 0xf0, 0x0f, 0x00, 0x00, 0x00, 0x00, 0x00,
    0x00, 0x00, 0x00, 0x00, 0x00, 0xfc, 0x0f, 0x00, 0x00, 0xfc, 0x0f, 0x00,
    0x00, 0x38, 0x00, 0x00, 0x00, 0x0c, 0x00, 0x00, 0x00, 0x0c, 0x00, 0x00,
    0x00, 0x0c, 0x00, 0x00, 0x00, 0x0c, 0x00, 0x00, 0x00, 0xf8, 0x0f, 0x00,
    0x00, 0xf0, 0x0f, 0x00, 0x00, 0x00, 0x00, 0x00, 0x00, 0x00, 0x00, 0x00,
    0x00, 0xf0, 0x03, 0x00, 0x00, 0xf8, 0x07, 0x00, 0x00, 0x1c, 0x0e, 0x00,
    0x00, 0x0c, 0x0c, 0x00, 0x00, 0x0c, 0x0c, 0x00, 0x00, 0x0c, 0x0c, 0x00,
    0x00, 0x1c, 0x0e, 0x00, 0x00, 0xf8, 0x07, 0x00, 0x00, 0xf0, 0x03, 0x00,
    0x00, 0x00, 0x00, 0x00, 0x00, 0x00, 0x00, 0x00, 0x00, 0xfc, 0xff, 0x00,
    0x00, 0xfc, 0xff, 0x00, 0x00, 0x38, 0x07, 0x00, 0x00, 0x0c, 0x0c, 0x00,
    0x00, 0x0c, 0x0c, 0x00, 0x00, 0x0c, 0x0c, 0x00, 0x00, 0x0c, 0x0c, 0x00,
    0x00, 0xf8, 0x07, 0x00, 0x00, 0xf0, 0x03, 0x00, 0x00, 0x00, 0x00, 0x00,
    0x00, 0x00, 0x00, 0x00, 0x00, 0xf0, 0x03, 0x00, 0x00, 0xf8, 0x07, 0x00,
    0x00, 0x1c, 0x0e, 0x00, 0x00, 0x0c, 0x0c, 0x00, 0x00, 0x0c, 0x0c, 0x00,
    0x00, 0x0c, 0x0c, 0x00, 0x00, 0x18, 0x06, 0x00, 0x00, 0xfc, 0xff, 0x00,
    0x00, 0xfc, 0xff, 0x00, 0x00, 0x00, 0x00, 0x00, 0x00, 0x00, 0x00, 0x00,
    0x00, 0xfc, 0x0f, 0x00, 0x00, 0xfc, 0x0f, 0x00, 0x00, 0x38, 0x00, 0x00,
    0x00, 0x08, 0x00, 0x00, 0x00, 0x0c, 0x00, 0x00, 0x00, 0x0c, 0x00, 0x00,
    0x00, 0x00, 0x00, 0x00, 0x00, 0x00, 0x00, 0x00, 0x00, 0x38, 0x0c, 0x00,
    0x00, 0x7c, 0x0c, 0x00, 0x00, 0x4c, 0x0c, 0x00, 0x00, 0xcc, 0x0c, 0x00,
    0x00, 0xcc, 0x0c, 0x00, 0x00, 0x8c, 0x07, 0x00, 0x00, 0x00, 0x07, 0x00,
    0x00, 0x00, 0x00, 0x00, 0x00, 0x00, 0x00, 0x00, 0x00, 0x0c, 0x00, 0x00,
    0x00, 0xff, 0x07, 0x00, 0x00, 0xff, 0x0f, 0x00, 0x00, 0x0c, 0x0c, 0x00,
    0x00, 0x0c, 0x0c, 0x00, 0x00, 0x00, 0x00, 0x00, 0x00, 0x00, 0x00, 0x00,
    0x00, 0xfc, 0x01, 0x00, 0x00, 0xfc, 0x07, 0x00, 0x00, 0x00, 0x0e, 0x00,
    0x00, 0x00, 0x0c, 0x00, 0x00, 0x00, 0x08, 0x00, 0x00, 0x00, 0x0c, 0x00,
    0x00, 0x00, 0x06, 0x00, 0x00, 0xfc, 0x0f, 0x00, 0x00, 0xfc, 0x0f, 0x00,
    0x00, 0x00, 0x00, 0x00, 0x00, 0x04, 0x00, 0x00, 0x00, 0x3c, 0x00, 0x00,
    0x00, 0xf8, 0x01, 0x00, 0x00, 0xc0, 0x0f, 0x00, 0x00, 0x00, 0x0e, 0x00,
    0x00, 0x00, 0x0f, 0x00, 0x00, 0xe0, 0x03, 0x00, 0x00, 0x7c, 0x00, 0x00,
    0x00, 0x1c, 0x00, 0x00, 0x00, 0x00, 0x00, 0x00, 0x00, 0x04, 0x00, 0x00,
    0x00, 0x7c, 0x00, 0x00, 0x00, 0xf8, 0x07, 0x00, 0x00, 0x00, 0x0f, 0x00,
    0x00, 0x00, 0x0f, 0x00, 0x00, 0xe0, 0x03, 0x00, 0x00, 0x7c, 0x00, 0x00,
    0x00, 0x1c, 0x00, 0x00, 0x00, 0xf8, 0x01, 0x00, 0x00, 0xc0, 0x0f, 0x00,
    0x00, 0x00, 0x0e, 0x00, 0x00, 0xc0, 0x0f, 0x00, 0x00, 0xfc, 0x01, 0x00,
    0x00, 0x1c, 0x00, 0x00, 0x00, 0x00, 0x00, 0x00, 0x00, 0x00, 0x00, 0x00,
    0x00, 0x0c, 0x0c, 0x00, 0x00, 0x1c, 0x0e, 0x00, 0x00, 0xf8, 0x03, 0x00,
    0x00, 0xe0, 0x01, 0x00, 0x00, 0xe0, 0x01, 0x00, 0x00, 0x38, 0x07, 0x00,
    0x00, 0x1c, 0x0e, 0x00, 0x00, 0x04, 0x08, 0x00, 0x00, 0x00, 0x00, 0x00,
    0x00, 0x04, 0x80, 0x00, 0x00, 0x3c, 0xc0, 0x00, 0x00, 0xf8, 0xc0, 0x00,
    0x00, 0xc0, 0x67, 0x00, 0x00, 0x00, 0x7e, 0x00, 0x00, 0x00, 0x1f, 0x00,
    0x00, 0xe0, 0x03, 0x00, 0x00, 0x7c, 0x00, 0x00, 0x00, 0x1c, 0x00, 0x00,
    0x00, 0x00, 0x00, 0x00, 0x00, 0x00, 0x00, 0x00, 0x00, 0x0c, 0x0e, 0x00,
    0x00, 0x0c, 0x0f, 0x00, 0x00, 0x8c, 0x0f, 0x00, 0x00, 0xec, 0x0c, 0x00,
    0x00, 0x7c, 0x0c, 0x00, 0x00, 0x1c, 0x0c, 0x00, 0x00, 0x0c, 0x0c, 0x00,
    0x00, 0x00, 0x00, 0x00, 0x00, 0x40, 0x00, 0x00, 0x00, 0xc0, 0x00, 0x00,
    0x00, 0xe0, 0x01, 0x00, 0x00, 0xbf, 0x3f, 0x00, 0x80, 0x03, 0x70, 0x00,
    0x80, 0x01, 0x60, 0x00, 0x00, 0x00, 0x00, 0x00, 0x00, 0x00, 0x00, 0x00,
    0x00, 0x00, 0x00, 0x00, 0x00, 0x00, 0x00, 0x00, 0x00, 0x00, 0x00, 0x00,
    0xc0, 0xff, 0xff, 0x00, 0xc0, 0xff, 0xff, 0x00, 0x00, 0x00, 0x00, 0x00,
    0x00, 0x00, 0x00, 0x00, 0x00, 0x00, 0x00, 0x00, 0x00, 0x00, 0x00, 0x00,
    0x00, 0x00, 0x00, 0x00, 0x80, 0x01, 0x60, 0x00, 0x80, 0x1f, 0x7e, 0x00,
    0x00, 0xbf, 0x3f, 0x00, 0x00, 0xe0, 0x00, 0x00, 0x00, 0xc0, 0x00, 0x00,
    0x00, 0x00, 0x00, 0x00, 0x00, 0x00, 0x00, 0x00, 0x00, 0x60, 0x00, 0x00,
    0x00, 0x20, 0x00, 0x00, 0x00, 0x30, 0x00, 0x00, 0x00, 0x20, 0x00, 0x00,
    0x00, 0x60, 0x00, 0x00, 0x00, 0x60, 0x00, 0x00, 0x00, 0x60, 0x00, 0x00,
    0x00, 0x60, 0x00, 0x00, 0x00, 0x00, 0x00, 0x00, 0x00, 0x00, 0x00, 0x00,
    0x00, 0x00, 0x00, 0x00, 0x00, 0x00, 0x00, 0x00, 0x00, 0x00, 0x00, 0x00,
    0x00, 0x00, 0x00, 0x00, 0x00, 0x00, 0x00, 0x00, 0x00, 0x08, 0x78, 0x00,
    0x00, 0xdc, 0x7f, 0x00, 0x00, 0x08, 0x60, 0x00, 0x00, 0x00, 0x00, 0x00,
    0x00, 0x00, 0x00, 0x00, 0x00, 0x00, 0x00, 0x00, 0x00, 0xfc, 0x01, 0x00,
    0x00, 0xfe, 0x01, 0x00, 0x00, 0x03, 0x03, 0x00, 0x80, 0x03, 0x0f, 0x00,
    0x00, 0x03, 0x03, 0x00, 0x00, 0x03, 0x03, 0x00, 0x00, 0x02, 0x01, 0x00,
    0x00, 0x00, 0x00, 0x00, 0x00, 0x00, 0x00, 0x00, 0x00, 0x30, 0x0c, 0x00,
    0x00, 0xfe, 0x0f, 0x00, 0x00, 0xff, 0x0f, 0x00, 0x80, 0x31, 0x0c, 0x00,
    0x80, 0x31, 0x0c, 0x00, 0x80, 0x31, 0x0c, 0x00, 0x80, 0x21, 0x0c, 0x00,
    0x80, 0x01, 0x0c, 0x00, 0x00, 0x00, 0x08, 0x00, 0x00, 0x00, 0x00, 0x00,
    0x00, 0x04, 0x02, 0x00, 0x00, 0xfc, 0x03, 0x00, 0x00, 0x8c, 0x01, 0x00,
    0x00, 0x0c, 0x01, 0x00, 0x00, 0x0c, 0x03, 0x00, 0x00, 0x8c, 0x01, 0x00,
    0x00, 0xfc, 0x01, 0x00, 0x00, 0x64, 0x03, 0x00, 0x00, 0x00, 0x00, 0x00,
    0x80, 0x00, 0x00, 0x00, 0x80, 0x01, 0x00, 0x00, 0x00, 0x67, 0x03, 0x00,
    0x00, 0x7c, 0x03, 0x00, 0x00, 0xf0, 0x0f, 0x00, 0x00, 0xf0, 0x0f, 0x00,
    0x00, 0x7c, 0x03, 0x00, 0x00, 0x6f, 0x03, 0x00, 0x80, 0x43, 0x02, 0x00,
    0x80, 0x00, 0x00, 0x00, 0x00, 0x00, 0x00, 0x00, 0x00, 0x00, 0x00, 0x00,
    0x00, 0x00, 0x00, 0x00, 0x00, 0x00, 0x00, 0x00, 0x00, 0x00, 0x00, 0x00,
    0xc0, 0x1f, 0xfe, 0x00, 0xc0, 0x1f, 0xfe, 0x00, 0x00, 0x00, 0x00, 0x00,
    0x00, 0x00, 0x00, 0x00, 0x00, 0x00, 0x00, 0x00, 0x00, 0x00, 0x00, 0x00,
    0x00, 0x00, 0x00, 0x00, 0x80, 0x33, 0x04, 0x00, 0x80, 0x7f, 0x0c, 0x00,
    0xc0, 0x46, 0x0c, 0x00, 0xc0, 0xc4, 0x0c, 0x00, 0xc0, 0xcc, 0x0c, 0x00,
    0xc0, 0xf8, 0x07, 0x00, 0x80, 0x30, 0x07, 0x00, 0x00, 0x00, 0x00, 0x00,
    0x00, 0x00, 0x00, 0x00, 0x00, 0x00, 0x00, 0x00, 0x00, 0x00, 0x00, 0x00,
    0x80, 0x01, 0x00, 0x00, 0x00, 0x00, 0x00, 0x00, 0x00, 0x00, 0x00, 0x00,
    0x00, 0x01, 0x00, 0x00, 0x00, 0x01, 0x00, 0x00, 0x00, 0x00, 0x00, 0x00,
    0x00, 0x00, 0x00, 0x00, 0x00, 0x00, 0x00, 0x00, 0x00, 0x00, 0x00, 0x00,
    0x00, 0xfc, 0x00, 0x00, 0x00, 0x86, 0x03, 0x00, 0x00, 0x03, 0x06, 0x00,
    0x80, 0x79, 0x04, 0x00, 0x80, 0xfc, 0x0d, 0x00, 0x80, 0x06, 0x0d, 0x00,
    0xc0, 0x06, 0x0f, 0x00, 0x80, 0x06, 0x0d, 0x00, 0x80, 0x06, 0x0d, 0x00,
    0x80, 0x01, 0x04, 0x00, 0x00, 0x03, 0x06, 0x00, 0x00, 0x86, 0x03, 0x00,
    0x00, 0xfc, 0x00, 0x00, 0x00, 0x00, 0x00, 0x00, 0x00, 0x00, 0x00, 0x00,
    0x80, 0x1e, 0x00, 0x00, 0x80, 0x12, 0x00, 0x00, 0x80, 0x12, 0x00, 0x00,
    0x80, 0x1f, 0x00, 0x00, 0x00, 0x1f, 0x00, 0x00, 0x00, 0x00, 0x00, 0x00,
    0x00, 0x00, 0x00, 0x00, 0x00, 0xc0, 0x00, 0x00, 0x00, 0xe0, 0x01, 0x00,
    0x00, 0x30, 0x07, 0x00, 0x00, 0x10, 0x06, 0x00, 0x00, 0xc0, 0x00, 0x00,
    0x00, 0xe0, 0x03, 0x00, 0x00, 0x30, 0x07, 0x00, 0x00, 0x10, 0x04, 0x00,
    0x00, 0x00, 0x00, 0x00, 0x00, 0x00, 0x00, 0x00, 0x00, 0x30, 0x00, 0x00,
    0x00, 0x30, 0x00, 0x00, 0x00, 0x30, 0x00, 0x00, 0x00, 0x30, 0x00, 0x00,
    0x00, 0x30, 0x00, 0x00, 0x00, 0x30, 0x00, 0x00, 0x00, 0x30, 0x00, 0x00,
    0x00, 0xf0, 0x01, 0x00, 0x00, 0x00, 0x00, 0x00, 0x00, 0x00, 0x00, 0x00,
    0x00, 0xc0, 0x00, 0x00, 0x00, 0xc0, 0x00, 0x00, 0x00, 0xc0, 0x00, 0x00,
    0x00, 0xc0, 0x00, 0x00, 0x00, 0x00, 0x00, 0x00, 0x00, 0x00, 0x00, 0x00,
    0x00, 0xfc, 0x00, 0x00, 0x00, 0x86, 0x03, 0x00, 0x00, 0x03, 0x06, 0x00,
    0x80, 0x01, 0x04, 0x00, 0x80, 0xfe, 0x0d, 0x00, 0x80, 0x66, 0x0c, 0x00,
    0xc0, 0x66, 0x0c, 0x00, 0x80, 0xf6, 0x0c, 0x00, 0x80, 0x9c, 0x0d, 0x00,
    0x80, 0x01, 0x04, 0x00, 0x00, 0x03, 0x06, 0x00, 0x00, 0x86, 0x03, 0x00,
    0x00, 0xfc, 0x00, 0x00, 0x00, 0x00, 0x00, 0x00, 0x00, 0x00, 0x00, 0x00,
    0x30, 0x00, 0x00, 0x00, 0x30, 0x00, 0x00, 0x00, 0x30, 0x00, 0x00, 0x00,
    0x30, 0x00, 0x00, 0x00, 0x30, 0x00, 0x00, 0x00, 0x30, 0x00, 0x00, 0x00,
    0x30, 0x00, 0x00, 0x00, 0x30, 0x00, 0x00, 0x00, 0x30, 0x00, 0x00, 0x00,
    0x00, 0x00, 0x00, 0x00, 0x00, 0x00, 0x00, 0x00, 0x00, 0x0f, 0x00, 0x00,
    0x80, 0x19, 0x00, 0x00, 0x80, 0x19, 0x00, 0x00, 0x80, 0x19, 0x00, 0x00,
    0x00, 0x0f, 0x00, 0x00, 0x00, 0x06, 0x00, 0x00, 0x00, 0x00, 0x00, 0x00,
    0x00, 0x00, 0x00, 0x00, 0x00, 0x30, 0x0c, 0x00, 0x00, 0x30, 0x0c, 0x00,
    0x00, 0x30, 0x0c, 0x00, 0x00, 0xfe, 0x0f, 0x00, 0x00, 0xfe, 0x0f, 0x00,
    0x00, 0x30, 0x0c, 0x00, 0x00, 0x30, 0x0c, 0x00, 0x00, 0x30, 0x0c, 0x00,
    0x00, 0x00, 0x00, 0x00, 0x00, 0x08, 0x00, 0x00, 0x30, 0x0c, 0x00, 0x00,
    0x10, 0x0e, 0x00, 0x00, 0x10, 0x0b, 0x00, 0x00, 0xf0, 0x09, 0x00, 0x00,
    0x60, 0x08, 0x00, 0x00, 0x00, 0x00, 0x00, 0x00, 0x30, 0x08, 0x00, 0x00,
    0x10, 0x09, 0x00, 0x00, 0x10, 0x09, 0x00, 0x00, 0xf0, 0x0f, 0x00, 0x00,
    0x40, 0x06, 0x00, 0x00, 0x00, 0x00, 0x00, 0x00, 0x00, 0x01, 0x00, 0x00,
    0xc0, 0x01, 0x00, 0x00, 0xc0, 0x00, 0x00, 0x00, 0x00, 0x00, 0x00, 0x00,
    0x00, 0x00, 0x00, 0x00, 0x00, 0xfc, 0xff, 0x00, 0x00, 0xfc, 0xff, 0x00,
    0x00, 0x00, 0x0e, 0x00, 0x00, 0x00, 0x0c, 0x00, 0x00, 0x00, 0x0c, 0x00,
    0x00, 0x00, 0x0c, 0x00, 0x00, 0x00, 0x06, 0x00, 0x00, 0xfc, 0x0f, 0x00,
    0x00, 0xfc, 0x0f, 0x00, 0x00, 0x00, 0x00, 0x00, 0x00, 0x00, 0x00, 0x00,
    0x00, 0x3f, 0x00, 0x00, 0x80, 0x7f, 0x00, 0x00, 0xc0, 0x7f, 0x00, 0x00,
    0xc0, 0x7f, 0x00, 0x00, 0xc0, 0x7f, 0x00, 0x00, 0xc0, 0xff, 0x7f, 0x00,
    0xc0, 0x00, 0x00, 0x00, 0xc0, 0x00, 0x00, 0x00, 0xc0, 0xff, 0x7f, 0x00,
    0x00, 0x00, 0x00, 0x00, 0x00, 0x00, 0x00, 0x00, 0x00, 0x00, 0x00, 0x00,
    0x00, 0x20, 0x00, 0x00, 0x00, 0x70, 0x00, 0x00, 0x00, 0x20, 0x00, 0x00,
    0x00, 0x00, 0x00, 0x00, 0x00, 0x00, 0x80, 0x00, 0x00, 0x00, 0x90, 0x00,
    0x00, 0x00, 0xf0, 0x00, 0x00, 0x00, 0x60, 0x00, 0x00, 0x00, 0x00, 0x00,
    0xc0, 0x00, 0x00, 0x00, 0x60, 0x00, 0x00, 0x00, 0xe0, 0x1f, 0x00, 0x00,
    0xe0, 0x1f, 0x00, 0x00, 0x00, 0x00, 0x00, 0x00, 0x00, 0x00, 0x00, 0x00,
    0x00, 0x0f, 0x00, 0x00, 0x80, 0x10, 0x00, 0x00, 0x80, 0x10, 0x00, 0x00,
    0x80, 0x18, 0x00, 0x00, 0x00, 0x0f, 0x00, 0x00, 0x00, 0x00, 0x00, 0x00,
    0x00, 0x00, 0x00, 0x00, 0x00, 0x10, 0x06, 0x00, 0x00, 0x30, 0x07, 0x00,
    0x00, 0xe0, 0x01, 0x00, 0x00, 0xc0, 0x00, 0x00, 0x00, 0x10, 0x06, 0x00,
    0x00, 0x70, 0x03, 0x00, 0x00, 0xe0, 0x01, 0x00, 0x00, 0xc0, 0x00, 0x00,
    0x00, 0x00, 0x00, 0x00, 0x00, 0x00, 0x00, 0x00, 0x00, 0x01, 0x00, 0x00,
    0x80, 0x01, 0x00, 0x00, 0x80, 0x7f, 0x0c, 0x00, 0x00, 0x00, 0x07, 0x00,
    0x00, 0x80, 0x01, 0x00, 0x00, 0xe0, 0x00, 0x00, 0x00, 0x38, 0x00, 0x00,
    0x00, 0x0c, 0x03, 0x00, 0x00, 0xc7, 0x02, 0x00, 0x80, 0x61, 0x02, 0x00,
    0x00, 0xf0, 0x0f, 0x00, 0x00, 0xf0, 0x0f, 0x00, 0x00, 0x00, 0x02, 0x00,
    0x00, 0x00, 0x00, 0x00, 0x00, 0x01, 0x00, 0x00, 0x80, 0x01, 0x08, 0x00,
    0x80, 0x7f, 0x0c, 0x00, 0x00, 0x00, 0x07, 0x00, 0x00, 0xc0, 0x01, 0x00,
    0x00, 0x70, 0x00, 0x00, 0x00, 0x18, 0x00, 0x00, 0x00, 0x0e, 0x08, 0x00,
    0x80, 0x33, 0x0c, 0x00, 0x80, 0x10, 0x0e, 0x00, 0x00, 0x10, 0x0d, 0x00,
    0x00, 0xf0, 0x0c, 0x00, 0x00, 0x60, 0x08, 0x00, 0x00, 0x00, 0x00, 0x00,
    0x80, 0x41, 0x00, 0x00, 0x80, 0x4c, 0x00, 0x00, 0x80, 0x4c, 0x08, 0x00,
    0x80, 0x7f, 0x0c, 0x00, 0x00, 0x3b, 0x07, 0x00, 0x00, 0xc0, 0x01, 0x00,
    0x00, 0x60, 0x00, 0x00, 0x00, 0x38, 0x02, 0x00, 0x00, 0x8e, 0x03, 0x00,
    0x80, 0xc3, 0x02, 0x00, 0x80, 0x71, 0x06, 0x00, 0x00, 0xf0, 0x0f, 0x00,
    0x00, 0x00, 0x02, 0x00, 0x00, 0x00, 0x00, 0x00, 0x00, 0x00, 0x00, 0x00,
    0x00, 0x00, 0x3c, 0x00, 0x00, 0x00, 0x66, 0x00, 0x00, 0x08, 0x63, 0x00,
    0x00, 0xdc, 0x61, 0x00, 0x00, 0x0c, 0x60, 0x00, 0x00, 0x00, 0x60, 0x00,
    0x00, 0x00, 0x20, 0x00, 0x00, 0x00, 0x08, 0x00, 0x00, 0x00, 0x0f, 0x00,
    0x00, 0xe0, 0x07, 0x00, 0x08, 0xf8, 0x00, 0x00, 0x18, 0xdf, 0x00, 0x00,
    0xb8, 0xc3, 0x00, 0x00, 0xa0, 0xc7, 0x00, 0x00, 0x00, 0xde, 0x00, 0x00,
    0x00, 0xf8, 0x00, 0x00, 0x00, 0xc0, 0x07, 0x00, 0x00, 0x00, 0x0e, 0x00,
    0x00, 0x00, 0x08, 0x00, 0x00, 0x00, 0x08, 0x00, 0x00, 0x00, 0x0f, 0x00,
    0x00, 0xe0, 0x07, 0x00, 0x00, 0xf8, 0x00, 0x00, 0x00, 0xdf, 0x00, 0x00,
    0xa0, 0xc3, 0x00, 0x00, 0x98, 0xc7, 0x00, 0x00, 0x18, 0xde, 0x00, 0x00,
    0x00, 0xf8, 0x00, 0x00, 0x00, 0xc0, 0x07, 0x00, 0x00, 0x00, 0x0e, 0x00,
    0x00, 0x00, 0x08, 0x00, 0x00, 0x00, 0x08, 0x00, 0x00, 0x00, 0x0f, 0x00,
    0x00, 0xe0, 0x07, 0x00, 0x20, 0xf8, 0x00, 0x00, 0x30, 0xdf, 0x00, 0x00,
    0x98, 0xc3, 0x00, 0x00, 0x98, 0xc7, 0x00, 0x00, 0x30, 0xde, 0x00, 0x00,
    0x20, 0xf8, 0x00, 0x00, 0x00, 0xc0, 0x07, 0x00, 0x00, 0x00, 0x0e, 0x00,
    0x00, 0x00, 0x08, 0x00, 0x00, 0x00, 0x08, 0x00, 0x00, 0x00, 0x0f, 0x00,
    0x00, 0xe0, 0x07, 0x00, 0x30, 0xf8, 0x00, 0x00, 0x18, 0xdf, 0x00, 0x00,
    0x90, 0xc3, 0x00, 0x00, 0xb0, 0xc7, 0x00, 0x00, 0x30, 0xde, 0x00, 0x00,
    0x18, 0xf8, 0x00, 0x00, 0x00, 0xc0, 0x07, 0x00, 0x00, 0x00, 0x0e, 0x00,
    0x00, 0x00, 0x08, 0x00, 0x00, 0x00, 0x08, 0x00, 0x00, 0x00, 0x0f, 0x00,
    0x00, 0xe0, 0x07, 0x00, 0x20, 0xf8, 0x00, 0x00, 0x20, 0xdf, 0x00, 0x00,
    0x80, 0xc3, 0x00, 0x00, 0x80, 0xc7, 0x00, 0x00, 0x30, 0xde, 0x00, 0x00,
    0x00, 0xf8, 0x00, 0x00, 0x00, 0xc0, 0x07, 0x00, 0x00, 0x00, 0x0e, 0x00,
    0x00, 0x00, 0x08, 0x00, 0x00, 0x00, 0x08, 0x00, 0x00, 0x00, 0x0f, 0x00,
    0x00, 0xe0, 0x07, 0x00, 0x00, 0xf8, 0x00, 0x00, 0xe0, 0xdf, 0x00, 0x00,
    0xf0, 0xc3, 0x00, 0x00, 0xf0, 0xc7, 0x00, 0x00, 0x60, 0xde, 0x00, 0x00,
    0x00, 0xf8, 0x00, 0x00, 0x00, 0xc0, 0x07, 0x00, 0x00, 0x00, 0x0e, 0x00,
    0x00, 0x00, 0x08, 0x00, 0x00, 0x00, 0x00, 0x00, 0x00, 0x00, 0x08, 0x00,
    0x00, 0x00, 0x0e, 0x00, 0x00, 0x80, 0x07, 0x00, 0x00, 0xf0, 0x00, 0x00,
    0x00, 0xfc, 0x00, 0x00, 0x00, 0xcf, 0x00, 0x00, 0x80, 0xc3, 0x00, 0x00,
    0x80, 0xc1, 0x00, 0x00, 0x80, 0xff, 0x0f, 0x00, 0x80, 0xff, 0x0f, 0x00,
    0x80, 0x31, 0x0c, 0x00, 0x80, 0x31, 0x0c, 0x00, 0x80, 0x31, 0x0c, 0x00,
    0x80, 0x31, 0x0c, 0x00, 0x80, 0x21, 0x0c, 0x00, 0x00, 0x00, 0x00, 0x00,
    0x00, 0x00, 0x00, 0x00, 0x00, 0xf8, 0x00, 0x00, 0x00, 0xfe, 0x03, 0x00,
    0x00, 0x07, 0x07, 0x00, 0x00, 0x03, 0x0e, 0x00, 0x80, 0x01, 0x8c, 0x00,
    0x80, 0x01, 0xbc, 0x00, 0x80, 0x01, 0xec, 0x00, 0x80, 0x01, 0x4c, 0x00,
    0x80, 0x01, 0x0c, 0x00, 0x00, 0x00, 0x00, 0x00, 0x00, 0x00, 0x00, 0x00,
    0x00, 0x00, 0x00, 0x00, 0x80, 0xff, 0x0f, 0x00, 0x88, 0xff, 0x0f, 0x00,
    0x98, 0x31, 0x0c, 0x00, 0xb0, 0x31, 0x0c, 0x00, 0xa0, 0x31, 0x0c, 0x00,
    0x80, 0x31, 0x0c, 0x00, 0x80, 0x21, 0x0c, 0x00, 0x00, 0x00, 0x00, 0x00,
    0x00, 0x00, 0x00, 0x00, 0x00, 0x00, 0x00, 0x00, 0x80, 0xff, 0x0f, 0x00,
    0x80, 0xff, 0x0f, 0x00, 0xa0, 0x31, 0x0c, 0x00, 0xb0, 0x31, 0x0c, 0x00,
    0x98, 0x31, 0x0c, 0x00, 0x88, 0x31, 0x0c, 0x00, 0x80, 0x21, 0x0c, 0x00,
    0x00, 0x00, 0x00, 0x00, 0x00, 0x00, 0x00, 0x00, 0x00, 0x00, 0x00, 0x00,
    0xa0, 0xff, 0x0f, 0x00, 0xb0, 0xff, 0x0f, 0x00, 0x98, 0x31, 0x0c, 0x00,
    0x98, 0x31, 0x0c, 0x00, 0x98, 0x31, 0x0c, 0x00, 0xb0, 0x31, 0x0c, 0x00,
    0x80, 0x21, 0x0c, 0x00, 0x00, 0x00, 0x00, 0x00, 0x00, 0x00, 0x00, 0x00,
    0x00, 0x00, 0x00, 0x00, 0x80, 0xff, 0x0f, 0x00, 0xa0, 0xff, 0x0f, 0x00,
    0xa0, 0x31, 0x0c, 0x00, 0x80, 0x31, 0x0c, 0x00, 0xa0, 0x31, 0x0c, 0x00,
    0xa0, 0x31, 0x0c, 0x00, 0x80, 0x21, 0x0c, 0x00, 0x00, 0x00, 0x00, 0x00,
    0x00, 0x00, 0x00, 0x00, 0x88, 0x01, 0x08, 0x00, 0x98, 0xff, 0x0f, 0x00,
    0xb0, 0xff, 0x0f, 0x00, 0x80, 0x01, 0x0c, 0x00, 0x80, 0x00, 0x08, 0x00,
    0x00, 0x00, 0x00, 0x00, 0x80, 0x01, 0x08, 0x00, 0xa0, 0xff, 0x0f, 0x00,
    0xb8, 0xff, 0x0f, 0x00, 0x98, 0x01, 0x0c, 0x00, 0x88, 0x00, 0x08, 0x00,
    0x00, 0x00, 0x00, 0x00, 0x20, 0x00, 0x00, 0x00, 0xb0, 0x01, 0x08, 0x00,
    0x98, 0xff, 0x0f, 0x00, 0x98, 0xff, 0x0f, 0x00, 0xb8, 0x01, 0x0c, 0x00,
    0xa0, 0x00, 0x08, 0x00, 0x00, 0x00, 0x00, 0x00, 0x00, 0x00, 0x00, 0x00,
    0xb0, 0x01, 0x08, 0x00, 0x80, 0xff, 0x0f, 0x00, 0x80, 0xff, 0x0f, 0x00,
    0xa0, 0x01, 0x0c, 0x00, 0xa0, 0x00, 0x08, 0x00, 0x00, 0x20, 0x00, 0x00,
    0x00, 0x60, 0x00, 0x00, 0x80, 0xff, 0x0f, 0x00, 0x80, 0xff, 0x0f, 0x00,
    0x80, 0x61, 0x0c, 0x00, 0x80, 0x61, 0x0c, 0x00, 0x80, 0x21, 0x0c, 0x00,
    0x80, 0x01, 0x0c, 0x00, 0x00, 0x01, 0x06, 0x00, 0x00, 0x07, 0x07, 0x00,
    0x00, 0xfe, 0x03, 0x00, 0x00, 0xfc, 0x01, 0x00, 0x00, 0x00, 0x00, 0x00,
    0x00, 0x00, 0x00, 0x00, 0x00, 0x00, 0x00, 0x00, 0x80, 0xff, 0x0f, 0x00,
    0x80, 0x03, 0x00, 0x00, 0x30, 0x07, 0x00, 0x00, 0x18, 0x1e, 0x00, 0x00,
    0x10, 0x78, 0x00, 0x00, 0x30, 0xe0, 0x00, 0x00, 0x30, 0xc0, 0x03, 0x00,
    0x10, 0x00, 0x07, 0x00, 0x80, 0xff, 0x0f, 0x00, 0x80, 0xff, 0x0f, 0x00,
    0x00, 0x00, 0x00, 0x00, 0x00, 0x00, 0x00, 0x00, 0x00, 0x00, 0x00, 0x00,
    0x00, 0xf8, 0x00, 0x00, 0x00, 0xfe, 0x03, 0x00, 0x00, 0x07, 0x07, 0x00,
    0x00, 0x01, 0x0c, 0x00, 0x88, 0x01, 0x0c, 0x00, 0x98, 0x01, 0x0c, 0x00,
    0xb0, 0x01, 0x0c, 0x00, 0x80, 0x01, 0x0c, 0x00, 0x80, 0x01, 0x0c, 0x00,
    0x00, 0x07, 0x07, 0x00, 0x00, 0xfe, 0x03, 0x00, 0x00, 0xfc, 0x01, 0x00,
    0x00, 0x00, 0x00, 0x00, 0x00, 0x00, 0x00, 0x00, 0x00, 0xf8, 0x00, 0x00,
    0x00, 0xfe, 0x03, 0x00, 0x00, 0x07, 0x07, 0x00, 0x00, 0x01, 0x0c, 0x00,
    0x80, 0x01, 0x0c, 0x00, 0xa0, 0x01, 0x0c, 0x00, 0xb8, 0x01, 0x0c, 0x00,
    0x98, 0x01, 0x0c, 0x00, 0x88, 0x01, 0x0c, 0x00, 0x00, 0x07, 0x07, 0x00,
    0x00, 0xfe, 0x03, 0x00, 0x00, 0xfc, 0x01, 0x00, 0x00, 0x00, 0x00, 0x00,
    0x00, 0x00, 0x00, 0x00, 0x00, 0xf8, 0x00, 0x00, 0x00, 0xfe, 0x03, 0x00,
    0x00, 0x07, 0x07, 0x00, 0x20, 0x01, 0x0c, 0x00, 0xb0, 0x01, 0x0c, 0x00,
    0x98, 0x01, 0x0c, 0x00, 0x98, 0x01, 0x0c, 0x00, 0xb0, 0x01, 0x0c, 0x00,
    0xa0, 0x01, 0x0c, 0x00, 0x00, 0x07, 0x07, 0x00, 0x00, 0xfe, 0x03, 0x00,
    0x00, 0xfc, 0x01, 0x00, 0x00, 0x00, 0x00, 0x00, 0x00, 0x00, 0x00, 0x00,
    0x00, 0xf8, 0x00, 0x00, 0x00, 0xfe, 0x03, 0x00, 0x00, 0x07, 0x07, 0x00,
    0x30, 0x01, 0x0c, 0x00, 0x98, 0x01, 0x0c, 0x00, 0x90, 0x01, 0x0c, 0x00,
    0xb0, 0x01, 0x0c, 0x00, 0xb0, 0x01, 0x0c, 0x00, 0xb0, 0x01, 0x0c, 0x00,
    0x00, 0x07, 0x07, 0x00, 0x00, 0xfe, 0x03, 0x00, 0x00, 0xfc, 0x01, 0x00,
    0x00, 0x00, 0x00, 0x00, 0x00, 0x00, 0x00, 0x00, 0x00, 0xf8, 0x00, 0x00,
    0x00, 0xfe, 0x03, 0x00, 0x00, 0x07, 0x07, 0x00, 0x00, 0x01, 0x0c, 0x00,
    0xb0, 0x01, 0x0c, 0x00, 0x80, 0x01, 0x0c, 0x00, 0x80, 0x01, 0x0c, 0x00,
    0xa0, 0x01, 0x0c, 0x00, 0xa0, 0x01, 0x0c, 0x00, 0x00, 0x07, 0x07, 0x00,
    0x00, 0xfe, 0x03, 0x00, 0x00, 0xfc, 0x01, 0x00, 0x00, 0x00, 0x00, 0x00,
    0x00, 0x00, 0x00, 0x00, 0x00, 0x04, 0x01, 0x00, 0x00, 0x8c, 0x01, 0x00,
    0x00, 0xd8, 0x00, 0x00, 0x00, 0x70, 0x00, 0x00, 0x00, 0x70, 0x00, 0x00,
    0x00, 0xd8, 0x00, 0x00, 0x00, 0x8c, 0x01, 0x00, 0x00, 0x04, 0x01, 0x00,
    0x00, 0x00, 0x00, 0x00, 0x00, 0x00, 0x00, 0x00, 0x00, 0xf8, 0x00, 0x00,
    0x00, 0xfe, 0x0b, 0x00, 0x00, 0x07, 0x0f, 0x00, 0x00, 0x01, 0x0f, 0x00,
    0x80, 0x81, 0x0d, 0x00, 0x80, 0xe1, 0x0c, 0x00, 0x80, 0x31, 0x0c, 0x00,
    0x80, 0x1d, 0x0c, 0x00, 0x80, 0x07, 0x0c, 0x00, 0x80, 0x07, 0x07, 0x00,
    0x80, 0xff, 0x03, 0x00, 0x00, 0xfc, 0x00, 0x00, 0x00, 0x00, 0x00, 0x00,
    0x00, 0x00, 0x00, 0x00, 0x00, 0x00, 0x00, 0x00, 0x80, 0xff, 0x03, 0x00,
    0x80, 0xff, 0x07, 0x00, 0x08, 0x00, 0x0c, 0x00, 0x18, 0x00, 0x0c, 0x00,
    0x30, 0x00, 0x0c, 0x00, 0x20, 0x00, 0x0c, 0x00, 0x00, 0x00, 0x0c, 0x00,
    0x00, 0x00, 0x06, 0x00, 0x80, 0xff, 0x07, 0x00, 0x80, 0xff, 0x01, 0x00,
    0x00, 0x00, 0x00, 0x00, 0x00, 0x00, 0x00, 0x00, 0x00, 0x00, 0x00, 0x00,
    0x80, 0xff, 0x03, 0x00, 0x80, 0xff, 0x07, 0x00, 0x00, 0x00, 0x0c, 0x00,
    0x00, 0x00, 0x0c, 0x00, 0x30, 0x00, 0x0c, 0x00, 0x18, 0x00, 0x0c, 0x00,
    0x08, 0x00, 0x0c, 0x00, 0x00, 0x00, 0x06, 0x00, 0x80, 0xff, 0x07, 0x00,
    0x80, 0xff, 0x01, 0x00, 0x00, 0x00, 0x00, 0x00, 0x00, 0x00, 0x00, 0x00,
    0x00, 0x00, 0x00, 0x00, 0x80, 0xff, 0x03, 0x00, 0x80, 0xff, 0x07, 0x00,
    0x20, 0x00, 0x0c, 0x00, 0x18, 0x00, 0x0c, 0x00, 0x18, 0x00, 0x0c, 0x00,
    0x18, 0x00, 0x0c, 0x00, 0x30, 0x00, 0x0c, 0x00, 0x20, 0x00, 0x06, 0x00,
    0x80, 0xff, 0x07, 0x00, 0x80, 0xff, 0x01, 0x00, 0x00, 0x00, 0x00, 0x00,
    0x00, 0x00, 0x00, 0x00, 0x00, 0x00, 0x00, 0x00, 0x80, 0xff, 0x03, 0x00,
    0x80, 0xff, 0x07, 0x00, 0x20, 0x00, 0x0c, 0x00, 0x20, 0x00, 0x0c, 0x00,
    0x00, 0x00, 0x0c, 0x00, 0x00, 0x00, 0x0c, 0x00, 0x20, 0x00, 0x0c, 0x00,
    0x00, 0x00, 0x06, 0x00, 0x80, 0xff, 0x07, 0x00, 0x80, 0xff, 0x01, 0x00,
    0x00, 0x00, 0x00, 0x00, 0x80, 0x00, 0x00, 0x00, 0x80, 0x03, 0x00, 0x00,
    0x00, 0x0f, 0x00, 0x00, 0x00, 0x3c, 0x00, 0x00, 0x20, 0xf0, 0x0f, 0x00,
    0x30, 0xf0, 0x0f, 0x00, 0x18, 0x38, 0x00, 0x00, 0x08, 0x1e, 0x00, 0x00,
    0x80, 0x07, 0x00, 0x00, 0x80, 0x01, 0x00, 0x00, 0x00, 0x00, 0x00, 0x00,
    0x00, 0x00, 0x00, 0x00, 0x00, 0x00, 0x00, 0x00, 0x80, 0xff, 0x0f, 0x00,
    0x80, 0xff, 0x0f, 0x00, 0x00, 0x86, 0x01, 0x00, 0x00, 0x86, 0x01, 0x00,
    0x00, 0x84, 0x01, 0x00, 0x00, 0x8c, 0x01, 0x00, 0x00, 0xfc, 0x00, 0x00,
    0x00, 0x78, 0x00, 0x00, 0x00, 0x00, 0x00, 0x00, 0x00, 0x00, 0x00, 0x00,
    0x00, 0xfc, 0x0f, 0x00, 0x80, 0xff, 0x0f, 0x00, 0xc0, 0x01, 0x00, 0x00,
    0xc0, 0x00, 0x00, 0x00, 0xc0, 0x00, 0x0c, 0x00, 0xc0, 0x38, 0x0c, 0x00,
    0xc0, 0x6c, 0x0c, 0x00, 0x80, 0xc7, 0x0c, 0x00, 0x00, 0xc3, 0x0f, 0x00,
    0x00, 0x80, 0x07, 0x00, 0x00, 0x00, 0x00, 0x00, 0x00, 0x00, 0x00, 0x00,
    0x00, 0x80, 0x07, 0x00, 0x00, 0xc8, 0x0f, 0x00, 0x40, 0xcc, 0x0c, 0x00,
    0xc0, 0xcc, 0x0c, 0x00, 0x80, 0xcd, 0x0c, 0x00, 0x00, 0xcc, 0x04, 0x00,
    0x00, 0xf8, 0x0f, 0x00, 0x00, 0xf0, 0x0f, 0x00, 0x00, 0x00, 0x00, 0x00,
    0x00, 0x00, 0x00, 0x00, 0x00, 0x80, 0x07, 0x00, 0x00, 0xc8, 0x0f, 0x00,
    0x00, 0xcc, 0x0c, 0x00, 0x00, 0xcd, 0x0c, 0x00, 0xc0, 0xcd, 0x0c, 0x00,
    0xc0, 0xcc, 0x04, 0x00, 0x40, 0xf8, 0x0f, 0x00, 0x00, 0xf0, 0x0f, 0x00,
    0x00, 0x00, 0x00, 0x00, 0x00, 0x00, 0x00, 0x00, 0x00, 0x80, 0x07, 0x00,
    0x00, 0xc9, 0x0f, 0x00, 0x80, 0xcd, 0x0c, 0x00, 0xc0, 0xcc, 0x0c, 0x00,
    0xc0, 0xcc, 0x0c, 0x00, 0xc0, 0xcd, 0x04, 0x00, 0x00, 0xf9, 0x0f, 0x00,
    0x00, 0xf0, 0x0f, 0x00, 0x00, 0x00, 0x00, 0x00, 0x00, 0x00, 0x00, 0x00,
    0x00, 0x80, 0x07, 0x00, 0x80, 0xc9, 0x0f, 0x00, 0x80, 0xcc, 0x0c, 0x00,
    0x80, 0xcc, 0x0c, 0x00, 0x80, 0xcd, 0x0c, 0x00, 0x80, 0xcd, 0x04, 0x00,
    0x80, 0xf9, 0x0f, 0x00, 0x00, 0xf0, 0x0f, 0x00, 0x00, 0x00, 0x00, 0x00,
    0x00, 0x00, 0x00, 0x00, 0x00, 0x80, 0x07, 0x00, 0x00, 0xc8, 0x0f, 0x00,
    0x80, 0xcd, 0x0c, 0x00, 0x00, 0xcc, 0x0c, 0x00, 0x00, 0xcc, 0x0c, 0x00,
    0x00, 0xcd, 0x04, 0x00, 0x00, 0xf9, 0x0f, 0x00, 0x00, 0xf0, 0x0f, 0x00,
    0x00, 0x00, 0x00, 0x00, 0x00, 0x00, 0x00, 0x00, 0x00, 0x80, 0x07, 0x00,
    0x00, 0xc8, 0x0f, 0x00, 0xc0, 0xcc, 0x0c, 0x00, 0xe0, 0xcd, 0x0c, 0x00,
    0xe0, 0xcd, 0x0c, 0x00, 0xe0, 0xcd, 0x04, 0x00, 0x00, 0xf8, 0x0f, 0x00,
    0x00, 0xf0, 0x0f, 0x00, 0x00, 0x00, 0x00, 0x00, 0x00, 0x00, 0x00, 0x00,
    0x00, 0x80, 0x07, 0x00, 0x00, 0xc8, 0x0f, 0x00, 0x00, 0xcc, 0x0c, 0x00,
    0x00, 0xcc, 0x0c, 0x00, 0x00, 0xcc, 0x0c, 0x00, 0x00, 0xcc, 0x06, 0x00,
    0x00, 0xf8, 0x03, 0x00, 0x00, 0xf8, 0x07, 0x00, 0x00, 0xcc, 0x0c, 0x00,
    0x00, 0xcc, 0x0c, 0x00, 0x00, 0xcc, 0x0c, 0x00, 0x00, 0xcc, 0x0c, 0x00,
    0x00, 0xf8, 0x0c, 0x00, 0x00, 0xf0, 0x00, 0x00, 0x00, 0x00, 0x00, 0x00,
    0x00, 0x00, 0x00, 0x00, 0x00, 0xf0, 0x03, 0x00, 0x00, 0xf8, 0x07, 0x00,
    0x00, 0x1c, 0x8e, 0x00, 0x00, 0x0c, 0x9c, 0x00, 0x00, 0x0c, 0xfc, 0x00,
    0x00, 0x0c, 0x6c, 0x00, 0x00, 0x0c, 0x0c, 0x00, 0x00, 0x00, 0x00, 0x00,
    0x00, 0x00, 0x00, 0x00, 0x00, 0xf0, 0x03, 0x00, 0x00, 0xf8, 0x07, 0x00,
    0x40, 0xcc, 0x0e, 0x00, 0xc0, 0xcc, 0x0c, 0x00, 0x80, 0xcd, 0x0c, 0x00,
    0x00, 0xcc, 0x0c, 0x00, 0x00, 0xf8, 0x0c, 0x00, 0x00, 0xf8, 0x04, 0x00,
    0x00, 0x00, 0x00, 0x00, 0x00, 0x00, 0x00, 0x00, 0x00, 0xf0, 0x03, 0x00,
    0x00, 0xf8, 0x07, 0x00, 0x00, 0xcc, 0x0e, 0x00, 0x00, 0xcd, 0x0c, 0x00,
    0xc0, 0xcd, 0x0c, 0x00, 0xc0, 0xcc, 0x0c, 0x00, 0x40, 0xf8, 0x0c, 0x00,
    0x00, 0xf8, 0x04, 0x00, 0x00, 0x00, 0x00, 0x00, 0x00, 0x00, 0x00, 0x00,
    0x00, 0xf0, 0x03, 0x00, 0x00, 0xf9, 0x07, 0x00, 0x80, 0xcd, 0x0e, 0x00,
    0xc0, 0xcc, 0x0c, 0x00, 0xc0, 0xcc, 0x0c, 0x00, 0xc0, 0xcd, 0x0c, 0x00,
    0x00, 0xf9, 0x0c, 0x00, 0x00, 0xf8, 0x04, 0x00, 0x00, 0x00, 0x00, 0x00,
    0x00, 0x00, 0x00, 0x00, 0x00, 0xf0, 0x03, 0x00, 0x00, 0xf8, 0x07, 0x00,
    0x80, 0xcd, 0x0e, 0x00, 0x00, 0xcc, 0x0c, 0x00, 0x00, 0xcc, 0x0c, 0x00,
    0x00, 0xcd, 0x0c, 0x00, 0x00, 0xf9, 0x0c, 0x00, 0x00, 0xf8, 0x04, 0x00,
    0x00, 0x00, 0x00, 0x00, 0x00, 0x00, 0x00, 0x00, 0x40, 0x00, 0x00, 0x00,
    0xc0, 0xfc, 0x0f, 0x00, 0x80, 0xfd, 0x0f, 0x00, 0x00, 0x01, 0x00, 0x00,
    0x00, 0x00, 0x00, 0x00, 0x00, 0x00, 0x00, 0x00, 0x00, 0xfd, 0x0f, 0x00,
    0x80, 0xfd, 0x0f, 0x00, 0xc0, 0x00, 0x00, 0x00, 0x40, 0x00, 0x00, 0x00,
    0x00, 0x00, 0x00, 0x00, 0x00, 0x00, 0x00, 0x00, 0x80, 0x01, 0x00, 0x00,
    0xc0, 0xfc, 0x0f, 0x00, 0xc0, 0xfc, 0x0f, 0x00, 0xc0, 0x00, 0x00, 0x00,
    0x80, 0x01, 0x00, 0x00, 0x00, 0x00, 0x00, 0x00, 0x00, 0x00, 0x00, 0x00,
    0x00, 0x01, 0x00, 0x00, 0x00, 0xfd, 0x0f, 0x00, 0x00, 0xfc, 0x0f, 0x00,
    0x00, 0x01, 0x00, 0x00, 0x00, 0x01, 0x00, 0x00, 0x00, 0x00, 0x00, 0x00,
    0x00, 0x00, 0x00, 0x00, 0x00, 0xe0, 0x03, 0x00, 0x00, 0xf0, 0x07, 0x00,
    0x40, 0x1a, 0x0e, 0x00, 0xc0, 0x1b, 0x0c, 0x00, 0x80, 0x19, 0x0c, 0x00,
    0x80, 0x1b, 0x0c, 0x00, 0xc0, 0x3f, 0x0e, 0x00, 0x40, 0xfe, 0x07, 0x00,
    0x00, 0xf0, 0x03, 0x00, 0x00, 0x00, 0x00, 0x00, 0x00, 0x00, 0x00, 0x00,
    0x00, 0xfc, 0x0f, 0x00, 0x00, 0xfd, 0x0f, 0x00, 0x80, 0x39, 0x00, 0x00,
    0xc0, 0x0c, 0x00, 0x00, 0x80, 0x0c, 0x00, 0x00, 0x80, 0x0d, 0x00, 0x00,
    0x80, 0x0d, 0x00, 0x00, 0xc0, 0xf8, 0x0f, 0x00, 0x00, 0xf0, 0x0f, 0x00,
    0x00, 0x00, 0x00, 0x00, 0x00, 0x00, 0x00, 0x00, 0x00, 0xf0, 0x03, 0x00,
    0x00, 0xf8, 0x07, 0x00, 0x40, 0x1c, 0x0e, 0x00, 0xc0, 0x0c, 0x0c, 0x00,
    0x80, 0x0d, 0x0c, 0x00, 0x00, 0x0d, 0x0c, 0x00, 0x00, 0x1c, 0x0e, 0x00,
    0x00, 0xf8, 0x07, 0x00, 0x00, 0xf0, 0x03, 0x00, 0x00, 0x00, 0x00, 0x00,
    0x00, 0x00, 0x00, 0x00, 0x00, 0xf0, 0x03, 0x00, 0x00, 0xf8, 0x07, 0x00,
    0x00, 0x1c, 0x0e, 0x00, 0x00, 0x0d, 0x0c, 0x00, 0x80, 0x0d, 0x0c, 0x00,
    0xc0, 0x0c, 0x0c, 0x00, 0x40, 0x1c, 0x0e, 0x00, 0x00, 0xf8, 0x07, 0x00,
    0x00, 0xf0, 0x03, 0x00, 0x00, 0x00, 0x00, 0x00, 0x00, 0x00, 0x00, 0x00,
    0x00, 0xf0, 0x03, 0x00, 0x00, 0xf8, 0x07, 0x00, 0x80, 0x1d, 0x0e, 0x00,
    0xc0, 0x0c, 0x0c, 0x00, 0xc0, 0x0c, 0x0c, 0x00, 0xc0, 0x0c, 0x0c, 0x00,
    0x80, 0x1d, 0x0e, 0x00, 0x00, 0xf9, 0x07, 0x00, 0x00, 0xf0, 0x03, 0x00,
    0x00, 0x00, 0x00, 0x00, 0x00, 0x00, 0x00, 0x00, 0x00, 0xf0, 0x03, 0x00,
    0x00, 0xf9, 0x07, 0x00, 0x80, 0x1c, 0x0e, 0x00, 0x80, 0x0c, 0x0c, 0x00,
    0x80, 0x0d, 0x0c, 0x00, 0x80, 0x0d, 0x0c, 0x00, 0x80, 0x1d, 0x0e, 0x00,
    0x80, 0xf8, 0x07, 0x00, 0x00, 0xf0, 0x03, 0x00, 0x00, 0x00, 0x00, 0x00,
    0x00, 0x00, 0x00, 0x00, 0x00, 0xf0, 0x03, 0x00, 0x00, 0xf8, 0x07, 0x00,
    0x00, 0x1d, 0x0e, 0x00, 0x00, 0x0d, 0x0c, 0x00, 0x00, 0x0c, 0x0c, 0x00,
    0x00, 0x0d, 0x0c, 0x00, 0x00, 0x1d, 0x0e, 0x00, 0x00, 0xf8, 0x07, 0x00,
    0x00, 0xf0, 0x03, 0x00, 0x00, 0x00, 0x00, 0x00, 0x00, 0x00, 0x00, 0x00,
    0x00, 0x60, 0x00, 0x00, 0x00, 0x60, 0x00, 0x00, 0x00, 0x60, 0x00, 0x00,
    0x00, 0x6c, 0x03, 0x00, 0x00, 0x6c, 0x03, 0x00, 0x00, 0x60, 0x00, 0x00,
    0x00, 0x60, 0x00, 0x00, 0x00, 0x60, 0x00, 0x00, 0x00, 0x00, 0x00, 0x00,
    0x00, 0x00, 0x00, 0x00, 0x00, 0xf0, 0x03, 0x00, 0x00, 0xf8, 0x0f, 0x00,
    0x00, 0x1c, 0x0e, 0x00, 0x00, 0x8c, 0x0f, 0x00, 0x00, 0xcc, 0x0c, 0x00,
    0x00, 0x7c, 0x0c, 0x00, 0x00, 0x3c, 0x0e, 0x00, 0x00, 0xfc, 0x07, 0x00,
    0x00, 0xe0, 0x03, 0x00, 0x00, 0x00, 0x00, 0x00, 0x00, 0x00, 0x00, 0x00,
    0x00, 0xfc, 0x01, 0x00, 0x00, 0xfc, 0x07, 0x00, 0x40, 0x00, 0x0e, 0x00,
    0xc0, 0x00, 0x0c, 0x00, 0x80, 0x01, 0x08, 0x00, 0x00, 0x01, 0x0c, 0x00,
    0x00, 0x00, 0x06, 0x00, 0x00, 0xfc, 0x0f, 0x00, 0x00, 0xfc, 0x0f, 0x00,
    0x00, 0x00, 0x00, 0x00, 0x00, 0x00, 0x00, 0x00, 0x00, 0xfc, 0x01, 0x00,
    0x00, 0xfc, 0x07, 0x00, 0x00, 0x00, 0x0e, 0x00, 0x00, 0x00, 0x0c, 0x00,
    0x80, 0x01, 0x08, 0x00, 0xc0, 0x00, 0x0c, 0x00, 0x40, 0x00, 0x06, 0x00,
    0x00, 0xfc, 0x0f, 0x00, 0x00, 0xfc, 0x0f, 0x00, 0x00, 0x00, 0x00, 0x00,
    0x00, 0x00, 0x00, 0x00, 0x00, 0xfc, 0x01, 0x00, 0x00, 0xfc, 0x07, 0x00,
    0x00, 0x01, 0x0e, 0x00, 0xc0, 0x00, 0x0c, 0x00, 0xc0, 0x00, 0x08, 0x00,
    0xc0, 0x00, 0x0c, 0x00, 0x80, 0x01, 0x06, 0x00, 0x00, 0xfd, 0x0f, 0x00,
    0x00, 0xfc, 0x0f, 0x00, 0x00, 0x00, 0x00, 0x00, 0x00, 0x00, 0x00, 0x00,
    0x00, 0xfc, 0x01, 0x00, 0x00, 0xfc, 0x07, 0x00, 0x00, 0x01, 0x0e, 0x00,
    0x00, 0x01, 0x0c, 0x00, 0x00, 0x00, 0x08, 0x00, 0x00, 0x00, 0x0c, 0x00,
    0x80, 0x01, 0x06, 0x00, 0x00, 0xfc, 0x0f, 0x00, 0x00, 0xfc, 0x0f, 0x00,
    0x00, 0x00, 0x00, 0x00, 0x00, 0x04, 0x80, 0x00, 0x00, 0x3c, 0xc0, 0x00,
    0x00, 0xf8, 0xc0, 0x00, 0x00, 0xc0, 0x67, 0x00, 0x80, 0x01, 0x7e, 0x00,
    0xc0, 0x00, 0x1f, 0x00, 0x40, 0xe0, 0x03, 0x00, 0x00, 0x7c, 0x00, 0x00,
    0x00, 0x1c, 0x00, 0x00, 0x00, 0x00, 0x00, 0x00, 0x00, 0x00, 0x00, 0x00,
    0xc0, 0xff, 0xff, 0x00, 0xc0, 0xff, 0xff, 0x00, 0x00, 0x38, 0x07, 0x00,
    0x00, 0x0c, 0x0c, 0x00, 0x00, 0x0c, 0x0c, 0x00, 0x00, 0x0c, 0x0c, 0x00,
    0x00, 0x0c, 0x0c, 0x00, 0x00, 0xf8, 0x07, 0x00, 0x00, 0xf0, 0x03, 0x00,
    0x00, 0x00, 0x00, 0x00, 0x00, 0x04, 0x80, 0x00, 0x00, 0x3c, 0xc0, 0x00,
    0x00, 0xf9, 0xc0, 0x00, 0x00, 0xc1, 0x67, 0x00, 0x00, 0x00, 0x7e, 0x00,
    0x00, 0x00, 0x1f, 0x00, 0x80, 0xe1, 0x03, 0x00, 0x00, 0x7c, 0x00, 0x00,
    0x00, 0x1c, 0x00, 0x00, 0x00, 0x00, 0x00, 0x00, 0x00, 0x00, 0x00, 0x00,
    0x00, 0x00, 0x04, 0x00, 0x00, 0x00, 0x0e, 0x00, 0x00, 0x00, 0x04, 0x00,
    0x00, 0x00, 0x00, 0x00, 0x00, 0x00, 0x00, 0x00, 0x00, 0x00, 0x0c, 0x00,
    0x00, 0x00, 0x0e, 0x00, 0x00, 0x00, 0x00, 0x00, 0x00, 0x00, 0x00, 0x00,
    0x00, 0x00, 0x00, 0x00, 0x00, 0x00, 0x0e, 0x00, 0x00, 0x00, 0x0e, 0x00,
    0x00, 0x00, 0x00, 0x00, 0x00, 0x00, 0x00, 0x00,
};
static const uint8_t michi_ui_lg_width[] = {
    0x05, 0x05, 0x08, 0x0c, 0x0a, 0x0f, 0x0e, 0x04, 0x06, 0x06, 0x0a, 0x0a,
    0x05, 0x06, 0x05, 0x07, 0x0a, 0x0a, 0x0a, 0x0a, 0x0a, 0x0a, 0x0a, 0x0a,
    0x0a, 0x0a, 0x05, 0x05, 0x0a, 0x0a, 0x0a, 0x08, 0x10, 0x0c, 0x0c, 0x0b,
    0x0d, 0x0a, 0x0a, 0x0d, 0x0d, 0x06, 0x07, 0x0c, 0x0a, 0x11, 0x0e, 0x0e,
    0x0b, 0x0e, 0x0c, 0x0a, 0x0a, 0x0d, 0x0c, 0x11, 0x0b, 0x0b, 0x0a, 0x06,
    0x07, 0x06, 0x0a, 0x09, 0x05, 0x0a, 0x0b, 0x09, 0x0b, 0x0a, 0x08, 0x0b,
    0x0b, 0x05, 0x07, 0x0a, 0x05, 0x11, 0x0b, 0x0b, 0x0b, 0x0b, 0x08, 0x09,
    0x07, 0x0b, 0x0a, 0x0f, 0x0a, 0x0a, 0x09, 0x07, 0x0a, 0x07, 0x0a, 0x05,
    0x05, 0x0a, 0x0a, 0x0a, 0x0b, 0x0a, 0x09, 0x0b, 0x0f, 0x07, 0x0a, 0x0a,
    0x06, 0x0f, 0x0b, 0x08, 0x0a, 0x06, 0x06, 0x05, 0x0b, 0x0c, 0x05, 0x04,
    0x06, 0x07, 0x0a, 0x0e, 0x0e, 0x0f, 0x08, 0x0c, 0x0c, 0x0c, 0x0c, 0x0c,
    0x0c, 0x11, 0x0b, 0x0a, 0x0a, 0x0a, 0x0a, 0x06, 0x06, 0x08, 0x06, 0x0d,
    0x0e, 0x0e, 0x0e, 0x0e, 0x0e, 0x0e, 0x0a, 0x0e, 0x0d, 0x0d, 0x0d, 0x0d,
    0x0b, 0x0b, 0x0c, 0x0a, 0x0a, 0x0a, 0x0a, 0x0a, 0x0a, 0x10, 0x09, 0x0a,
    0x0a, 0x0a, 0x0a, 0x06, 0x06, 0x07, 0x07, 0x0b, 0x0b, 0x0b, 0x0b, 0x0b,
    0x0b, 0x0b, 0x0a, 0x0b, 0x0b, 0x0b, 0x0b, 0x0b, 0x0a, 0x0b, 0x0a, 0x0f,
};
static const uint8_t michi_ui_lg_advance[] = {
    0x05, 0x05, 0x08, 0x0c, 0x0a, 0x0f, 0x0d, 0x04, 0x06, 0x06, 0x0a, 0x0a,
    0x05, 0x06, 0x05, 0x07, 0x0a, 0x0a, 0x0a, 0x0a, 0x0a, 0x0a, 0x0a, 0x0a,
    0x0a, 0x0a, 0x05, 0x05, 0x0a, 0x0a, 0x0a, 0x08, 0x10, 0x0c, 0x0c, 0x0b,
    0x0d, 0x0a, 0x0a, 0x0d, 0x0d, 0x06, 0x05, 0x0b, 0x0a, 0x11, 0x0e, 0x0e,
    0x0b, 0x0e, 0x0b, 0x0a, 0x0a, 0x0d, 0x0b, 0x11, 0x0b, 0x0b, 0x0a, 0x06,
    0x07, 0x06, 0x0a, 0x08, 0x05, 0x0a, 0x0b, 0x09, 0x0b, 0x0a, 0x06, 0x0b,
    0x0b, 0x05, 0x05, 0x0a, 0x05, 0x11, 0x0b, 0x0b, 0x0b, 0x0b, 0x08, 0x09,
    0x07, 0x0b, 0x09, 0x0f, 0x0a, 0x09, 0x09, 0x07, 0x0a, 0x07, 0x0a, 0x05,
    0x05, 0x0a, 0x0a, 0x0a, 0x0a, 0x0a, 0x09, 0x0b, 0x0f, 0x07, 0x0a, 0x0a,
    0x06, 0x0f, 0x09, 0x08, 0x0a, 0x06, 0x06, 0x05, 0x0b, 0x0c, 0x05, 0x04,
    0x06, 0x07, 0x0a, 0x0e, 0x0e, 0x0e, 0x08, 0x0c, 0x0c, 0x0c, 0x0c, 0x0c,
    0x0c, 0x10, 0x0b, 0x0a, 0x0a, 0x0a, 0x0a, 0x06, 0x06, 0x06, 0x06, 0x0d,
    0x0e, 0x0e, 0x0e, 0x0e, 0x0e, 0x0e, 0x0a, 0x0e, 0x0d, 0x0d, 0x0d, 0x0d,
    0x0b, 0x0b, 0x0c, 0x0a, 0x0a, 0x0a, 0x0a, 0x0a, 0x0a, 0x10, 0x09, 0x0a,
    0x0a, 0x0a, 0x0a, 0x05, 0x05, 0x05, 0x05, 0x0b, 0x0b, 0x0b, 0x0b, 0x0b,
    0x0b, 0x0b, 0x0a, 0x0b, 0x0b, 0x0b, 0x0b, 0x0b, 0x09, 0x0b, 0x09, 0x0f,
};
static const uint16_t michi_ui_lg_offset[] = {
    0, 20, 40, 72, 120, 160, 220, 276, 292, 316, 340, 380,
    420, 440, 464, 484, 512, 552, 592, 632, 672, 712, 752, 792,
    832, 872, 912, 932, 952, 992, 1032, 1072, 1104, 1168, 1216, 1264,
    1308, 1360, 1400, 1440, 1492, 1544, 1568, 1596, 1644, 1684, 1752, 1808,
    1864, 1908, 1964, 2012, 2052, 2092, 2144, 2192, 2260, 2304, 2348, 2388,
    2412, 2440, 2464, 2504, 2540, 2560, 2600, 2644, 2680, 2724, 2764, 2796,
    2840, 2884, 2904, 2932, 2972, 2992, 3060, 3104, 3148, 3192, 3236, 3268,
    3304, 3332, 3376, 3416, 3476, 3516, 3556, 3592, 3620, 3660, 3688, 3728,
    3748, 3768, 3808, 3848, 3888, 3932, 3972, 4008, 4052, 4112, 4140, 4180,
    4220, 4244, 4304, 4348, 4380, 4420, 4444, 4468, 4488, 4532, 4580, 4600,
    4616, 4640, 4668, 4708, 4764, 4820, 4880, 4912, 4960, 5008, 5056, 5104,
    5152, 5200, 5268, 5312, 5352, 5392, 5432, 5472, 5496, 5520, 5552, 5576,
    5628, 5684, 5740, 5796, 5852, 5908, 5964, 6004, 6060, 6112, 6164, 6216,
    6268, 6312, 6356, 6404, 6444, 6484, 6524, 6564, 6604, 6644, 6708, 6744,
    6784, 6824, 6864, 6904, 6928, 6952, 6980, 7008, 7052, 7096, 7140, 7184,
    7228, 7272, 7316, 7356, 7400, 7444, 7488, 7532, 7576, 7616, 7660, 7700,
    7760,
};
#define MICHI_UI_LG_HEIGHT       26
#define MICHI_UI_LG_BASELINE     20
#define MICHI_UI_LG_LINE_HEIGHT  30
#define MICHI_UI_LG_RASTER_BITS  1
#define MICHI_UI_LG_BYTES_PER_COL 4

/* michi_ui_lg: height=26 baseline=20 line_height=30 bytes_per_col=4 raster=1-bit */
static const uint8_t michi_ui_pin_map[] = {
    0x00, 0x00, 0x00, 0x00, 0x00, 0x00, 0x00, 0x00, 0x00, 0x00, 0x00, 0x00,
    0x00, 0x00, 0x0e, 0x00, 0x10, 0x11, 0x12, 0x13, 0x14, 0x15, 0x16, 0x17,
    0x18, 0x19, 0x00, 0x00, 0x00, 0x00, 0x00, 0x00, 0x00, 0x00, 0x00, 0x00,
    0x00, 0x00, 0x00, 0x00, 0x00, 0x00, 0x00, 0x00, 0x00, 0x00, 0x00, 0x00,
    0x00, 0x00, 0x00, 0x00, 0x00, 0x00, 0x00, 0x00, 0x00, 0x00, 0x00, 0x00,
    0x00, 0x00, 0x00, 0x00, 0x00, 0x00, 0x00, 0x00, 0x00, 0x00, 0x00, 0x00,
    0x00, 0x00, 0x00, 0x00, 0x00, 0x00, 0x00, 0x00, 0x00, 0x00, 0x00, 0x00,
    0x00, 0x00, 0x00, 0x00, 0x00, 0x00, 0x00, 0x00, 0x00, 0x00, 0x00, 0x00,
    0x00, 0x00, 0x00, 0x00, 0x00, 0x00, 0x00, 0x00, 0x00, 0x00, 0x00, 0x00,
    0x00, 0x00, 0x00, 0x00, 0x00, 0x00, 0x00, 0x00, 0x00, 0x00, 0x00, 0x00,
    0x00, 0x00, 0x00, 0x00, 0x00, 0x00, 0x00, 0x00, 0x00, 0x00, 0x00, 0x00,
    0x00, 0x00, 0x00, 0x00, 0x00, 0x00, 0x00, 0x00, 0x00, 0x00, 0x00, 0x00,
    0x00, 0x00, 0x00, 0x00, 0x00, 0x00, 0x00, 0x00, 0x00, 0x00, 0x00, 0x00,
    0x00, 0x00, 0x00, 0x00, 0x00, 0x00, 0x00, 0x00, 0x00, 0x00, 0x00, 0x00,
    0x00, 0x00, 0x00, 0x00, 0x00, 0x00, 0x00, 0x00, 0x00, 0x00, 0x00, 0x00,
    0x00, 0x00, 0x00, 0x00, 0x00, 0x00, 0x00, 0x00, 0x00, 0x00, 0x00, 0x0e,
};
/* pin_map: full 192 index -> PIN glyph (unsupported -> space, '…' -> '.'). */
static const uint8_t michi_ui_pin_bitmap[] = {
    0x00, 0x00, 0x00, 0x00, 0x00, 0x00, 0x00, 0x00, 0x00, 0x00, 0x00, 0x00,
    0x00, 0x00, 0x00, 0x00, 0x00, 0x00, 0x00, 0x00, 0x00, 0x00, 0x00, 0x00,
    0x00, 0x00, 0x00, 0x00, 0x00, 0x00, 0x00, 0x00, 0x00, 0x00, 0x00, 0x00,
    0x00, 0x00, 0x00, 0x00, 0x00, 0x00, 0x00, 0x00, 0x00, 0x00, 0x00, 0x00,
    0x00, 0x00, 0x00, 0x00, 0x00, 0x00, 0x00, 0x00, 0x00, 0x00, 0x00, 0x00,
    0x00, 0x00, 0x00, 0x00, 0x00, 0x00, 0x00, 0x00, 0x00, 0x00, 0x00, 0x00,
    0x00, 0x00, 0x00, 0x00, 0x00, 0x00, 0x00, 0xc0, 0x7f, 0x00, 0xe0, 0x00,
    0x00, 0xc0, 0xff, 0xff, 0xf3, 0x01, 0x00, 0xc0, 0xff, 0xff, 0xf3, 0x01,
    0x00, 0xc0, 0xff, 0x07, 0xf0, 0x01, 0x00, 0x00, 0x00, 0x00, 0x00, 0x00,
    0x00, 0x00, 0x00, 0x00, 0x00, 0x00, 0x00, 0x00, 0x00, 0x00, 0x00, 0x00,
    0x00, 0x00, 0x00, 0x00, 0x00, 0x00, 0x00, 0x00, 0x00, 0x00, 0x00, 0x00,
    0x00, 0x00, 0x00, 0x00, 0x00, 0x00, 0x00, 0xc0, 0xff, 0x00, 0x00, 0x00,
    0x00, 0xc0, 0xff, 0x00, 0x00, 0x00, 0x00, 0xc0, 0x3f, 0x00, 0x00, 0x00,
    0x00, 0x00, 0x00, 0x00, 0x00, 0x00, 0x00, 0x00, 0x00, 0x00, 0x00, 0x00,
    0x00, 0x00, 0x00, 0x00, 0x00, 0x00, 0x00, 0x40, 0x00, 0x00, 0x00, 0x00,
    0x00, 0xc0, 0xff, 0x00, 0x00, 0x00, 0x00, 0xc0, 0xff, 0x00, 0x00, 0x00,
    0x00, 0xc0, 0x1f, 0x00, 0x00, 0x00, 0x00, 0x00, 0x00, 0x00, 0x00, 0x00,
    0x00, 0x00, 0x00, 0x00, 0x00, 0x00, 0x00, 0x00, 0x00, 0x00, 0x00, 0x00,
    0x00, 0x00, 0x00, 0x00, 0x00, 0x00, 0x00, 0x00, 0x00, 0xc0, 0x01, 0x00,
    0x00, 0x00, 0xe0, 0xc0, 0x01, 0x00, 0x00, 0x00, 0xe0, 0xc0, 0x01, 0x00,
    0x00, 0x00, 0xe0, 0xc0, 0x01, 0x01, 0x00, 0x00, 0xe0, 0xc0, 0xfd, 0x01,
    0x00, 0x00, 0xe0, 0xe0, 0xff, 0x01, 0x00, 0x00, 0xe0, 0xff, 0x3f, 0x00,
    0x00, 0x00, 0xfc, 0xff, 0x01, 0x00, 0x00, 0xc0, 0xff, 0xc7, 0x01, 0x00,
    0x00, 0xc0, 0xff, 0xc0, 0x01, 0x00, 0x00, 0xc0, 0xe1, 0xc0, 0x01, 0x00,
    0x00, 0x00, 0xe0, 0xc0, 0x01, 0x01, 0x00, 0x00, 0xe0, 0xc0, 0xf9, 0x01,
    0x00, 0x00, 0xe0, 0xe0, 0xff, 0x01, 0x00, 0x00, 0xe0, 0xff, 0x3f, 0x00,
    0x00, 0x00, 0xf8, 0xff, 0x01, 0x00, 0x00, 0x80, 0xff, 0xcf, 0x01, 0x00,
    0x00, 0xc0, 0xff, 0xc0, 0x01, 0x00, 0x00, 0xc0, 0xe3, 0xc0, 0x01, 0x00,
    0x00, 0x00, 0xe0, 0xc0, 0x01, 0x00, 0x00, 0x00, 0xe0, 0xc0, 0x01, 0x00,
    0x00, 0x00, 0xe0, 0x00, 0x00, 0x00, 0x00, 0x00, 0xc0, 0x00, 0x00, 0x00,
    0x00, 0x00, 0x00, 0x00, 0x00, 0x00, 0x00, 0x00, 0x00, 0x00, 0x00, 0x00,
    0x00, 0x00, 0x00, 0x00, 0x00, 0x00, 0x00, 0x00, 0x70, 0x00, 0x38, 0x00,
    0x00, 0x00, 0xfc, 0x01, 0x38, 0x00, 0x00, 0x00, 0xfe, 0x03, 0x38, 0x00,
    0x00, 0x00, 0xff, 0x07, 0x70, 0x00, 0x00, 0x00, 0x07, 0x07, 0x70, 0x00,
    0x00, 0x00, 0x07, 0x0f, 0x70, 0x00, 0x00, 0x00, 0x03, 0x0e, 0x70, 0x00,
    0x00, 0x80, 0x07, 0x1e, 0x70, 0x00, 0x00, 0xf0, 0xff, 0xff, 0xff, 0x01,
    0x00, 0xf0, 0xff, 0xff, 0xff, 0x01, 0x00, 0x80, 0x03, 0x1c, 0x70, 0x00,
    0x00, 0x00, 0x03, 0x3c, 0x70, 0x00, 0x00, 0x00, 0x07, 0x38, 0x38, 0x00,
    0x00, 0x00, 0x07, 0x78, 0x38, 0x00, 0x00, 0x00, 0x07, 0xf0, 0x3f, 0x00,
    0x00, 0x00, 0x07, 0xf0, 0x1f, 0x00, 0x00, 0x00, 0x00, 0xe0, 0x0f, 0x00,
    0x00, 0x00, 0x00, 0x00, 0x03, 0x00, 0x00, 0x00, 0x00, 0x00, 0x00, 0x00,
    0x00, 0x00, 0x00, 0x00, 0x00, 0x00, 0x00, 0x00, 0x00, 0x00, 0x00, 0x00,
    0x00, 0x00, 0x00, 0x00, 0x00, 0x00, 0x00, 0x00, 0xfc, 0x03, 0x00, 0x00,
    0x00, 0x00, 0xff, 0x0f, 0x00, 0x00, 0x00, 0x80, 0xff, 0x1f, 0x00, 0x00,
    0x00, 0xc0, 0x03, 0x3c, 0x00, 0x00, 0x00, 0xc0, 0x01, 0x38, 0x00, 0x00,
    0x00, 0xc0, 0x01, 0x38, 0x00, 0x01, 0x00, 0xc0, 0x01, 0x38, 0xc0, 0x01,
    0x00, 0xc0, 0x03, 0x3c, 0xf0, 0x01, 0x00, 0x80, 0xff, 0x1f, 0xfc, 0x00,
    0x00, 0x00, 0xff, 0x0f, 0x3e, 0x00, 0x00, 0x00, 0xfc, 0x83, 0x0f, 0x00,
    0x00, 0x00, 0x00, 0xe0, 0x03, 0x00, 0x00, 0x00, 0x00, 0xf8, 0x00, 0x00,
    0x00, 0x00, 0x00, 0x7e, 0x00, 0x00, 0x00, 0x00, 0x00, 0x1f, 0x00, 0x00,
    0x00, 0x00, 0xc0, 0x07, 0x00, 0x00, 0x00, 0x00, 0xf0, 0x01, 0x01, 0x00,
    0x00, 0x00, 0x7c, 0xf8, 0x3f, 0x00, 0x00, 0x00, 0x3f, 0xfe, 0x7f, 0x00,
    0x00, 0x80, 0x0f, 0x3e, 0xf8, 0x00, 0x00, 0xc0, 0x03, 0x07, 0xc0, 0x01,
    0x00, 0xc0, 0x00, 0x07, 0xc0, 0x01, 0x00, 0x40, 0x00, 0x07, 0xc0, 0x01,
    0x00, 0x00, 0x00, 0x07, 0xc0, 0x01, 0x00, 0x00, 0x00, 0x1e, 0xf0, 0x00,
    0x00, 0x00, 0x00, 0xfe, 0xff, 0x00, 0x00, 0x00, 0x00, 0xf8, 0x3f, 0x00,
    0x00, 0x00, 0x00, 0xc0, 0x07, 0x00, 0x00, 0x00, 0x00, 0x00, 0x00, 0x00,
    0x00, 0x00, 0x00, 0x00, 0x00, 0x00, 0x00, 0x00, 0x00, 0x00, 0x00, 0x00,
    0x00, 0x00, 0x00, 0x00, 0x00, 0x00, 0x00, 0x00, 0x00, 0x80, 0x0f, 0x00,
    0x00, 0x00, 0x00, 0xe0, 0x3f, 0x00, 0x00, 0x00, 0x00, 0xf0, 0x7f, 0x00,
    0x00, 0x00, 0x7f, 0xf8, 0xff, 0x00, 0x00, 0x80, 0xff, 0x3c, 0xf0, 0x00,
    0x00, 0x80, 0xff, 0x1d, 0xe0, 0x01, 0x00, 0xc0, 0xc3, 0x1f, 0xc0, 0x01,
    0x00, 0xc0, 0x81, 0x0f, 0xc0, 0x01, 0x00, 0xc0, 0x01, 0x0f, 0xc0, 0x01,
    0x00, 0xc0, 0x01, 0x1f, 0xc0, 0x01, 0x00, 0xc0, 0x81, 0x3f, 0xc0, 0x01,
    0x00, 0xc0, 0xc1, 0x7b, 0xc0, 0x01, 0x00, 0xc0, 0xe3, 0xf1, 0xe0, 0x00,
    0x00, 0x80, 0xff, 0xe0, 0xe1, 0x00, 0x00, 0x00, 0x7f, 0xc0, 0xf3, 0x00,
    0x00, 0x00, 0x3e, 0x80, 0x7f, 0x00, 0x00, 0x00, 0x00, 0x00, 0x7f, 0x00,
    0x00, 0x00, 0x00, 0x00, 0x3e, 0x00, 0x00, 0x00, 0x00, 0x00, 0x3f, 0x00,
    0x00, 0x00, 0x00, 0x80, 0x7f, 0x00, 0x00, 0x00, 0x00, 0xf0, 0xf7, 0x00,
    0x00, 0x00, 0x00, 0xf8, 0xe3, 0x01, 0x00, 0x00, 0x00, 0xf8, 0xc0, 0x01,
    0x00, 0x00, 0x00, 0x18, 0x80, 0x01, 0x00, 0x00, 0x00, 0x00, 0x00, 0x01,
    0x00, 0x00, 0x00, 0x00, 0x00, 0x00, 0x00, 0x00, 0x00, 0x00, 0x00, 0x00,
    0x00, 0x00, 0x00, 0x00, 0x00, 0x00, 0x00, 0x00, 0x00, 0x00, 0x00, 0x00,
    0x00, 0xc0, 0xff, 0x00, 0x00, 0x00, 0x00, 0xc0, 0xff, 0x00, 0x00, 0x00,
    0x00, 0xc0, 0x3f, 0x00, 0x00, 0x00, 0x00, 0x00, 0x00, 0x00, 0x00, 0x00,
    0x00, 0x00, 0x00, 0x00, 0x00, 0x00, 0x00, 0x00, 0x00, 0x00, 0x00, 0x00,
    0x00, 0x00, 0x00, 0x00, 0x00, 0x00, 0x00, 0x00, 0x00, 0x00, 0x00, 0x00,
    0x00, 0x00, 0x80, 0xff, 0x7f, 0x00, 0x00, 0x00, 0xf0, 0xff, 0xff, 0x01,
    0x00, 0x00, 0xfc, 0xff, 0xff, 0x01, 0x00, 0x00, 0xff, 0x01, 0xe0, 0x01,
    0x00, 0x80, 0x1f, 0x00, 0x00, 0x01, 0x00, 0xc0, 0x07, 0x00, 0x00, 0x00,
    0x00, 0xc0, 0x01, 0x00, 0x00, 0x00, 0x00, 0x40, 0x00, 0x00, 0x00, 0x00,
    0x00, 0x00, 0x00, 0x00, 0x00, 0x00, 0x00, 0x00, 0x00, 0x00, 0x00, 0x00,
    0x00, 0x40, 0x00, 0x00, 0x00, 0x00, 0x00, 0xc0, 0x00, 0x00, 0x00, 0x00,
    0x00, 0xc0, 0x03, 0x00, 0x00, 0x00, 0x00, 0xc0, 0x0f, 0x00, 0x00, 0x00,
    0x00, 0x00, 0x7f, 0x00, 0xc0, 0x01, 0x00, 0x00, 0xfe, 0xff, 0xff, 0x01,
    0x00, 0x00, 0xf8, 0xff, 0xff, 0x01, 0x00, 0x00, 0xc0, 0xff, 0xff, 0x00,
    0x00, 0x00, 0x00, 0xfc, 0x0f, 0x00, 0x00, 0x00, 0x00, 0x00, 0x00, 0x00,
    0x00, 0x00, 0x00, 0x00, 0x00, 0x00, 0x00, 0x00, 0x00, 0x00, 0x00, 0x00,
    0x00, 0x00, 0x1e, 0x00, 0x00, 0x00, 0x00, 0x00, 0x1c, 0x00, 0x00, 0x00,
    0x00, 0x00, 0x1c, 0x08, 0x00, 0x00, 0x00, 0x00, 0x1c, 0x0e, 0x00, 0x00,
    0x00, 0x00, 0x18, 0x1f, 0x00, 0x00, 0x00, 0x00, 0x98, 0x1f, 0x00, 0x00,
    0x00, 0x00, 0xf8, 0x07, 0x00, 0x00, 0x00, 0xf0, 0xff, 0x00, 0x00, 0x00,
    0x00, 0xf0, 0x7f, 0x00, 0x00, 0x00, 0x00, 0xf0, 0xff, 0x01, 0x00, 0x00,
    0x00, 0x00, 0xf8, 0x07, 0x00, 0x00, 0x00, 0x00, 0x98, 0x1f, 0x00, 0x00,
    0x00, 0x00, 0x18, 0x1f, 0x00, 0x00, 0x00, 0x00, 0x1c, 0x0c, 0x00, 0x00,
    0x00, 0x00, 0x1c, 0x08, 0x00, 0x00, 0x00, 0x00, 0x1c, 0x00, 0x00, 0x00,
    0x00, 0x00, 0x1c, 0x00, 0x00, 0x00, 0x00, 0x00, 0x00, 0x00, 0x00, 0x00,
    0x00, 0x00, 0x00, 0x00, 0x00, 0x00, 0x00, 0x00, 0x00, 0x00, 0x00, 0x00,
    0x00, 0x00, 0x00, 0x00, 0x00, 0x00, 0x00, 0x00, 0x00, 0x1c, 0x00, 0x00,
    0x00, 0x00, 0x00, 0x1c, 0x00, 0x00, 0x00, 0x00, 0x00, 0x1c, 0x00, 0x00,
    0x00, 0x00, 0x00, 0x1c, 0x00, 0x00, 0x00, 0x00, 0x00, 0x1c, 0x00, 0x00,
    0x00, 0x00, 0x00, 0x1c, 0x00, 0x00, 0x00, 0x00, 0x00, 0x1c, 0x00, 0x00,
    0x00, 0x00, 0xfc, 0xff, 0x1f, 0x00, 0x00, 0x00, 0xfc, 0xff, 0x1f, 0x00,
    0x00, 0x00, 0xfc, 0xff, 0x1f, 0x00, 0x00, 0x00, 0x00, 0x1c, 0x00, 0x00,
    0x00, 0x00, 0x00, 0x1c, 0x00, 0x00, 0x00, 0x00, 0x00, 0x1c, 0x00, 0x00,
    0x00, 0x00, 0x00, 0x1c, 0x00, 0x00, 0x00, 0x00, 0x00, 0x1c, 0x00, 0x00,
    0x00, 0x00, 0x00, 0x1c, 0x00, 0x00, 0x00, 0x00, 0x00, 0x1c, 0x00, 0x00,
    0x00, 0x00, 0x00, 0x1c, 0x00, 0x00, 0x00, 0x00, 0x00, 0x00, 0x00, 0x00,
    0x00, 0x00, 0x00, 0x00, 0x00, 0x00, 0x00, 0x00, 0x00, 0x00, 0x00, 0x00,
    0x00, 0x00, 0x00, 0x00, 0x00, 0x00, 0x00, 0x00, 0x00, 0x00, 0x00, 0x00,
    0x00, 0x00, 0x00, 0x00, 0xe0, 0x01, 0x00, 0x00, 0x00, 0x00, 0xe0, 0x01,
    0x00, 0x00, 0x00, 0x00, 0xe0, 0x01, 0x00, 0x00, 0x00, 0x00, 0xe0, 0x00,
    0x00, 0x00, 0x00, 0x00, 0x00, 0x00, 0x00, 0x00, 0x00, 0x00, 0x00, 0x00,
    0x00, 0x00, 0x00, 0x00, 0x00, 0x00, 0x00, 0x00, 0x00, 0x00, 0x00, 0x00,
    0x00, 0x00, 0x00, 0x00, 0x00, 0x00, 0x00, 0x00, 0x00, 0xe0, 0x00, 0x00,
    0x00, 0x00, 0x00, 0xe0, 0x00, 0x00, 0x00, 0x00, 0x00, 0xe0, 0x00, 0x00,
    0x00, 0x00, 0x00, 0xe0, 0x00, 0x00, 0x00, 0x00, 0x00, 0xe0, 0x00, 0x00,
    0x00, 0x00, 0x00, 0xe0, 0x00, 0x00, 0x00, 0x00, 0x00, 0xe0, 0x00, 0x00,
    0x00, 0x00, 0x00, 0xe0, 0x00, 0x00, 0x00, 0x00, 0x00, 0xe0, 0x00, 0x00,
    0x00, 0x00, 0x00, 0x00, 0x00, 0x00, 0x00, 0x00, 0x00, 0x00, 0x00, 0x00,
    0x00, 0x00, 0x00, 0x00, 0x00, 0x00, 0x00, 0x00, 0x00, 0x00, 0x00, 0x00,
    0x00, 0x00, 0x00, 0x00, 0xe0, 0x00, 0x00, 0x00, 0x00, 0x00, 0xf0, 0x01,
    0x00, 0x00, 0x00, 0x00, 0xf0, 0x01, 0x00, 0x00, 0x00, 0x00, 0xf0, 0x01,
    0x00, 0x00, 0x00, 0x00, 0x00, 0x00, 0x00, 0x00, 0x00, 0x00, 0x00, 0x00,
    0x00, 0x00, 0x00, 0x00, 0x00, 0x00, 0x00, 0x00, 0x00, 0x00, 0x00, 0x00,
    0x00, 0x00, 0x00, 0x00, 0xc0, 0x01, 0x00, 0x00, 0x00, 0x00, 0xf8, 0x01,
    0x00, 0x00, 0x00, 0x00, 0xfe, 0x01, 0x00, 0x00, 0x00, 0xc0, 0x7f, 0x00,
    0x00, 0x00, 0x00, 0xf8, 0x0f, 0x00, 0x00, 0x00, 0x00, 0xfe, 0x01, 0x00,
    0x00, 0x00, 0xc0, 0x7f, 0x00, 0x00, 0x00, 0x00, 0xf8, 0x0f, 0x00, 0x00,
    0x00, 0x00, 0xfe, 0x01, 0x00, 0x00, 0x00, 0xc0, 0x7f, 0x00, 0x00, 0x00,
    0x00, 0xc0, 0x0f, 0x00, 0x00, 0x00, 0x00, 0xc0, 0x01, 0x00, 0x00, 0x00,
    0x00, 0x40, 0x00, 0x00, 0x00, 0x00, 0x00, 0x00, 0x00, 0x00, 0x00, 0x00,
    0x00, 0x00, 0x00, 0x00, 0x00, 0x00, 0x00, 0x00, 0xe0, 0xff, 0x01, 0x00,
    0x00, 0x00, 0xfc, 0xff, 0x0f, 0x00, 0x00, 0x00, 0xfe, 0xff, 0x3f, 0x00,
    0x00, 0x00, 0x7f, 0x00, 0x7f, 0x00, 0x00, 0x80, 0x07, 0x00, 0xf0, 0x00,
    0x00, 0x80, 0x03, 0x00, 0xe0, 0x00, 0x00, 0xc0, 0x01, 0x00, 0xc0, 0x01,
    0x00, 0xc0, 0x01, 0x00, 0xc0, 0x01, 0x00, 0xc0, 0x01, 0x00, 0xc0, 0x01,
    0x00, 0xc0, 0x01, 0x00, 0xc0, 0x01, 0x00, 0xc0, 0x01, 0x00, 0xc0, 0x01,
    0x00, 0xc0, 0x03, 0x00, 0xe0, 0x01, 0x00, 0x80, 0x03, 0x00, 0xe0, 0x00,
    0x00, 0x80, 0x0f, 0x00, 0xf8, 0x00, 0x00, 0x00, 0xff, 0xff, 0x7f, 0x00,
    0x00, 0x00, 0xfe, 0xff, 0x3f, 0x00, 0x00, 0x00, 0xf8, 0xff, 0x0f, 0x00,
    0x00, 0x00, 0x80, 0xff, 0x00, 0x00, 0x00, 0x00, 0x00, 0x00, 0x00, 0x00,
    0x00, 0x00, 0x00, 0x00, 0x00, 0x00, 0x00, 0x00, 0x00, 0x00, 0x00, 0x00,
    0x00, 0x00, 0x00, 0x00, 0x00, 0x00, 0x00, 0x00, 0x00, 0x00, 0x00, 0x00,
    0x00, 0x00, 0x00, 0x00, 0x00, 0x00, 0x00, 0x00, 0x18, 0x00, 0x00, 0x00,
    0x00, 0x00, 0x3c, 0x00, 0x00, 0x00, 0x00, 0x00, 0x1e, 0x00, 0x00, 0x00,
    0x00, 0x00, 0x0e, 0x00, 0x00, 0x00, 0x00, 0x00, 0x07, 0x00, 0x00, 0x00,
    0x00, 0x80, 0x07, 0x00, 0x00, 0x00, 0x00, 0xc0, 0xff, 0xff, 0xff, 0x01,
    0x00, 0xc0, 0xff, 0xff, 0xff, 0x01, 0x00, 0xc0, 0xff, 0xff, 0xff, 0x01,
    0x00, 0x00, 0x00, 0x00, 0x00, 0x00, 0x00, 0x00, 0x00, 0x00, 0x00, 0x00,
    0x00, 0x00, 0x00, 0x00, 0x00, 0x00, 0x00, 0x00, 0x00, 0x00, 0x00, 0x00,
    0x00, 0x00, 0x00, 0x00, 0x00, 0x00, 0x00, 0x00, 0x00, 0x00, 0x00, 0x00,
    0x00, 0x00, 0x00, 0x00, 0x00, 0x00, 0x00, 0x00, 0x00, 0x00, 0x00, 0x00,
    0x00, 0x00, 0x00, 0x00, 0x00, 0x00, 0x00, 0x00, 0x00, 0x00, 0x00, 0x00,
    0x00, 0x00, 0x00, 0x00, 0x00, 0x00, 0x00, 0x00, 0x02, 0x00, 0xc0, 0x01,
    0x00, 0x00, 0x07, 0x00, 0xe0, 0x01, 0x00, 0x00, 0x07, 0x00, 0xf0, 0x01,
    0x00, 0x80, 0x03, 0x00, 0xf8, 0x01, 0x00, 0x80, 0x03, 0x00, 0xfc, 0x01,
    0x00, 0xc0, 0x01, 0x00, 0xde, 0x01, 0x00, 0xc0, 0x01, 0x00, 0xcf, 0x01,
    0x00, 0xc0, 0x01, 0x80, 0xc7, 0x01, 0x00, 0xc0, 0x01, 0xc0, 0xc3, 0x01,
    0x00, 0xc0, 0x01, 0xe0, 0xc1, 0x01, 0x00, 0xc0, 0x01, 0xf0, 0xc0, 0x01,
    0x00, 0xc0, 0x03, 0x7c, 0xc0, 0x01, 0x00, 0x80, 0x07, 0x3e, 0xc0, 0x01,
    0x00, 0x80, 0xff, 0x1f, 0xc0, 0x01, 0x00, 0x00, 0xff, 0x07, 0xc0, 0x01,
    0x00, 0x00, 0xfe, 0x03, 0xc0, 0x01, 0x00, 0x00, 0x70, 0x00, 0xc0, 0x01,
    0x00, 0x00, 0x00, 0x00, 0xc0, 0x01, 0x00, 0x00, 0x00, 0x00, 0x00, 0x00,
    0x00, 0x00, 0x00, 0x00, 0x00, 0x00, 0x00, 0x00, 0x00, 0x00, 0x00, 0x00,
    0x00, 0x00, 0x00, 0x00, 0x00, 0x00, 0x00, 0x00, 0x03, 0x00, 0xe0, 0x00,
    0x00, 0x00, 0x07, 0x00, 0xe0, 0x00, 0x00, 0x80, 0x03, 0x00, 0xe0, 0x01,
    0x00, 0x80, 0x03, 0x00, 0xc0, 0x01, 0x00, 0x80, 0x01, 0x0e, 0xc0, 0x01,
    0x00, 0xc0, 0x01, 0x0e, 0xc0, 0x01, 0x00, 0xc0, 0x01, 0x0e, 0xc0, 0x01,
    0x00, 0xc0, 0x01, 0x0e, 0xc0, 0x01, 0x00, 0xc0, 0x01, 0x0e, 0xc0, 0x01,
    0x00, 0xc0, 0x01, 0x0e, 0xc0, 0x01, 0x00, 0xc0, 0x01, 0x0f, 0xc0, 0x01,
    0x00, 0xc0, 0x03, 0x1f, 0xe0, 0x00, 0x00, 0x80, 0x83, 0x1b, 0xe0, 0x00,
    0x00, 0x80, 0xff, 0x39, 0xf8, 0x00, 0x00, 0x00, 0xff, 0xf9, 0x7f, 0x00,
    0x00, 0x00, 0xfe, 0xf0, 0x3f, 0x00, 0x00, 0x00, 0x38, 0xe0, 0x1f, 0x00,
    0x00, 0x00, 0x00, 0x00, 0x03, 0x00, 0x00, 0x00, 0x00, 0x00, 0x00, 0x00,
    0x00, 0x00, 0x00, 0x00, 0x00, 0x00, 0x00, 0x00, 0x00, 0x00, 0x00, 0x00,
    0x00, 0x00, 0x00, 0x80, 0x07, 0x00, 0x00, 0x00, 0x00, 0xc0, 0x07, 0x00,
    0x00, 0x00, 0x00, 0xf0, 0x07, 0x00, 0x00, 0x00, 0x00, 0x78, 0x07, 0x00,
    0x00, 0x00, 0x00, 0x3e, 0x07, 0x00, 0x00, 0x00, 0x00, 0x1f, 0x07, 0x00,
    0x00, 0x00, 0x80, 0x07, 0x07, 0x00, 0x00, 0x00, 0xe0, 0x03, 0x07, 0x00,
    0x00, 0x00, 0xf0, 0x00, 0x07, 0x00, 0x00, 0x00, 0x7c, 0x00, 0x07, 0x00,
    0x00, 0x00, 0x3e, 0x00, 0x07, 0x00, 0x00, 0x00, 0x0f, 0x00, 0x07, 0x00,
    0x00, 0xc0, 0x03, 0x00, 0x07, 0x00, 0x00, 0xc0, 0xff, 0xff, 0xff, 0x01,
    0x00, 0xc0, 0xff, 0xff, 0xff, 0x01, 0x00, 0xc0, 0xff, 0xff, 0xff, 0x01,
    0x00, 0x00, 0x00, 0x00, 0x07, 0x00, 0x00, 0x00, 0x00, 0x00, 0x07, 0x00,
    0x00, 0x00, 0x00, 0x00, 0x07, 0x00, 0x00, 0x00, 0x00, 0x00, 0x07, 0x00,
    0x00, 0x00, 0x00, 0x00, 0x00, 0x00, 0x00, 0x00, 0x00, 0x00, 0x00, 0x00,
    0x00, 0x00, 0x00, 0x00, 0x00, 0x00, 0x00, 0x00, 0x00, 0x00, 0x60, 0x00,
    0x00, 0x00, 0xe0, 0x07, 0xe0, 0x00, 0x00, 0xc0, 0xff, 0x07, 0xe0, 0x00,
    0x00, 0xc0, 0xff, 0x07, 0xc0, 0x01, 0x00, 0xc0, 0x3f, 0x07, 0xc0, 0x01,
    0x00, 0xc0, 0x01, 0x07, 0xc0, 0x01, 0x00, 0xc0, 0x01, 0x07, 0xc0, 0x01,
    0x00, 0xc0, 0x01, 0x07, 0xc0, 0x01, 0x00, 0xc0, 0x01, 0x07, 0xc0, 0x01,
    0x00, 0xc0, 0x01, 0x07, 0xc0, 0x01, 0x00, 0xc0, 0x01, 0x07, 0xc0, 0x01,
    0x00, 0xc0, 0x01, 0x0f, 0xe0, 0x00, 0x00, 0xc0, 0x01, 0x0e, 0xe0, 0x00,
    0x00, 0xc0, 0x01, 0x3e, 0xf8, 0x00, 0x00, 0xc0, 0x01, 0xfc, 0x7f, 0x00,
    0x00, 0xc0, 0x01, 0xf8, 0x3f, 0x00, 0x00, 0x00, 0x00, 0xf0, 0x0f, 0x00,
    0x00, 0x00, 0x00, 0x80, 0x01, 0x00, 0x00, 0x00, 0x00, 0x00, 0x00, 0x00,
    0x00, 0x00, 0x00, 0x00, 0x00, 0x00, 0x00, 0x00, 0x00, 0x00, 0x00, 0x00,
    0x00, 0x00, 0x00, 0x00, 0x00, 0x00, 0x00, 0x00, 0x00, 0xfe, 0x01, 0x00,
    0x00, 0x00, 0xe0, 0xff, 0x0f, 0x00, 0x00, 0x00, 0xf8, 0xff, 0x3f, 0x00,
    0x00, 0x00, 0xfc, 0xff, 0x7f, 0x00, 0x00, 0x00, 0x1e, 0x0c, 0xf8, 0x00,
    0x00, 0x00, 0x0f, 0x06, 0xe0, 0x00, 0x00, 0x80, 0x07, 0x07, 0xe0, 0x01,
    0x00, 0x80, 0x03, 0x03, 0xc0, 0x01, 0x00, 0xc0, 0x83, 0x03, 0xc0, 0x01,
    0x00, 0xc0, 0x81, 0x03, 0xc0, 0x01, 0x00, 0xc0, 0x81, 0x03, 0xc0, 0x01,
    0x00, 0xc0, 0x81, 0x03, 0xc0, 0x01, 0x00, 0xc0, 0x01, 0x07, 0xe0, 0x00,
    0x00, 0xc0, 0x01, 0x0f, 0xf0, 0x00, 0x00, 0xc0, 0x01, 0x3f, 0x7e, 0x00,
    0x00, 0xc0, 0x01, 0xfe, 0x7f, 0x00, 0x00, 0x00, 0x00, 0xfc, 0x1f, 0x00,
    0x00, 0x00, 0x00, 0xf0, 0x07, 0x00, 0x00, 0x00, 0x00, 0x00, 0x00, 0x00,
    0x00, 0x00, 0x00, 0x00, 0x00, 0x00, 0x00, 0x00, 0x00, 0x00, 0x00, 0x00,
    0x00, 0x00, 0x00, 0x00, 0x00, 0x00, 0x00, 0xc0, 0x01, 0x00, 0x00, 0x00,
    0x00, 0xc0, 0x01, 0x00, 0x00, 0x00, 0x00, 0xc0, 0x01, 0x00, 0x00, 0x00,
    0x00, 0xc0, 0x01, 0x00, 0x00, 0x01, 0x00, 0xc0, 0x01, 0x00, 0xc0, 0x01,
    0x00, 0xc0, 0x01, 0x00, 0xf0, 0x01, 0x00, 0xc0, 0x01, 0x00, 0xfc, 0x01,
    0x00, 0xc0, 0x01, 0x00, 0xff, 0x00, 0x00, 0xc0, 0x01, 0xe0, 0x1f, 0x00,
    0x00, 0xc0, 0x01, 0xf8, 0x07, 0x00, 0x00, 0xc0, 0x01, 0xfe, 0x01, 0x00,
    0x00, 0xc0, 0x81, 0x7f, 0x00, 0x00, 0x00, 0xc0, 0xe1, 0x0f, 0x00, 0x00,
    0x00, 0xc0, 0xf9, 0x03, 0x00, 0x00, 0x00, 0xc0, 0xff, 0x00, 0x00, 0x00,
    0x00, 0xc0, 0x3f, 0x00, 0x00, 0x00, 0x00, 0xc0, 0x07, 0x00, 0x00, 0x00,
    0x00, 0xc0, 0x01, 0x00, 0x00, 0x00, 0x00, 0x00, 0x00, 0x00, 0x00, 0x00,
    0x00, 0x00, 0x00, 0x00, 0x00, 0x00, 0x00, 0x00, 0x00, 0x00, 0x00, 0x00,
    0x00, 0x00, 0x00, 0x00, 0x00, 0x00, 0x00, 0x00, 0x00, 0x80, 0x1f, 0x00,
    0x00, 0x00, 0x7e, 0xc0, 0x3f, 0x00, 0x00, 0x00, 0xff, 0xe1, 0x7f, 0x00,
    0x00, 0x80, 0xff, 0xf3, 0xf0, 0x00, 0x00, 0x80, 0x87, 0x73, 0xe0, 0x00,
    0x00, 0x80, 0x03, 0x3f, 0xc0, 0x01, 0x00, 0xc0, 0x01, 0x1f, 0xc0, 0x01,
    0x00, 0xc0, 0x01, 0x1e, 0xc0, 0x01, 0x00, 0xc0, 0x01, 0x0e, 0xc0, 0x01,
    0x00, 0xc0, 0x01, 0x1e, 0xc0, 0x01, 0x00, 0xc0, 0x01, 0x1e, 0xc0, 0x01,
    0x00, 0xc0, 0x01, 0x3f, 0xc0, 0x01, 0x00, 0x80, 0x03, 0x3b, 0xe0, 0x01,
    0x00, 0x80, 0xcf, 0x73, 0xe0, 0x00, 0x00, 0x00, 0xff, 0xf1, 0xfd, 0x00,
    0x00, 0x00, 0xff, 0xe0, 0x7f, 0x00, 0x00, 0x00, 0x7c, 0xc0, 0x3f, 0x00,
    0x00, 0x00, 0x00, 0x00, 0x0f, 0x00, 0x00, 0x00, 0x00, 0x00, 0x00, 0x00,
    0x00, 0x00, 0x00, 0x00, 0x00, 0x00, 0x00, 0x00, 0x00, 0x00, 0x00, 0x00,
    0x00, 0x00, 0x00, 0x00, 0x00, 0x00, 0x00, 0x00, 0xf8, 0x03, 0x00, 0x00,
    0x00, 0x00, 0xfe, 0x0f, 0x00, 0x00, 0x00, 0x00, 0xff, 0x1f, 0xc0, 0x01,
    0x00, 0x80, 0x0f, 0x3e, 0xc0, 0x01, 0x00, 0x80, 0x07, 0x38, 0xc0, 0x01,
    0x00, 0xc0, 0x03, 0x78, 0xc0, 0x01, 0x00, 0xc0, 0x01, 0x70, 0xc0, 0x01,
    0x00, 0xc0, 0x01, 0x70, 0xc0, 0x01, 0x00, 0xc0, 0x01, 0x70, 0xc0, 0x01,
    0x00, 0xc0, 0x01, 0x70, 0xe0, 0x00, 0x00, 0xc0, 0x01, 0x30, 0xe0, 0x00,
    0x00, 0xc0, 0x03, 0x38, 0xf0, 0x00, 0x00, 0x80, 0x07, 0x18, 0x78, 0x00,
    0x00, 0x80, 0x0f, 0x0c, 0x3e, 0x00, 0x00, 0x00, 0xff, 0xff, 0x1f, 0x00,
    0x00, 0x00, 0xfe, 0xff, 0x0f, 0x00, 0x00, 0x00, 0xf8, 0xff, 0x03, 0x00,
    0x00, 0x00, 0xc0, 0x1f, 0x00, 0x00, 0x00, 0x00, 0x00, 0x00, 0x00, 0x00,
    0x00, 0x00, 0x00, 0x00, 0x00, 0x00, 0x00, 0x00, 0x00, 0x00, 0x00, 0x00,
    0x00, 0x00, 0x00, 0x00, 0x00, 0x00, 0x00, 0x00, 0x00, 0x00, 0x00, 0x00,
    0x00, 0x00, 0xe0, 0x00, 0xe0, 0x00, 0x00, 0x00, 0xf0, 0x01, 0xf0, 0x01,
    0x00, 0x00, 0xf0, 0x01, 0xf0, 0x01, 0x00, 0x00, 0xf0, 0x01, 0xf0, 0x01,
    0x00, 0x00, 0x00, 0x00, 0x00, 0x00, 0x00, 0x00, 0x00, 0x00, 0x00, 0x00,
    0x00, 0x00, 0x00, 0x00, 0x00, 0x00, 0x00, 0x00, 0x00, 0x00, 0x00, 0x00,
    0x00, 0x00, 0x00, 0x00, 0x00, 0x00, 0x00, 0x00, 0x00, 0x00, 0x00, 0x01,
    0x00, 0x00, 0xe0, 0x00, 0xe0, 0x01, 0x00, 0x00, 0xf0, 0x01, 0xe0, 0x01,
    0x00, 0x00, 0xf0, 0x01, 0xe0, 0x01, 0x00, 0x00, 0xe0, 0x00, 0x60, 0x00,
    0x00, 0x00, 0x00, 0x00, 0x00, 0x00, 0x00, 0x00, 0x00, 0x00, 0x00, 0x00,
    0x00, 0x00, 0x00, 0x00, 0x00, 0x00, 0x00, 0x00, 0x00, 0x00, 0x00, 0x00,
    0x00, 0x00, 0x00, 0x00, 0x00, 0x00, 0x00, 0x00, 0x00, 0x18, 0x00, 0x00,
    0x00, 0x00, 0x00, 0x1c, 0x00, 0x00, 0x00, 0x00, 0x00, 0x3c, 0x00, 0x00,
    0x00, 0x00, 0x00, 0x3e, 0x00, 0x00, 0x00, 0x00, 0x00, 0x76, 0x00, 0x00,
    0x00, 0x00, 0x00, 0x77, 0x00, 0x00, 0x00, 0x00, 0x00, 0xe3, 0x00, 0x00,
    0x00, 0x00, 0x80, 0xe3, 0x00, 0x00, 0x00, 0x00, 0x80, 0xc1, 0x01, 0x00,
    0x00, 0x00, 0xc0, 0xc1, 0x01, 0x00, 0x00, 0x00, 0xc0, 0x80, 0x01, 0x00,
    0x00, 0x00, 0xe0, 0x80, 0x03, 0x00, 0x00, 0x00, 0x60, 0x80, 0x03, 0x00,
    0x00, 0x00, 0x70, 0x00, 0x07, 0x00, 0x00, 0x00, 0x30, 0x00, 0x07, 0x00,
    0x00, 0x00, 0x38, 0x00, 0x0e, 0x00, 0x00, 0x00, 0x18, 0x00, 0x0e, 0x00,
    0x00, 0x00, 0x1c, 0x00, 0x0c, 0x00, 0x00, 0x00, 0x00, 0x00, 0x00, 0x00,
    0x00, 0x00, 0x00, 0x00, 0x00, 0x00, 0x00, 0x00, 0x00, 0x00, 0x00, 0x00,
    0x00, 0x00, 0x00, 0x00, 0x00, 0x00, 0x00, 0x00, 0xc0, 0xc1, 0x01, 0x00,
    0x00, 0x00, 0xc0, 0xc1, 0x01, 0x00, 0x00, 0x00, 0xc0, 0xc1, 0x01, 0x00,
    0x00, 0x00, 0xc0, 0xc1, 0x01, 0x00, 0x00, 0x00, 0xc0, 0xc1, 0x01, 0x00,
    0x00, 0x00, 0xc0, 0xc1, 0x01, 0x00, 0x00, 0x00, 0xc0, 0xc1, 0x01, 0x00,
    0x00, 0x00, 0xc0, 0xc1, 0x01, 0x00, 0x00, 0x00, 0xc0, 0xc1, 0x01, 0x00,
    0x00, 0x00, 0xc0, 0xc1, 0x01, 0x00, 0x00, 0x00, 0xc0, 0xc1, 0x01, 0x00,
    0x00, 0x00, 0xc0, 0xc1, 0x01, 0x00, 0x00, 0x00, 0xc0, 0xc1, 0x01, 0x00,
    0x00, 0x00, 0xc0, 0xc1, 0x01, 0x00, 0x00, 0x00, 0xc0, 0xc1, 0x01, 0x00,
    0x00, 0x00, 0xc0, 0xc1, 0x01, 0x00, 0x00, 0x00, 0xc0, 0xc1, 0x01, 0x00,
    0x00, 0x00, 0x80, 0x81, 0x01, 0x00, 0x00, 0x00, 0x00, 0x00, 0x00, 0x00,
    0x00, 0x00, 0x00, 0x00, 0x00, 0x00, 0x00, 0x00, 0x00, 0x00, 0x00, 0x00,
    0x00, 0x00, 0x00, 0x00, 0x00, 0x00, 0x00, 0x00, 0x1c, 0x00, 0x0e, 0x00,
    0x00, 0x00, 0x38, 0x00, 0x0e, 0x00, 0x00, 0x00, 0x38, 0x00, 0x06, 0x00,
    0x00, 0x00, 0x70, 0x00, 0x07, 0x00, 0x00, 0x00, 0x70, 0x00, 0x07, 0x00,
    0x00, 0x00, 0xe0, 0x80, 0x03, 0x00, 0x00, 0x00, 0xe0, 0x80, 0x03, 0x00,
    0x00, 0x00, 0xc0, 0xc0, 0x01, 0x00, 0x00, 0x00, 0xc0, 0xc1, 0x01, 0x00,
    0x00, 0x00, 0x80, 0xc1, 0x00, 0x00, 0x00, 0x00, 0x80, 0xe3, 0x00, 0x00,
    0x00, 0x00, 0x00, 0x63, 0x00, 0x00, 0x00, 0x00, 0x00, 0x77, 0x00, 0x00,
    0x00, 0x00, 0x00, 0x76, 0x00, 0x00, 0x00, 0x00, 0x00, 0x3e, 0x00, 0x00,
    0x00, 0x00, 0x00, 0x3c, 0x00, 0x00, 0x00, 0x00, 0x00, 0x1c, 0x00, 0x00,
    0x00, 0x00, 0x00, 0x18, 0x00, 0x00, 0x00, 0x00, 0x00, 0x00, 0x00, 0x00,
    0x00, 0x00, 0x00, 0x00, 0x00, 0x00, 0x00, 0x00, 0x00, 0x00, 0x00, 0x00,
    0x00, 0x80, 0x03, 0x00, 0x00, 0x00, 0x00, 0x80, 0x03, 0x00, 0x00, 0x00,
    0x00, 0x80, 0x03, 0x00, 0x00, 0x00, 0x00, 0xc0, 0x01, 0x00, 0x40, 0x00,
    0x00, 0xc0, 0x01, 0xc0, 0xf1, 0x01, 0x00, 0xc0, 0x01, 0xf0, 0xf1, 0x01,
    0x00, 0xc0, 0x01, 0xf8, 0xf1, 0x01, 0x00, 0xc0, 0x01, 0x3c, 0xe0, 0x00,
    0x00, 0xc0, 0x01, 0x1e, 0x00, 0x00, 0x00, 0xc0, 0x01, 0x0f, 0x00, 0x00,
    0x00, 0x80, 0x83, 0x07, 0x00, 0x00, 0x00, 0x80, 0xff, 0x03, 0x00, 0x00,
    0x00, 0x00, 0xff, 0x01, 0x00, 0x00, 0x00, 0x00, 0xfe, 0x00, 0x00, 0x00,
    0x00, 0x00, 0x00, 0x00, 0x00, 0x00, 0x00, 0x00, 0x00, 0x00, 0x00, 0x00,
    0x00, 0x00, 0x00, 0x00, 0x00, 0x00, 0x00, 0x00, 0x00, 0xf8, 0x03, 0x00,
    0x00, 0x00, 0x00, 0xff, 0x3f, 0x00, 0x00, 0x00, 0xc0, 0xff, 0x7f, 0x00,
    0x00, 0x00, 0xf0, 0x03, 0xf8, 0x01, 0x00, 0x00, 0x78, 0x00, 0xe0, 0x01,
    0x00, 0x00, 0x3c, 0x00, 0x80, 0x01, 0x00, 0x00, 0x1e, 0x00, 0x00, 0x01,
    0x00, 0x00, 0x0f, 0x00, 0x00, 0x01, 0x00, 0x00, 0x07, 0xfc, 0x03, 0x00,
    0x00, 0x80, 0x03, 0xff, 0x0f, 0x00, 0x00, 0x80, 0x83, 0xff, 0x1f, 0x00,
    0x00, 0x80, 0xc3, 0x07, 0x1c, 0x00, 0x00, 0xc0, 0xc1, 0x01, 0x38, 0x00,
    0x00, 0xc0, 0xc1, 0x01, 0x38, 0x00, 0x00, 0xc0, 0xe1, 0x00, 0x38, 0x00,
    0x00, 0xc0, 0xe1, 0x00, 0x38, 0x00, 0x00, 0xc0, 0xe1, 0x00, 0x1c, 0x00,
    0x00, 0xc0, 0xe1, 0x00, 0x0e, 0x00, 0x00, 0xc0, 0xe1, 0xe1, 0x07, 0x00,
    0x00, 0xc0, 0xc1, 0xff, 0x07, 0x00, 0x00, 0x80, 0xc3, 0xff, 0x0f, 0x00,
    0x00, 0x80, 0xc3, 0x03, 0x1c, 0x00, 0x00, 0x80, 0x03, 0x00, 0x38, 0x00,
    0x00, 0x00, 0x07, 0x00, 0x38, 0x00, 0x00, 0x00, 0x0f, 0x00, 0x38, 0x00,
    0x00, 0x00, 0x1e, 0x00, 0x1c, 0x00, 0x00, 0x00, 0x7c, 0x00, 0x1f, 0x00,
    0x00, 0x00, 0xf8, 0xff, 0x0f, 0x00, 0x00, 0x00, 0xe0, 0xff, 0x03, 0x00,
    0x00, 0x00, 0x00, 0xff, 0x00, 0x00, 0x00, 0x00, 0x00, 0x00, 0x00, 0x00,
    0x00, 0x00, 0x00, 0x00, 0x00, 0x00, 0x00, 0x00, 0x00, 0x00, 0x00, 0x01,
    0x00, 0x00, 0x00, 0x00, 0xe0, 0x01, 0x00, 0x00, 0x00, 0x00, 0xf8, 0x01,
    0x00, 0x00, 0x00, 0x00, 0xff, 0x01, 0x00, 0x00, 0x00, 0xc0, 0x3f, 0x00,
    0x00, 0x00, 0x00, 0xf8, 0x07, 0x00, 0x00, 0x00, 0x00, 0xff, 0x00, 0x00,
    0x00, 0x00, 0xc0, 0xff, 0x00, 0x00, 0x00, 0x00, 0xf8, 0xe7, 0x00, 0x00,
    0x00, 0x00, 0xfe, 0xe1, 0x00, 0x00, 0x00, 0xc0, 0x3f, 0xe0, 0x00, 0x00,
    0x00, 0xc0, 0x07, 0xe0, 0x00, 0x00, 0x00, 0xc0, 0x07, 0xe0, 0x00, 0x00,
    0x00, 0xc0, 0x3f, 0xe0, 0x00, 0x00, 0x00, 0x00, 0xff, 0xe0, 0x00, 0x00,
    0x00, 0x00, 0xf8, 0xe7, 0x00, 0x00, 0x00, 0x00, 0xe0, 0xff, 0x00, 0x00,
    0x00, 0x00, 0x00, 0xff, 0x00, 0x00, 0x00, 0x00, 0x00, 0xfc, 0x07, 0x00,
    0x00, 0x00, 0x00, 0xe0, 0x3f, 0x00, 0x00, 0x00, 0x00, 0x80, 0xff, 0x00,
    0x00, 0x00, 0x00, 0x00, 0xfc, 0x01, 0x00, 0x00, 0x00, 0x00, 0xe0, 0x01,
    0x00, 0x00, 0x00, 0x00, 0x80, 0x01, 0x00, 0x00, 0x00, 0x00, 0x00, 0x00,
    0x00, 0x00, 0x00, 0x00, 0x00, 0x00, 0x00, 0x00, 0x00, 0x00, 0x00, 0x00,
    0x00, 0x00, 0x00, 0x00, 0x00, 0x00, 0x00, 0x00, 0x00, 0x00, 0x00, 0x00,
    0x00, 0xc0, 0xff, 0xff, 0xff, 0x01, 0x00, 0xc0, 0xff, 0xff, 0xff, 0x01,
    0x00, 0xc0, 0xff, 0xff, 0xff, 0x01, 0x00, 0xc0, 0x01, 0x0e, 0xc0, 0x01,
    0x00, 0xc0, 0x01, 0x0e, 0xc0, 0x01, 0x00, 0xc0, 0x01, 0x0e, 0xc0, 0x01,
    0x00, 0xc0, 0x01, 0x0e, 0xc0, 0x01, 0x00, 0xc0, 0x01, 0x0e, 0xc0, 0x01,
    0x00, 0xc0, 0x01, 0x0e, 0xc0, 0x01, 0x00, 0xc0, 0x01, 0x0e, 0xc0, 0x01,
    0x00, 0xc0, 0x01, 0x0e, 0xc0, 0x01, 0x00, 0xc0, 0x01, 0x0e, 0xc0, 0x01,
    0x00, 0x80, 0x03, 0x1f, 0xe0, 0x01, 0x00, 0x80, 0x87, 0x1b, 0xe0, 0x00,
    0x00, 0x80, 0xff, 0x7b, 0xf8, 0x00, 0x00, 0x00, 0xff, 0xf9, 0x7f, 0x00,
    0x00, 0x00, 0xfe, 0xf0, 0x7f, 0x00, 0x00, 0x00, 0x38, 0xe0, 0x1f, 0x00,
    0x00, 0x00, 0x00, 0x00, 0x07, 0x00, 0x00, 0x00, 0x00, 0x00, 0x00, 0x00,
    0x00, 0x00, 0x00, 0x00, 0x00, 0x00, 0x00, 0x00, 0x00, 0x00, 0x00, 0x00,
    0x00, 0x00, 0x00, 0x00, 0x00, 0x00, 0x00, 0x00, 0x00, 0x3e, 0x00, 0x00,
    0x00, 0x00, 0xe0, 0xff, 0x03, 0x00, 0x00, 0x00, 0xf8, 0xff, 0x0f, 0x00,
    0x00, 0x00, 0xfc, 0xff, 0x1f, 0x00, 0x00, 0x00, 0x7e, 0x00, 0x3f, 0x00,
    0x00, 0x00, 0x1f, 0x00, 0x7c, 0x00, 0x00, 0x00, 0x0f, 0x00, 0xf0, 0x00,
    0x00, 0x80, 0x07, 0x00, 0xf0, 0x00, 0x00, 0x80, 0x03, 0x00, 0xe0, 0x00,
    0x00, 0xc0, 0x03, 0x00, 0xc0, 0x01, 0x00, 0xc0, 0x01, 0x00, 0xc0, 0x01,
    0x00, 0xc0, 0x01, 0x00, 0xc0, 0x01, 0x00, 0xc0, 0x01, 0x00, 0xc0, 0x01,
    0x00, 0xc0, 0x01, 0x00, 0xc0, 0x01, 0x00, 0xc0, 0x01, 0x00, 0xc0, 0x01,
    0x00, 0xc0, 0x01, 0x00, 0xc0, 0x01, 0x00, 0xc0, 0x01, 0x00, 0xc0, 0x01,
    0x00, 0xc0, 0x03, 0x00, 0xc0, 0x01, 0x00, 0x80, 0x03, 0x00, 0xe0, 0x00,
    0x00, 0x80, 0x03, 0x00, 0xe0, 0x00, 0x00, 0x80, 0x00, 0x00, 0x00, 0x00,
    0x00, 0x00, 0x00, 0x00, 0x00, 0x00, 0x00, 0x00, 0x00, 0x00, 0x00, 0x00,
    0x00, 0x00, 0x00, 0x00, 0x00, 0x00, 0x00, 0x00, 0x00, 0x00, 0x00, 0x00,
    0x00, 0x00, 0x00, 0x00, 0x00, 0x00, 0x00, 0xc0, 0xff, 0xff, 0xff, 0x01,
    0x00, 0xc0, 0xff, 0xff, 0xff, 0x01, 0x00, 0xc0, 0xff, 0xff, 0xff, 0x01,
    0x00, 0xc0, 0x01, 0x00, 0xc0, 0x01, 0x00, 0xc0, 0x01, 0x00, 0xc0, 0x01,
    0x00, 0xc0, 0x01, 0x00, 0xc0, 0x01, 0x00, 0xc0, 0x01, 0x00, 0xc0, 0x01,
    0x00, 0xc0, 0x01, 0x00, 0xc0, 0x01, 0x00, 0xc0, 0x01, 0x00, 0xc0, 0x01,
    0x00, 0xc0, 0x01, 0x00, 0xc0, 0x01, 0x00, 0xc0, 0x01, 0x00, 0xc0, 0x01,
    0x00, 0xc0, 0x01, 0x00, 0xc0, 0x01, 0x00, 0x80, 0x03, 0x00, 0xe0, 0x00,
    0x00, 0x80, 0x03, 0x00, 0xe0, 0x00, 0x00, 0x80, 0x07, 0x00, 0xf0, 0x00,
    0x00, 0x00, 0x0f, 0x00, 0x78, 0x00, 0x00, 0x00, 0x1f, 0x00, 0x3e, 0x00,
    0x00, 0x00, 0xfe, 0xc0, 0x3f, 0x00, 0x00, 0x00, 0xfc, 0xff, 0x1f, 0x00,
    0x00, 0x00, 0xf0, 0xff, 0x07, 0x00, 0x00, 0x00, 0xc0, 0xff, 0x01, 0x00,
    0x00, 0x00, 0x00, 0x00, 0x00, 0x00, 0x00, 0x00, 0x00, 0x00, 0x00, 0x00,
    0x00, 0x00, 0x00, 0x00, 0x00, 0x00, 0x00, 0x00, 0x00, 0x00, 0x00, 0x00,
    0x00, 0x00, 0x00, 0x00, 0x00, 0x00, 0x00, 0x00, 0x00, 0x00, 0x00, 0x00,
    0x00, 0x00, 0x00, 0x00, 0x00, 0x00, 0x00, 0xc0, 0xff, 0xff, 0xff, 0x01,
    0x00, 0xc0, 0xff, 0xff, 0xff, 0x01, 0x00, 0xc0, 0xff, 0xff, 0xff, 0x01,
    0x00, 0xc0, 0x01, 0x0e, 0xc0, 0x01, 0x00, 0xc0, 0x01, 0x0e, 0xc0, 0x01,
    0x00, 0xc0, 0x01, 0x0e, 0xc0, 0x01, 0x00, 0xc0, 0x01, 0x0e, 0xc0, 0x01,
    0x00, 0xc0, 0x01, 0x0e, 0xc0, 0x01, 0x00, 0xc0, 0x01, 0x0e, 0xc0, 0x01,
    0x00, 0xc0, 0x01, 0x0e, 0xc0, 0x01, 0x00, 0xc0, 0x01, 0x0e, 0xc0, 0x01,
    0x00, 0xc0, 0x01, 0x0e, 0xc0, 0x01, 0x00, 0xc0, 0x01, 0x0e, 0xc0, 0x01,
    0x00, 0xc0, 0x01, 0x0e, 0xc0, 0x01, 0x00, 0xc0, 0x01, 0x00, 0xc0, 0x01,
    0x00, 0x00, 0x00, 0x00, 0x00, 0x00, 0x00, 0x00, 0x00, 0x00, 0x00, 0x00,
    0x00, 0x00, 0x00, 0x00, 0x00, 0x00, 0x00, 0x00, 0x00, 0x00, 0x00, 0x00,
    0x00, 0x00, 0x00, 0x00, 0x00, 0x00, 0x00, 0x00, 0x00, 0x00, 0x00, 0x00,
    0x00, 0xc0, 0xff, 0xff, 0xff, 0x01, 0x00, 0xc0, 0xff, 0xff, 0xff, 0x01,
    0x00, 0xc0, 0xff, 0xff, 0xff, 0x01, 0x00, 0xc0, 0x01, 0x1c, 0x00, 0x00,
    0x00, 0xc0, 0x01, 0x1c, 0x00, 0x00, 0x00, 0xc0, 0x01, 0x1c, 0x00, 0x00,
    0x00, 0xc0, 0x01, 0x1c, 0x00, 0x00, 0x00, 0xc0, 0x01, 0x1c, 0x00, 0x00,
    0x00, 0xc0, 0x01, 0x1c, 0x00, 0x00, 0x00, 0xc0, 0x01, 0x1c, 0x00, 0x00,
    0x00, 0xc0, 0x01, 0x1c, 0x00, 0x00, 0x00, 0xc0, 0x01, 0x1c, 0x00, 0x00,
    0x00, 0xc0, 0x01, 0x1c, 0x00, 0x00, 0x00, 0xc0, 0x01, 0x1c, 0x00, 0x00,
    0x00, 0xc0, 0x01, 0x00, 0x00, 0x00, 0x00, 0x00, 0x00, 0x00, 0x00, 0x00,
    0x00, 0x00, 0x00, 0x00, 0x00, 0x00, 0x00, 0x00, 0x00, 0x00, 0x00, 0x00,
    0x00, 0x00, 0x00, 0x3e, 0x00, 0x00, 0x00, 0x00, 0xe0, 0xff, 0x03, 0x00,
    0x00, 0x00, 0xf0, 0xff, 0x0f, 0x00, 0x00, 0x00, 0xfc, 0xff, 0x1f, 0x00,
    0x00, 0x00, 0x7e, 0x00, 0x3f, 0x00, 0x00, 0x00, 0x1f, 0x00, 0x7c, 0x00,
    0x00, 0x00, 0x0f, 0x00, 0x78, 0x00, 0x00, 0x80, 0x07, 0x00, 0xf0, 0x00,
    0x00, 0x80, 0x03, 0x00, 0xe0, 0x00, 0x00, 0x80, 0x03, 0x00, 0xe0, 0x01,
    0x00, 0xc0, 0x01, 0x00, 0xc0, 0x01, 0x00, 0xc0, 0x01, 0x00, 0xc0, 0x01,
    0x00, 0xc0, 0x01, 0x00, 0xc0, 0x01, 0x00, 0xc0, 0x01, 0x18, 0xc0, 0x01,
    0x00, 0xc0, 0x01, 0x1c, 0xc0, 0x01, 0x00, 0xc0, 0x01, 0x1c, 0xc0, 0x01,
    0x00, 0xc0, 0x01, 0x1c, 0xc0, 0x01, 0x00, 0xc0, 0x01, 0x1c, 0xc0, 0x01,
    0x00, 0xc0, 0x01, 0x1c, 0xc0, 0x01, 0x00, 0x80, 0x03, 0xfc, 0xff, 0x00,
    0x00, 0x80, 0x03, 0xfc, 0xff, 0x00, 0x00, 0x80, 0x03, 0xfc, 0xff, 0x00,
    0x00, 0x00, 0x00, 0xfc, 0xff, 0x00, 0x00, 0x00, 0x00, 0x00, 0x00, 0x00,
    0x00, 0x00, 0x00, 0x00, 0x00, 0x00, 0x00, 0x00, 0x00, 0x00, 0x00, 0x00,
    0x00, 0x00, 0x00, 0x00, 0x00, 0x00, 0x00, 0x00, 0x00, 0x00, 0x00, 0x00,
    0x00, 0x00, 0x00, 0x00, 0x00, 0x00, 0x00, 0x00, 0x00, 0x00, 0x00, 0x00,
    0x00, 0xc0, 0xff, 0xff, 0xff, 0x01, 0x00, 0xc0, 0xff, 0xff, 0xff, 0x01,
    0x00, 0xc0, 0xff, 0xff, 0xff, 0x01, 0x00, 0x00, 0x00, 0x0e, 0x00, 0x00,
    0x00, 0x00, 0x00, 0x0e, 0x00, 0x00, 0x00, 0x00, 0x00, 0x0e, 0x00, 0x00,
    0x00, 0x00, 0x00, 0x0e, 0x00, 0x00, 0x00, 0x00, 0x00, 0x0e, 0x00, 0x00,
    0x00, 0x00, 0x00, 0x0e, 0x00, 0x00, 0x00, 0x00, 0x00, 0x0e, 0x00, 0x00,
    0x00, 0x00, 0x00, 0x0e, 0x00, 0x00, 0x00, 0x00, 0x00, 0x0e, 0x00, 0x00,
    0x00, 0x00, 0x00, 0x0e, 0x00, 0x00, 0x00, 0x00, 0x00, 0x0e, 0x00, 0x00,
    0x00, 0x00, 0x00, 0x0e, 0x00, 0x00, 0x00, 0x00, 0x00, 0x0e, 0x00, 0x00,
    0x00, 0x00, 0x00, 0x0e, 0x00, 0x00, 0x00, 0xc0, 0xff, 0xff, 0xff, 0x01,
    0x00, 0xc0, 0xff, 0xff, 0xff, 0x01, 0x00, 0xc0, 0xff, 0xff, 0xff, 0x01,
    0x00, 0x00, 0x00, 0x00, 0x00, 0x00, 0x00, 0x00, 0x00, 0x00, 0x00, 0x00,
    0x00, 0x00, 0x00, 0x00, 0x00, 0x00, 0x00, 0x00, 0x00, 0x00, 0x00, 0x00,
    0x00, 0x00, 0x00, 0x00, 0x00, 0x00, 0x00, 0x00, 0x00, 0x00, 0x00, 0x00,
    0x00, 0xc0, 0x01, 0x00, 0x80, 0x01, 0x00, 0xc0, 0x01, 0x00, 0x80, 0x01,
    0x00, 0xc0, 0x01, 0x00, 0xc0, 0x01, 0x00, 0xc0, 0xff, 0xff, 0xff, 0x01,
    0x00, 0xc0, 0xff, 0xff, 0xff, 0x01, 0x00, 0xc0, 0xff, 0xff, 0xff, 0x01,
    0x00, 0xc0, 0x01, 0x00, 0xc0, 0x01, 0x00, 0xc0, 0x01, 0x00, 0x80, 0x01,
    0x00, 0xc0, 0x01, 0x00, 0x80, 0x01, 0x00, 0x00, 0x00, 0x00, 0x00, 0x00,
    0x00, 0x00, 0x00, 0x00, 0x00, 0x00, 0x00, 0x00, 0x00, 0x00, 0x00, 0x00,
    0x00, 0x00, 0x00, 0x00, 0x00, 0x00, 0x00, 0x00, 0x00, 0x00, 0x00, 0x00,
    0x00, 0x00, 0x00, 0x00, 0x00, 0x00, 0x00, 0x00, 0x00, 0x00, 0x00, 0x00,
    0x00, 0x00, 0x00, 0x00, 0x00, 0x00, 0x00, 0xc0, 0xff, 0xff, 0xff, 0x01,
    0x00, 0xc0, 0xff, 0xff, 0xff, 0x01, 0x00, 0xc0, 0xff, 0xff, 0xff, 0x01,
    0x00, 0xc0, 0xff, 0xff, 0xff, 0x01, 0x00, 0x00, 0x00, 0x00, 0x00, 0x00,
    0x00, 0x00, 0x00, 0x00, 0x00, 0x00, 0x00, 0x00, 0x00, 0x00, 0x00, 0x00,
    0x00, 0x00, 0x00, 0x00, 0x00, 0x00, 0x00, 0x00, 0x00, 0x00, 0x00, 0x00,
    0x00, 0x00, 0x00, 0x00, 0x00, 0x00, 0x00, 0x00, 0x00, 0x00, 0x00, 0x00,
    0x00, 0xc0, 0xff, 0xff, 0xff, 0x01, 0x00, 0xc0, 0xff, 0xff, 0xff, 0x01,
    0x00, 0xc0, 0xff, 0xff, 0xff, 0x01, 0x00, 0x00, 0x00, 0x38, 0x00, 0x00,
    0x00, 0x00, 0x00, 0x1c, 0x00, 0x00, 0x00, 0x00, 0x00, 0x1e, 0x00, 0x00,
    0x00, 0x00, 0x00, 0x1f, 0x00, 0x00, 0x00, 0x00, 0x80, 0x3f, 0x00, 0x00,
    0x00, 0x00, 0xe0, 0xff, 0x00, 0x00, 0x00, 0x00, 0xf0, 0xf1, 0x01, 0x00,
    0x00, 0x00, 0xf8, 0xe0, 0x03, 0x00, 0x00, 0x00, 0x3c, 0xc0, 0x0f, 0x00,
    0x00, 0x00, 0x1e, 0x00, 0x1f, 0x00, 0x00, 0x00, 0x0f, 0x00, 0x3e, 0x00,
    0x00, 0x80, 0x07, 0x00, 0xfc, 0x00, 0x00, 0xc0, 0x03, 0x00, 0xf0, 0x01,
    0x00, 0xc0, 0x01, 0x00, 0xe0, 0x01, 0x00, 0xc0, 0x00, 0x00, 0xc0, 0x01,
    0x00, 0x40, 0x00, 0x00, 0x00, 0x01, 0x00, 0x00, 0x00, 0x00, 0x00, 0x00,
    0x00, 0x00, 0x00, 0x00, 0x00, 0x00, 0x00, 0x00, 0x00, 0x00, 0x00, 0x00,
    0x00, 0x00, 0x00, 0x00, 0x00, 0x00, 0x00, 0x00, 0x00, 0x00, 0x00, 0x00,
    0x00, 0xc0, 0xff, 0xff, 0xff, 0x01, 0x00, 0xc0, 0xff, 0xff, 0xff, 0x01,
    0x00, 0xc0, 0xff, 0xff, 0xff, 0x01, 0x00, 0x00, 0x00, 0x00, 0xc0, 0x01,
    0x00, 0x00, 0x00, 0x00, 0xc0, 0x01, 0x00, 0x00, 0x00, 0x00, 0xc0, 0x01,
    0x00, 0x00, 0x00, 0x00, 0xc0, 0x01, 0x00, 0x00, 0x00, 0x00, 0xc0, 0x01,
    0x00, 0x00, 0x00, 0x00, 0xc0, 0x01, 0x00, 0x00, 0x00, 0x00, 0xc0, 0x01,
    0x00, 0x00, 0x00, 0x00, 0xc0, 0x01, 0x00, 0x00, 0x00, 0x00, 0xc0, 0x01,
    0x00, 0x00, 0x00, 0x00, 0xc0, 0x01, 0x00, 0x00, 0x00, 0x00, 0xc0, 0x01,
    0x00, 0x00, 0x00, 0x00, 0xc0, 0x01, 0x00, 0x00, 0x00, 0x00, 0x00, 0x00,
    0x00, 0x00, 0x00, 0x00, 0x00, 0x00, 0x00, 0x00, 0x00, 0x00, 0x00, 0x00,
    0x00, 0x00, 0x00, 0x00, 0x00, 0x00, 0x00, 0x00, 0x00, 0x00, 0x00, 0x00,
    0x00, 0xc0, 0xff, 0xff, 0xff, 0x01, 0x00, 0xc0, 0xff, 0xff, 0xff, 0x01,
    0x00, 0xc0, 0xff, 0xff, 0xff, 0x01, 0x00, 0xc0, 0x0f, 0x00, 0x00, 0x00,
    0x00, 0xc0, 0x3f, 0x00, 0x00, 0x00, 0x00, 0x00, 0xff, 0x01, 0x00, 0x00,
    0x00, 0x00, 0xf8, 0x0f, 0x00, 0x00, 0x00, 0x00, 0xe0, 0x3f, 0x00, 0x00,
    0x00, 0x00, 0x00, 0xff, 0x01, 0x00, 0x00, 0x00, 0x00, 0xf8, 0x07, 0x00,
    0x00, 0x00, 0x00, 0xe0, 0x3f, 0x00, 0x00, 0x00, 0x00, 0x00, 0xff, 0x01,
    0x00, 0x00, 0x00, 0x00, 0xf8, 0x01, 0x00, 0x00, 0x00, 0x00, 0xf0, 0x01,
    0x00, 0x00, 0x00, 0x00, 0xfe, 0x01, 0x00, 0x00, 0x00, 0xc0, 0x3f, 0x00,
    0x00, 0x00, 0x00, 0xf0, 0x0f, 0x00, 0x00, 0x00, 0x00, 0xfe, 0x01, 0x00,
    0x00, 0x00, 0x80, 0x7f, 0x00, 0x00, 0x00, 0x00, 0xf0, 0x0f, 0x00, 0x00,
    0x00, 0x00, 0xfe, 0x01, 0x00, 0x00, 0x00, 0x80, 0x7f, 0x00, 0x00, 0x00,
    0x00, 0xc0, 0x0f, 0x00, 0x00, 0x00, 0x00, 0xc0, 0xe7, 0xff, 0xff, 0x01,
    0x00, 0xc0, 0xff, 0xff, 0xff, 0x01, 0x00, 0xc0, 0xff, 0xff, 0xff, 0x01,
    0x00, 0xc0, 0xff, 0xff, 0xff, 0x01, 0x00, 0x00, 0x00, 0x00, 0x00, 0x00,
    0x00, 0x00, 0x00, 0x00, 0x00, 0x00, 0x00, 0x00, 0x00, 0x00, 0x00, 0x00,
    0x00, 0x00, 0x00, 0x00, 0x00, 0x00, 0x00, 0x00, 0x00, 0x00, 0x00, 0x00,
    0x00, 0x00, 0x00, 0x00, 0x00, 0x00, 0x00, 0x00, 0x00, 0x00, 0x00, 0x00,
    0x00, 0xc0, 0xff, 0xff, 0xff, 0x01, 0x00, 0xc0, 0xff, 0xff, 0xff, 0x01,
    0x00, 0xc0, 0xff, 0xff, 0xff, 0x01, 0x00, 0xc0, 0x0f, 0x00, 0x00, 0x00,
    0x00, 0x80, 0x3f, 0x00, 0x00, 0x00, 0x00, 0x00, 0x7e, 0x00, 0x00, 0x00,
    0x00, 0x00, 0xfc, 0x01, 0x00, 0x00, 0x00, 0x00, 0xf0, 0x03, 0x00, 0x00,
    0x00, 0x00, 0xc0, 0x0f, 0x00, 0x00, 0x00, 0x00, 0x80, 0x1f, 0x00, 0x00,
    0x00, 0x00, 0x00, 0x7e, 0x00, 0x00, 0x00, 0x00, 0x00, 0xfc, 0x00, 0x00,
    0x00, 0x00, 0x00, 0xf0, 0x03, 0x00, 0x00, 0x00, 0x00, 0xe0, 0x07, 0x00,
    0x00, 0x00, 0x00, 0x80, 0x1f, 0x00, 0x00, 0x00, 0x00, 0x00, 0x3f, 0x00,
    0x00, 0x00, 0x00, 0x00, 0xfc, 0x00, 0x00, 0x00, 0x00, 0x00, 0xf0, 0x01,
    0x00, 0xc0, 0xff, 0xff, 0xff, 0x01, 0x00, 0xc0, 0xff, 0xff, 0xff, 0x01,
    0x00, 0xc0, 0xff, 0xff, 0xff, 0x01, 0x00, 0x00, 0x00, 0x00, 0x00, 0x00,
    0x00, 0x00, 0x00, 0x00, 0x00, 0x00, 0x00, 0x00, 0x00, 0x00, 0x00, 0x00,
    0x00, 0x00, 0x00, 0x00, 0x00, 0x00, 0x00, 0x00, 0x00, 0x00, 0x00, 0x00,
    0x00, 0x00, 0x00, 0x00, 0x00, 0x00, 0x00, 0x00, 0x00, 0x3e, 0x00, 0x00,
    0x00, 0x00, 0xe0, 0xff, 0x03, 0x00, 0x00, 0x00, 0xf8, 0xff, 0x0f, 0x00,
    0x00, 0x00, 0xfc, 0xff, 0x1f, 0x00, 0x00, 0x00, 0x7e, 0x00, 0x3f, 0x00,
    0x00, 0x00, 0x1f, 0x00, 0x7c, 0x00, 0x00, 0x80, 0x07, 0x00, 0xf0, 0x00,
    0x00, 0x80, 0x03, 0x00, 0xe0, 0x00, 0x00, 0x80, 0x03, 0x00, 0xe0, 0x00,
    0x00, 0xc0, 0x01, 0x00, 0xc0, 0x01, 0x00, 0xc0, 0x01, 0x00, 0xc0, 0x01,
    0x00, 0xc0, 0x01, 0x00, 0xc0, 0x01, 0x00, 0xc0, 0x01, 0x00, 0xc0, 0x01,
    0x00, 0xc0, 0x01, 0x00, 0xc0, 0x01, 0x00, 0xc0, 0x01, 0x00, 0xc0, 0x01,
    0x00, 0xc0, 0x01, 0x00, 0xc0, 0x01, 0x00, 0xc0, 0x01, 0x00, 0xc0, 0x01,
    0x00, 0x80, 0x03, 0x00, 0xe0, 0x00, 0x00, 0x80, 0x07, 0x00, 0xf0, 0x00,
    0x00, 0x00, 0x0f, 0x00, 0x78, 0x00, 0x00, 0x00, 0x1f, 0x00, 0x7c, 0x00,
    0x00, 0x00, 0xfe, 0xc1, 0x3f, 0x00, 0x00, 0x00, 0xfc, 0xff, 0x1f, 0x00,
    0x00, 0x00, 0xf0, 0xff, 0x07, 0x00, 0x00, 0x00, 0xc0, 0xff, 0x01, 0x00,
    0x00, 0x00, 0x00, 0x00, 0x00, 0x00, 0x00, 0x00, 0x00, 0x00, 0x00, 0x00,
    0x00, 0x00, 0x00, 0x00, 0x00, 0x00, 0x00, 0x00, 0x00, 0x00, 0x00, 0x00,
    0x00, 0x00, 0x00, 0x00, 0x00, 0x00, 0x00, 0x00, 0x00, 0x00, 0x00, 0x00,
    0x00, 0x00, 0x00, 0x00, 0x00, 0x00, 0x00, 0xc0, 0xff, 0xff, 0xff, 0x01,
    0x00, 0xc0, 0xff, 0xff, 0xff, 0x01, 0x00, 0xc0, 0xff, 0xff, 0xff, 0x01,
    0x00, 0xc0, 0x01, 0x38, 0x00, 0x00, 0x00, 0xc0, 0x01, 0x38, 0x00, 0x00,
    0x00, 0xc0, 0x01, 0x38, 0x00, 0x00, 0x00, 0xc0, 0x01, 0x38, 0x00, 0x00,
    0x00, 0xc0, 0x01, 0x38, 0x00, 0x00, 0x00, 0xc0, 0x01, 0x38, 0x00, 0x00,
    0x00, 0xc0, 0x01, 0x38, 0x00, 0x00, 0x00, 0xc0, 0x01, 0x38, 0x00, 0x00,
    0x00, 0x80, 0x03, 0x1c, 0x00, 0x00, 0x00, 0x80, 0x07, 0x1e, 0x00, 0x00,
    0x00, 0x80, 0xff, 0x0f, 0x00, 0x00, 0x00, 0x00, 0xff, 0x0f, 0x00, 0x00,
    0x00, 0x00, 0xfe, 0x07, 0x00, 0x00, 0x00, 0x00, 0xf8, 0x01, 0x00, 0x00,
    0x00, 0x00, 0x00, 0x00, 0x00, 0x00, 0x00, 0x00, 0x00, 0x00, 0x00, 0x00,
    0x00, 0x00, 0x00, 0x00, 0x00, 0x00, 0x00, 0x00, 0x00, 0x00, 0x00, 0x00,
    0x00, 0x00, 0x00, 0x3e, 0x00, 0x00, 0x00, 0x00, 0xe0, 0xff, 0x03, 0x00,
    0x00, 0x00, 0xf8, 0xff, 0x0f, 0x00, 0x00, 0x00, 0xfc, 0xff, 0x1f, 0x00,
    0x00, 0x00, 0x7e, 0x00, 0x3f, 0x00, 0x00, 0x00, 0x1f, 0x00, 0x7c, 0x00,
    0x00, 0x80, 0x07, 0x00, 0xf0, 0x00, 0x00, 0x80, 0x03, 0x00, 0xe0, 0x00,
    0x00, 0x80, 0x03, 0x00, 0xe0, 0x00, 0x00, 0xc0, 0x01, 0x00, 0xc0, 0x01,
    0x00, 0xc0, 0x01, 0x00, 0xc0, 0x01, 0x00, 0xc0, 0x01, 0x00, 0xc0, 0x01,
    0x00, 0xc0, 0x01, 0x00, 0xc0, 0x01, 0x00, 0xc0, 0x01, 0x00, 0xc0, 0x01,
    0x00, 0xc0, 0x01, 0x00, 0xc0, 0x01, 0x00, 0xc0, 0x01, 0x00, 0xc0, 0x01,
    0x00, 0xc0, 0x01, 0x00, 0xc0, 0x01, 0x00, 0x80, 0x03, 0x00, 0xe0, 0x01,
    0x00, 0x80, 0x07, 0x00, 0xf0, 0x00, 0x00, 0x00, 0x0f, 0x00, 0x78, 0x00,
    0x00, 0x00, 0x1f, 0x00, 0x7c, 0x00, 0x00, 0x00, 0xfe, 0xc1, 0x3f, 0x00,
    0x00, 0x00, 0xfc, 0xff, 0x1f, 0x00, 0x00, 0x00, 0xf0, 0xff, 0x07, 0x00,
    0x00, 0x00, 0xc0, 0xff, 0x01, 0x00, 0x00, 0x00, 0x00, 0x00, 0x00, 0x00,
    0x00, 0x00, 0x00, 0x00, 0x00, 0x00, 0x00, 0x00, 0x00, 0x00, 0x00, 0x00,
    0x00, 0x00, 0x00, 0x00, 0x00, 0x00, 0x00, 0x00, 0x00, 0x00, 0x00, 0x00,
    0x00, 0x00, 0x00, 0x00, 0x00, 0x00, 0x00, 0x00, 0x00, 0x00, 0x00, 0x00,
    0x00, 0xc0, 0xff, 0xff, 0xff, 0x01, 0x00, 0xc0, 0xff, 0xff, 0xff, 0x01,
    0x00, 0xc0, 0xff, 0xff, 0xff, 0x01, 0x00, 0xc0, 0x01, 0x38, 0x00, 0x00,
    0x00, 0xc0, 0x01, 0x38, 0x00, 0x00, 0x00, 0xc0, 0x01, 0x38, 0x00, 0x00,
    0x00, 0xc0, 0x01, 0x38, 0x00, 0x00, 0x00, 0xc0, 0x01, 0x38, 0x00, 0x00,
    0x00, 0xc0, 0x01, 0x38, 0x00, 0x00, 0x00, 0xc0, 0x01, 0xf8, 0x00, 0x00,
    0x00, 0xc0, 0x01, 0xfc, 0x01, 0x00, 0x00, 0xc0, 0x03, 0xfc, 0x07, 0x00,
    0x00, 0x80, 0x07, 0xde, 0x1f, 0x00, 0x00, 0x80, 0xff, 0x0f, 0x3f, 0x00,
    0x00, 0x00, 0xff, 0x07, 0xfc, 0x00, 0x00, 0x00, 0xfe, 0x03, 0xf8, 0x01,
    0x00, 0x00, 0xf8, 0x01, 0xe0, 0x01, 0x00, 0x00, 0x00, 0x00, 0xc0, 0x01,
    0x00, 0x00, 0x00, 0x00, 0x00, 0x01, 0x00, 0x00, 0x00, 0x00, 0x00, 0x00,
    0x00, 0x00, 0x00, 0x00, 0x00, 0x00, 0x00, 0x00, 0x00, 0x00, 0x00, 0x00,
    0x00, 0x00, 0x78, 0x00, 0xe0, 0x00, 0x00, 0x00, 0xfe, 0x01, 0xe0, 0x00,
    0x00, 0x00, 0xff, 0x03, 0xe0, 0x01, 0x00, 0x80, 0xff, 0x07, 0xc0, 0x01,
    0x00, 0x80, 0x83, 0x07, 0xc0, 0x01, 0x00, 0x80, 0x03, 0x0f, 0xc0, 0x01,
    0x00, 0xc0, 0x01, 0x0e, 0xc0, 0x01, 0x00, 0xc0, 0x01, 0x1e, 0xc0, 0x01,
    0x00, 0xc0, 0x01, 0x1c, 0xc0, 0x01, 0x00, 0xc0, 0x01, 0x1c, 0xc0, 0x01,
    0x00, 0xc0, 0x01, 0x3c, 0xc0, 0x01, 0x00, 0xc0, 0x01, 0x38, 0xe0, 0x00,
    0x00, 0xc0, 0x01, 0x78, 0xe0, 0x00, 0x00, 0x80, 0x03, 0xf0, 0xf9, 0x00,
    0x00, 0x80, 0x03, 0xf0, 0x7f, 0x00, 0x00, 0x80, 0x03, 0xe0, 0x3f, 0x00,
    0x00, 0x00, 0x00, 0x80, 0x0f, 0x00, 0x00, 0x00, 0x00, 0x00, 0x00, 0x00,
    0x00, 0x00, 0x00, 0x00, 0x00, 0x00, 0x00, 0xc0, 0x01, 0x00, 0x00, 0x00,
    0x00, 0xc0, 0x01, 0x00, 0x00, 0x00, 0x00, 0xc0, 0x01, 0x00, 0x00, 0x00,
    0x00, 0xc0, 0x01, 0x00, 0x00, 0x00, 0x00, 0xc0, 0x01, 0x00, 0x00, 0x00,
    0x00, 0xc0, 0x01, 0x00, 0x00, 0x00, 0x00, 0xc0, 0x01, 0x00, 0x00, 0x00,
    0x00, 0xc0, 0x01, 0x00, 0x00, 0x00, 0x00, 0xc0, 0x01, 0x00, 0x00, 0x00,
    0x00, 0xc0, 0xff, 0xff, 0xff, 0x01, 0x00, 0xc0, 0xff, 0xff, 0xff, 0x01,
    0x00, 0xc0, 0xff, 0xff, 0xff, 0x01, 0x00, 0xc0, 0x01, 0x00, 0x00, 0x00,
    0x00, 0xc0, 0x01, 0x00, 0x00, 0x00, 0x00, 0xc0, 0x01, 0x00, 0x00, 0x00,
    0x00, 0xc0, 0x01, 0x00, 0x00, 0x00, 0x00, 0xc0, 0x01, 0x00, 0x00, 0x00,
    0x00, 0xc0, 0x01, 0x00, 0x00, 0x00, 0x00, 0xc0, 0x01, 0x00, 0x00, 0x00,
    0x00, 0xc0, 0x01, 0x00, 0x00, 0x00, 0x00, 0xc0, 0x01, 0x00, 0x00, 0x00,
    0x00, 0x00, 0x00, 0x00, 0x00, 0x00, 0x00, 0x00, 0x00, 0x00, 0x00, 0x00,
    0x00, 0x00, 0x00, 0x00, 0x00, 0x00, 0x00, 0xc0, 0xff, 0xff, 0x00, 0x00,
    0x00, 0xc0, 0xff, 0xff, 0x0f, 0x00, 0x00, 0xc0, 0xff, 0xff, 0x3f, 0x00,
    0x00, 0xc0, 0xff, 0xff, 0x7f, 0x00, 0x00, 0x00, 0x00, 0x00, 0x78, 0x00,
    0x00, 0x00, 0x00, 0x00, 0xf0, 0x00, 0x00, 0x00, 0x00, 0x00, 0xe0, 0x00,
    0x00, 0x00, 0x00, 0x00, 0xc0, 0x01, 0x00, 0x00, 0x00, 0x00, 0xc0, 0x01,
    0x00, 0x00, 0x00, 0x00, 0xc0, 0x01, 0x00, 0x00, 0x00, 0x00, 0xc0, 0x01,
    0x00, 0x00, 0x00, 0x00, 0xc0, 0x01, 0x00, 0x00, 0x00, 0x00, 0xc0, 0x01,
    0x00, 0x00, 0x00, 0x00, 0xc0, 0x01, 0x00, 0x00, 0x00, 0x00, 0xc0, 0x01,
    0x00, 0x00, 0x00, 0x00, 0xe0, 0x00, 0x00, 0x00, 0x00, 0x00, 0xf0, 0x00,
    0x00, 0x00, 0x00, 0x00, 0x7c, 0x00, 0x00, 0xc0, 0xff, 0xff, 0x3f, 0x00,
    0x00, 0xc0, 0xff, 0xff, 0x1f, 0x00, 0x00, 0xc0, 0xff, 0xff, 0x07, 0x00,
    0x00, 0x00, 0x00, 0x00, 0x00, 0x00, 0x00, 0x00, 0x00, 0x00, 0x00, 0x00,
    0x00, 0x00, 0x00, 0x00, 0x00, 0x00, 0x00, 0x00, 0x00, 0x00, 0x00, 0x00,
    0x00, 0x40, 0x00, 0x00, 0x00, 0x00, 0x00, 0xc0, 0x03, 0x00, 0x00, 0x00,
    0x00, 0xc0, 0x1f, 0x00, 0x00, 0x00, 0x00, 0xc0, 0xff, 0x00, 0x00, 0x00,
    0x00, 0x00, 0xfe, 0x07, 0x00, 0x00, 0x00, 0x00, 0xf8, 0x1f, 0x00, 0x00,
    0x00, 0x00, 0xc0, 0xff, 0x00, 0x00, 0x00, 0x00, 0x00, 0xfe, 0x07, 0x00,
    0x00, 0x00, 0x00, 0xf0, 0x3f, 0x00, 0x00, 0x00, 0x00, 0x80, 0xff, 0x00,
    0x00, 0x00, 0x00, 0x00, 0xfc, 0x01, 0x00, 0x00, 0x00, 0x00, 0xf0, 0x01,
    0x00, 0x00, 0x00, 0x00, 0xfe, 0x01, 0x00, 0x00, 0x00, 0xc0, 0xff, 0x00,
    0x00, 0x00, 0x00, 0xf8, 0x1f, 0x00, 0x00, 0x00, 0x00, 0xff, 0x03, 0x00,
    0x00, 0x00, 0xc0, 0xff, 0x00, 0x00, 0x00, 0x00, 0xf8, 0x1f, 0x00, 0x00,
    0x00, 0x00, 0xff, 0x03, 0x00, 0x00, 0x00, 0xc0, 0x7f, 0x00, 0x00, 0x00,
    0x00, 0xc0, 0x0f, 0x00, 0x00, 0x00, 0x00, 0xc0, 0x03, 0x00, 0x00, 0x00,
    0x00, 0x40, 0x00, 0x00, 0x00, 0x00, 0x00, 0x00, 0x00, 0x00, 0x00, 0x00,
    0x00, 0xc0, 0x03, 0x00, 0x00, 0x00, 0x00, 0xc0, 0x3f, 0x00, 0x00, 0x00,
    0x00, 0xc0, 0xff, 0x01, 0x00, 0x00, 0x00, 0x00, 0xff, 0x1f, 0x00, 0x00,
    0x00, 0x00, 0xf0, 0xff, 0x01, 0x00, 0x00, 0x00, 0x00, 0xff, 0x1f, 0x00,
    0x00, 0x00, 0x00, 0xf0, 0xff, 0x00, 0x00, 0x00, 0x00, 0x00, 0xff, 0x01,
    0x00, 0x00, 0x00, 0x00, 0xf0, 0x01, 0x00, 0x00, 0x00, 0x00, 0xff, 0x01,
    0x00, 0x00, 0x00, 0xe0, 0xff, 0x00, 0x00, 0x00, 0x00, 0xfe, 0x0f, 0x00,
    0x00, 0x00, 0xc0, 0xff, 0x01, 0x00, 0x00, 0x00, 0xfc, 0x1f, 0x00, 0x00,
    0x00, 0x80, 0xff, 0x03, 0x00, 0x00, 0x00, 0xc0, 0x7f, 0x00, 0x00, 0x00,
    0x00, 0xc0, 0x0f, 0x00, 0x00, 0x00, 0x00, 0xc0, 0x3f, 0x00, 0x00, 0x00,
    0x00, 0x80, 0xff, 0x03, 0x00, 0x00, 0x00, 0x00, 0xfc, 0x1f, 0x00, 0x00,
    0x00, 0x00, 0xe0, 0xff, 0x00, 0x00, 0x00, 0x00, 0x00, 0xfe, 0x07, 0x00,
    0x00, 0x00, 0x00, 0xf0, 0x7f, 0x00, 0x00, 0x00, 0x00, 0x80, 0xff, 0x01,
    0x00, 0x00, 0x00, 0x00, 0xf8, 0x01, 0x00, 0x00, 0x00, 0x00, 0xfe, 0x01,
    0x00, 0x00, 0x00, 0xe0, 0xff, 0x01, 0x00, 0x00, 0x00, 0xfe, 0x3f, 0x00,
    0x00, 0x00, 0xe0, 0xff, 0x03, 0x00, 0x00, 0x00, 0xfe, 0x3f, 0x00, 0x00,
    0x00, 0xc0, 0xff, 0x07, 0x00, 0x00, 0x00, 0xc0, 0x7f, 0x00, 0x00, 0x00,
    0x00, 0xc0, 0x07, 0x00, 0x00, 0x00, 0x00, 0x40, 0x00, 0x00, 0x00, 0x00,
    0x00, 0x00, 0x00, 0x00, 0x00, 0x01, 0x00, 0x40, 0x00, 0x00, 0x80, 0x01,
    0x00, 0xc0, 0x01, 0x00, 0xe0, 0x01, 0x00, 0xc0, 0x03, 0x00, 0xf0, 0x01,
    0x00, 0xc0, 0x0f, 0x00, 0xfc, 0x00, 0x00, 0x00, 0x1f, 0x00, 0x3e, 0x00,
    0x00, 0x00, 0x7e, 0x80, 0x1f, 0x00, 0x00, 0x00, 0xf8, 0xc1, 0x07, 0x00,
    0x00, 0x00, 0xf0, 0xf3, 0x03, 0x00, 0x00, 0x00, 0xc0, 0xff, 0x00, 0x00,
    0x00, 0x00, 0x00, 0x3f, 0x00, 0x00, 0x00, 0x00, 0x00, 0x3f, 0x00, 0x00,
    0x00, 0x00, 0x80, 0xff, 0x00, 0x00, 0x00, 0x00, 0xe0, 0xf3, 0x01, 0x00,
    0x00, 0x00, 0xf8, 0xe1, 0x07, 0x00, 0x00, 0x00, 0x7c, 0x80, 0x1f, 0x00,
    0x00, 0x00, 0x3f, 0x00, 0x3f, 0x00, 0x00, 0x80, 0x0f, 0x00, 0xfc, 0x00,
    0x00, 0xc0, 0x07, 0x00, 0xf8, 0x01, 0x00, 0xc0, 0x01, 0x00, 0xe0, 0x01,
    0x00, 0xc0, 0x00, 0x00, 0x80, 0x01, 0x00, 0x00, 0x00, 0x00, 0x00, 0x01,
    0x00, 0x00, 0x00, 0x00, 0x00, 0x00, 0x00, 0x40, 0x00, 0x00, 0x00, 0x00,
    0x00, 0xc0, 0x01, 0x00, 0x00, 0x00, 0x00, 0xc0, 0x07, 0x00, 0x00, 0x00,
    0x00, 0xc0, 0x1f, 0x00, 0x00, 0x00, 0x00, 0x80, 0x3f, 0x00, 0x00, 0x00,
    0x00, 0x00, 0xfe, 0x00, 0x00, 0x00, 0x00, 0x00, 0xf8, 0x03, 0x00, 0x00,
    0x00, 0x00, 0xe0, 0x0f, 0x00, 0x00, 0x00, 0x00, 0x80, 0x3f, 0x00, 0x00,
    0x00, 0x00, 0x00, 0xfe, 0xff, 0x01, 0x00, 0x00, 0x00, 0xf8, 0xff, 0x01,
    0x00, 0x00, 0x00, 0xfc, 0xff, 0x01, 0x00, 0x00, 0x00, 0x7f, 0x00, 0x00,
    0x00, 0x00, 0xc0, 0x1f, 0x00, 0x00, 0x00, 0x00, 0xf0, 0x07, 0x00, 0x00,
    0x00, 0x00, 0xfc, 0x01, 0x00, 0x00, 0x00, 0x00, 0x7f, 0x00, 0x00, 0x00,
    0x00, 0x80, 0x1f, 0x00, 0x00, 0x00, 0x00, 0xc0, 0x0f, 0x00, 0x00, 0x00,
    0x00, 0xc0, 0x03, 0x00, 0x00, 0x00, 0x00, 0xc0, 0x00, 0x00, 0x00, 0x00,
    0x00, 0x00, 0x00, 0x00, 0x00, 0x00, 0x00, 0x00, 0x00, 0x00, 0x00, 0x00,
    0x00, 0x00, 0x00, 0x00, 0x80, 0x01, 0x00, 0xc0, 0x01, 0x00, 0xe0, 0x01,
    0x00, 0xc0, 0x01, 0x00, 0xf0, 0x01, 0x00, 0xc0, 0x01, 0x00, 0xfc, 0x01,
    0x00, 0xc0, 0x01, 0x00, 0xff, 0x01, 0x00, 0xc0, 0x01, 0x80, 0xdf, 0x01,
    0x00, 0xc0, 0x01, 0xe0, 0xc7, 0x01, 0x00, 0xc0, 0x01, 0xf0, 0xc3, 0x01,
    0x00, 0xc0, 0x01, 0xfc, 0xc0, 0x01, 0x00, 0xc0, 0x01, 0x7e, 0xc0, 0x01,
    0x00, 0xc0, 0x81, 0x1f, 0xc0, 0x01, 0x00, 0xc0, 0xc1, 0x0f, 0xc0, 0x01,
    0x00, 0xc0, 0xf1, 0x03, 0xc0, 0x01, 0x00, 0xc0, 0xf9, 0x01, 0xc0, 0x01,
    0x00, 0xc0, 0x7f, 0x00, 0xc0, 0x01, 0x00, 0xc0, 0x3f, 0x00, 0xc0, 0x01,
    0x00, 0xc0, 0x0f, 0x00, 0xc0, 0x01, 0x00, 0xc0, 0x07, 0x00, 0xc0, 0x01,
    0x00, 0xc0, 0x01, 0x00, 0xc0, 0x01, 0x00, 0x00, 0x00, 0x00, 0x00, 0x00,
    0x00, 0x00, 0x00, 0x00, 0x00, 0x00, 0x00, 0x00, 0x00, 0x00, 0x00, 0x00,
    0x00, 0x00, 0x00, 0x00, 0x00, 0x00, 0x00, 0x00, 0x00, 0x00, 0x00, 0x00,
    0x00, 0xc0, 0xff, 0xff, 0xff, 0x01, 0x00, 0xc0, 0xff, 0xff, 0xff, 0x01,
    0x00, 0xc0, 0xff, 0xff, 0xff, 0x01, 0x00, 0xc0, 0x01, 0x00, 0x00, 0x00,
    0x00, 0xc0, 0x01, 0x00, 0x00, 0x00, 0x00, 0xc0, 0x01, 0x00, 0x00, 0x00,
    0x00, 0xc0, 0x01, 0x00, 0x00, 0x00, 0x00, 0xc0, 0x01, 0x00, 0x00, 0x00,
    0x00, 0xc0, 0x00, 0x00, 0x00, 0x00, 0x00, 0x00, 0x00, 0x00, 0x00, 0x00,
    0x00, 0x00, 0x00, 0x00, 0x00, 0x00, 0x00, 0xc0, 0x01, 0x00, 0x00, 0x00,
    0x00, 0xc0, 0x0f, 0x00, 0x00, 0x00, 0x00, 0xc0, 0x3f, 0x00, 0x00, 0x00,
    0x00, 0x00, 0xff, 0x01, 0x00, 0x00, 0x00, 0x00, 0xf8, 0x0f, 0x00, 0x00,
    0x00, 0x00, 0xc0, 0x3f, 0x00, 0x00, 0x00, 0x00, 0x00, 0xff, 0x01, 0x00,
    0x00, 0x00, 0x00, 0xf8, 0x0f, 0x00, 0x00, 0x00, 0x00, 0xc0, 0x3f, 0x00,
    0x00, 0x00, 0x00, 0x00, 0xff, 0x01, 0x00, 0x00, 0x00, 0x00, 0xf8, 0x01,
    0x00, 0x00, 0x00, 0x00, 0xc0, 0x01, 0x00, 0x00, 0x00, 0x00, 0x00, 0x01,
    0x00, 0x00, 0x00, 0x00, 0x00, 0x00, 0x00, 0xc0, 0x01, 0x00, 0x00, 0x00,
    0x00, 0xc0, 0x01, 0x00, 0x00, 0x00, 0x00, 0xc0, 0x01, 0x00, 0x00, 0x00,
    0x00, 0xc0, 0x01, 0x00, 0x00, 0x00, 0x00, 0xc0, 0x01, 0x00, 0x00, 0x00,
    0x00, 0xc0, 0xff, 0xff, 0xff, 0x01, 0x00, 0xc0, 0xff, 0xff, 0xff, 0x01,
    0x00, 0xc0, 0xff, 0xff, 0xff, 0x01, 0x00, 0x00, 0x00, 0x00, 0x00, 0x00,
    0x00, 0x00, 0x00, 0x00, 0x00, 0x00, 0x00, 0x00, 0x00, 0x00, 0x00, 0x00,
    0x00, 0x00, 0x00, 0x00, 0x00, 0x00, 0x00, 0x00, 0x00, 0x00, 0x00, 0x00,
    0x00, 0x00, 0x00, 0x00, 0x00, 0x00, 0x00, 0x00, 0x00, 0x60, 0x00, 0x00,
    0x00, 0x00, 0x00, 0x78, 0x00, 0x00, 0x00, 0x00, 0x00, 0x7f, 0x00, 0x00,
    0x00, 0x00, 0xc0, 0x1f, 0x00, 0x00, 0x00, 0x00, 0xf0, 0x03, 0x00, 0x00,
    0x00, 0x00, 0xfc, 0x00, 0x00, 0x00, 0x00, 0x00, 0x3f, 0x00, 0x00, 0x00,
    0x00, 0xc0, 0x07, 0x00, 0x00, 0x00, 0x00, 0xe0, 0x03, 0x00, 0x00, 0x00,
    0x00, 0xc0, 0x07, 0x00, 0x00, 0x00, 0x00, 0x00, 0x1f, 0x00, 0x00, 0x00,
    0x00, 0x00, 0x7c, 0x00, 0x00, 0x00, 0x00, 0x00, 0xf0, 0x01, 0x00, 0x00,
    0x00, 0x00, 0xc0, 0x07, 0x00, 0x00, 0x00, 0x00, 0x00, 0x1f, 0x00, 0x00,
    0x00, 0x00, 0x00, 0x7e, 0x00, 0x00, 0x00, 0x00, 0x00, 0x78, 0x00, 0x00,
    0x00, 0x00, 0x00, 0x60, 0x00, 0x00, 0x00, 0x00, 0x00, 0x00, 0x00, 0x00,
    0x00, 0x00, 0x00, 0x00, 0x00, 0x00, 0x00, 0x00, 0x00, 0x00, 0x00, 0x00,
    0x00, 0x00, 0x00, 0x00, 0x00, 0x00, 0x00, 0x00, 0x00, 0x00, 0x00, 0x00,
    0x00, 0x00, 0x00, 0x00, 0x00, 0x00, 0x00, 0x00, 0x00, 0x00, 0x00, 0x00,
    0x00, 0x00, 0x00, 0x00, 0x00, 0x00, 0x00, 0x00, 0x00, 0x00, 0x00, 0x00,
    0x00, 0x00, 0x00, 0x00, 0x00, 0x00, 0x00, 0x00, 0x00, 0x00, 0x00, 0x00,
    0x00, 0x00, 0x00, 0x00, 0x00, 0x00, 0x00, 0x00, 0x00, 0x00, 0x00, 0x00,
    0x00, 0x00, 0x00, 0x00, 0x00, 0x00, 0x00, 0x00, 0x00, 0x00, 0x00, 0x00,
    0x00, 0x00, 0x00, 0x00, 0x00, 0x00, 0x00, 0x00, 0x00, 0x00, 0x00, 0x00,
    0x00, 0x00, 0x00, 0x00, 0x00, 0x00, 0x00, 0x00, 0x00, 0x00, 0x00, 0x00,
    0x00, 0x00, 0x00, 0x00, 0x00, 0x00, 0x00, 0x00, 0x00, 0x00, 0x00, 0x00,
    0x00, 0x00, 0x00, 0x00, 0x00, 0x00, 0x00, 0x30, 0x00, 0x00, 0x00, 0x00,
    0x00, 0x70, 0x00, 0x00, 0x00, 0x00, 0x00, 0xf0, 0x00, 0x00, 0x00, 0x00,
    0x00, 0xf0, 0x01, 0x00, 0x00, 0x00, 0x00, 0xc0, 0x03, 0x00, 0x00, 0x00,
    0x00, 0x80, 0x03, 0x00, 0x00, 0x00, 0x00, 0x00, 0x02, 0x00, 0x00, 0x00,
    0x00, 0x00, 0x00, 0x00, 0x00, 0x00, 0x00, 0x00, 0x00, 0x00, 0x00, 0x00,
    0x00, 0x00, 0x00, 0x00, 0x00, 0x00, 0x00, 0x00, 0x00, 0x00, 0x00, 0x00,
    0x00, 0x00, 0x00, 0x00, 0x3f, 0x00, 0x00, 0x00, 0x00, 0xc0, 0x7f, 0x00,
    0x00, 0x00, 0x40, 0xc0, 0xff, 0x00, 0x00, 0x00, 0xe0, 0xe0, 0xf3, 0x01,
    0x00, 0x00, 0xe0, 0xe0, 0xc0, 0x01, 0x00, 0x00, 0x70, 0xe0, 0xc0, 0x01,
    0x00, 0x00, 0x70, 0x70, 0xc0, 0x01, 0x00, 0x00, 0x70, 0x70, 0xc0, 0x01,
    0x00, 0x00, 0x70, 0x70, 0xc0, 0x01, 0x00, 0x00, 0x70, 0x70, 0xc0, 0x00,
    0x00, 0x00, 0x70, 0x70, 0xe0, 0x00, 0x00, 0x00, 0xf0, 0x70, 0x60, 0x00,
    0x00, 0x00, 0xe0, 0x71, 0x38, 0x00, 0x00, 0x00, 0xe0, 0xff, 0x7f, 0x00,
    0x00, 0x00, 0xc0, 0xff, 0xff, 0x01, 0x00, 0x00, 0x80, 0xff, 0xff, 0x01,
    0x00, 0x00, 0x00, 0x00, 0x00, 0x00, 0x00, 0x00, 0x00, 0x00, 0x00, 0x00,
    0x00, 0x00, 0x00, 0x00, 0x00, 0x00, 0x00, 0x00, 0x00, 0x00, 0x00, 0x00,
    0x00, 0x00, 0x00, 0x00, 0x00, 0x00, 0x00, 0x00, 0x00, 0x00, 0x00, 0x00,
    0x00, 0xf0, 0xff, 0xff, 0xff, 0x01, 0x00, 0xf0, 0xff, 0xff, 0xff, 0x01,
    0x00, 0xf0, 0xff, 0xff, 0xff, 0x01, 0x00, 0xf0, 0xbf, 0xff, 0x3f, 0x00,
    0x00, 0x00, 0xc0, 0x01, 0x70, 0x00, 0x00, 0x00, 0xe0, 0x00, 0xe0, 0x00,
    0x00, 0x00, 0x60, 0x00, 0xc0, 0x00, 0x00, 0x00, 0x70, 0x00, 0xc0, 0x01,
    0x00, 0x00, 0x70, 0x00, 0xc0, 0x01, 0x00, 0x00, 0x70, 0x00, 0xc0, 0x01,
    0x00, 0x00, 0x70, 0x00, 0xc0, 0x01, 0x00, 0x00, 0x70, 0x00, 0xc0, 0x01,
    0x00, 0x00, 0xf0, 0x00, 0xe0, 0x01, 0x00, 0x00, 0xe0, 0x01, 0xf0, 0x00,
    0x00, 0x00, 0xe0, 0x07, 0xfc, 0x00, 0x00, 0x00, 0xc0, 0xff, 0x7f, 0x00,
    0x00, 0x00, 0x80, 0xff, 0x3f, 0x00, 0x00, 0x00, 0x00, 0xfe, 0x0f, 0x00,
    0x00, 0x00, 0x00, 0x00, 0x00, 0x00, 0x00, 0x00, 0x00, 0x00, 0x00, 0x00,
    0x00, 0x00, 0x00, 0x00, 0x00, 0x00, 0x00, 0x00, 0x00, 0x00, 0x00, 0x00,
    0x00, 0x00, 0x00, 0xf8, 0x03, 0x00, 0x00, 0x00, 0x00, 0xff, 0x1f, 0x00,
    0x00, 0x00, 0x80, 0xff, 0x3f, 0x00, 0x00, 0x00, 0xc0, 0xff, 0x7f, 0x00,
    0x00, 0x00, 0xe0, 0x03, 0xf8, 0x00, 0x00, 0x00, 0xe0, 0x00, 0xe0, 0x00,
    0x00, 0x00, 0xf0, 0x00, 0xe0, 0x01, 0x00, 0x00, 0x70, 0x00, 0xc0, 0x01,
    0x00, 0x00, 0x70, 0x00, 0xc0, 0x01, 0x00, 0x00, 0x70, 0x00, 0xc0, 0x01,
    0x00, 0x00, 0x70, 0x00, 0xc0, 0x01, 0x00, 0x00, 0x70, 0x00, 0xc0, 0x01,
    0x00, 0x00, 0x70, 0x00, 0xc0, 0x01, 0x00, 0x00, 0xe0, 0x00, 0xe0, 0x00,
    0x00, 0x00, 0x20, 0x00, 0xe0, 0x00, 0x00, 0x00, 0x00, 0x00, 0x00, 0x00,
    0x00, 0x00, 0x00, 0x00, 0x00, 0x00, 0x00, 0x00, 0x00, 0x00, 0x00, 0x00,
    0x00, 0x00, 0x00, 0xf8, 0x03, 0x00, 0x00, 0x00, 0x00, 0xff, 0x1f, 0x00,
    0x00, 0x00, 0x80, 0xff, 0x3f, 0x00, 0x00, 0x00, 0xc0, 0xff, 0x7f, 0x00,
    0x00, 0x00, 0xe0, 0x03, 0xf8, 0x00, 0x00, 0x00, 0xe0, 0x00, 0xe0, 0x00,
    0x00, 0x00, 0x70, 0x00, 0xc0, 0x01, 0x00, 0x00, 0x70, 0x00, 0xc0, 0x01,
    0x00, 0x00, 0x70, 0x00, 0xc0, 0x01, 0x00, 0x00, 0x70, 0x00, 0xc0, 0x01,
    0x00, 0x00, 0x70, 0x00, 0xc0, 0x01, 0x00, 0x00, 0x60, 0x00, 0xc0, 0x00,
    0x00, 0x00, 0xe0, 0x00, 0xe0, 0x00, 0x00, 0x00, 0xc0, 0x01, 0x70, 0x00,
    0x00, 0x00, 0x80, 0x07, 0x3c, 0x00, 0x00, 0xf0, 0xff, 0xff, 0xff, 0x01,
    0x00, 0xf0, 0xff, 0xff, 0xff, 0x01, 0x00, 0xf0, 0xff, 0xff, 0xff, 0x01,
    0x00, 0x00, 0x00, 0x00, 0x00, 0x00, 0x00, 0x00, 0x00, 0x00, 0x00, 0x00,
    0x00, 0x00, 0x00, 0x00, 0x00, 0x00, 0x00, 0x00, 0x00, 0x00, 0x00, 0x00,
    0x00, 0x00, 0x00, 0x00, 0x00, 0x00, 0x00, 0x00, 0x00, 0xf8, 0x03, 0x00,
    0x00, 0x00, 0x00, 0xff, 0x1f, 0x00, 0x00, 0x00, 0x80, 0xff, 0x3f, 0x00,
    0x00, 0x00, 0xc0, 0xff, 0x7f, 0x00, 0x00, 0x00, 0xe0, 0x71, 0xf8, 0x00,
    0x00, 0x00, 0xe0, 0x70, 0xe0, 0x00, 0x00, 0x00, 0x70, 0x70, 0xe0, 0x01,
    0x00, 0x00, 0x70, 0x70, 0xc0, 0x01, 0x00, 0x00, 0x70, 0x70, 0xc0, 0x01,
    0x00, 0x00, 0x70, 0x70, 0xc0, 0x01, 0x00, 0x00, 0x70, 0x70, 0xc0, 0x01,
    0x00, 0x00, 0x70, 0x70, 0xc0, 0x01, 0x00, 0x00, 0xe0, 0x70, 0xc0, 0x01,
    0x00, 0x00, 0xe0, 0x73, 0xc0, 0x01, 0x00, 0x00, 0xc0, 0x7f, 0xc0, 0x00,
    0x00, 0x00, 0x80, 0x7f, 0xe0, 0x00, 0x00, 0x00, 0x00, 0x7f, 0x60, 0x00,
    0x00, 0x00, 0x00, 0x40, 0x00, 0x00, 0x00, 0x00, 0x00, 0x00, 0x00, 0x00,
    0x00, 0x00, 0x00, 0x00, 0x00, 0x00, 0x00, 0x00, 0x60, 0x00, 0x00, 0x00,
    0x00, 0x00, 0x70, 0x00, 0x00, 0x00, 0x00, 0x00, 0x70, 0x00, 0x00, 0x00,
    0x00, 0x00, 0xff, 0xff, 0xff, 0x01, 0x00, 0xe0, 0xff, 0xff, 0xff, 0x01,
    0x00, 0xf0, 0xff, 0xff, 0xff, 0x01, 0x00, 0xf0, 0x73, 0x00, 0x00, 0x00,
    0x00, 0x78, 0x70, 0x00, 0x00, 0x00, 0x00, 0x38, 0x70, 0x00, 0x00, 0x00,
    0x00, 0x38, 0x70, 0x00, 0x00, 0x00, 0x00, 0x38, 0x70, 0x00, 0x00, 0x00,
    0x00, 0x38, 0x30, 0x00, 0x00, 0x00, 0x00, 0x30, 0x00, 0x00, 0x00, 0x00,
    0x00, 0x10, 0x00, 0x00, 0x00, 0x00, 0x00, 0x00, 0x00, 0x00, 0x00, 0x00,
    0x00, 0x00, 0x00, 0x00, 0x00, 0x00, 0x00, 0x00, 0x00, 0xf8, 0x03, 0x00,
    0x00, 0x00, 0x00, 0xff, 0x1f, 0x00, 0x00, 0x00, 0x80, 0xff, 0x3f, 0x00,
    0x00, 0x00, 0xc0, 0xff, 0x7f, 0x00, 0x00, 0x00, 0xe0, 0x03, 0xf8, 0x00,
    0x00, 0x00, 0xe0, 0x00, 0xe0, 0x00, 0x00, 0x00, 0x70, 0x00, 0xc0, 0x01,
    0x00, 0x00, 0x70, 0x00, 0xc0, 0x01, 0x00, 0x00, 0x70, 0x00, 0xc0, 0x01,
    0x00, 0x00, 0x70, 0x00, 0xc0, 0x01, 0x00, 0x00, 0x70, 0x00, 0xc0, 0x01,
    0x00, 0x00, 0x60, 0x00, 0xc0, 0x00, 0x00, 0x00, 0xe0, 0x00, 0xe0, 0x00,
    0x00, 0x00, 0xc0, 0x01, 0x70, 0x00, 0x00, 0x00, 0x80, 0x07, 0x3c, 0x00,
    0x00, 0x00, 0xf0, 0xff, 0xff, 0x01, 0x00, 0x00, 0xf0, 0xff, 0xff, 0x01,
    0x00, 0x00, 0xf0, 0xff, 0xff, 0x01, 0x00, 0x00, 0x00, 0x00, 0x00, 0x00,
    0x00, 0x00, 0x00, 0x00, 0x00, 0x00, 0x00, 0x00, 0x00, 0x00, 0x00, 0x00,
    0x00, 0x00, 0x00, 0x00, 0x00, 0x00, 0x00, 0x00, 0x00, 0x00, 0x00, 0x00,
    0x00, 0x00, 0x00, 0x00, 0x00, 0x00, 0x00, 0xf0, 0xff, 0xff, 0xff, 0x01,
    0x00, 0xf0, 0xff, 0xff, 0xff, 0x01, 0x00, 0xf0, 0xff, 0xff, 0xff, 0x01,
    0x00, 0xf0, 0xbf, 0xff, 0xff, 0x01, 0x00, 0x00, 0xc0, 0x01, 0x00, 0x00,
    0x00, 0x00, 0xe0, 0x00, 0x00, 0x00, 0x00, 0x00, 0x60, 0x00, 0x00, 0x00,
    0x00, 0x00, 0x70, 0x00, 0x00, 0x00, 0x00, 0x00, 0x70, 0x00, 0x00, 0x00,
    0x00, 0x00, 0x70, 0x00, 0x00, 0x00, 0x00, 0x00, 0x70, 0x00, 0x00, 0x00,
    0x00, 0x00, 0x70, 0x00, 0x00, 0x00, 0x00, 0x00, 0xf0, 0x00, 0x00, 0x00,
    0x00, 0x00, 0xe0, 0x01, 0x00, 0x00, 0x00, 0x00, 0xe0, 0xff, 0xff, 0x01,
    0x00, 0x00, 0xc0, 0xff, 0xff, 0x01, 0x00, 0x00, 0x80, 0xff, 0xff, 0x01,
    0x00, 0x00, 0x00, 0x00, 0x00, 0x00, 0x00, 0x00, 0x00, 0x00, 0x00, 0x00,
    0x00, 0x00, 0x00, 0x00, 0x00, 0x00, 0x00, 0x00, 0x00, 0x00, 0x00, 0x00,
    0x00, 0x00, 0x00, 0x00, 0x00, 0x00, 0x00, 0x00, 0x00, 0x00, 0x00, 0x00,
    0x00, 0x60, 0xf0, 0xff, 0xff, 0x01, 0x00, 0xf0, 0xf0, 0xff, 0xff, 0x01,
    0x00, 0xf0, 0xf0, 0xff, 0xff, 0x01, 0x00, 0x60, 0xf0, 0xff, 0xff, 0x01,
    0x00, 0x00, 0x00, 0x00, 0x00, 0x00, 0x00, 0x00, 0x00, 0x00, 0x00, 0x00,
    0x00, 0x00, 0x00, 0x00, 0x00, 0x00, 0x00, 0x00, 0x00, 0x00, 0x00, 0x00,
    0x00, 0x00, 0x00, 0x00, 0x00, 0x00, 0x00, 0x00, 0x00, 0x00, 0x00, 0x00,
    0x00, 0x00, 0x00, 0x00, 0x00, 0x00, 0x00, 0x00, 0x00, 0x00, 0x00, 0x00,
    0x00, 0x00, 0x00, 0x00, 0x00, 0x00, 0x00, 0x60, 0xf0, 0xff, 0xff, 0x01,
    0x00, 0xf0, 0xf0, 0xff, 0xff, 0x01, 0x00, 0xf0, 0xf0, 0xff, 0xff, 0x01,
    0x00, 0x60, 0xf0, 0xff, 0xff, 0x01, 0x00, 0x00, 0x00, 0x00, 0x00, 0x00,
    0x00, 0x00, 0x00, 0x00, 0x00, 0x00, 0x00, 0x00, 0x00, 0x00, 0x00, 0x00,
    0x00, 0x00, 0x00, 0x00, 0x00, 0x00, 0x00, 0x00, 0x00, 0x00, 0x00, 0x00,
    0x00, 0x00, 0x00, 0x00, 0x00, 0x00, 0x00, 0xf0, 0xff, 0xff, 0xff, 0x01,
    0x00, 0xf0, 0xff, 0xff, 0xff, 0x01, 0x00, 0xf0, 0xff, 0xff, 0xff, 0x01,
    0x00, 0xf0, 0xff, 0xcf, 0xff, 0x01, 0x00, 0x00, 0x00, 0xe0, 0x00, 0x00,
    0x00, 0x00, 0x00, 0xf0, 0x00, 0x00, 0x00, 0x00, 0x00, 0xf8, 0x00, 0x00,
    0x00, 0x00, 0x00, 0xfe, 0x03, 0x00, 0x00, 0x00, 0x00, 0xdf, 0x07, 0x00,
    0x00, 0x00, 0x80, 0x8f, 0x0f, 0x00, 0x00, 0x00, 0xc0, 0x03, 0x3f, 0x00,
    0x00, 0x00, 0xe0, 0x01, 0x7c, 0x00, 0x00, 0x00, 0xf0, 0x00, 0xf8, 0x00,
    0x00, 0x00, 0x70, 0x00, 0xf0, 0x01, 0x00, 0x00, 0x30, 0x00, 0xc0, 0x01,
    0x00, 0x00, 0x10, 0x00, 0x80, 0x01, 0x00, 0x00, 0x00, 0x00, 0x00, 0x01,
    0x00, 0x00, 0x00, 0x00, 0x00, 0x00, 0x00, 0x00, 0x00, 0x00, 0x00, 0x00,
    0x00, 0x00, 0x00, 0x00, 0x00, 0x00, 0x00, 0xf0, 0xff, 0xff, 0xff, 0x01,
    0x00, 0xf0, 0xff, 0xff, 0xff, 0x01, 0x00, 0xf0, 0xff, 0xff, 0xff, 0x01,
    0x00, 0xf0, 0xff, 0xff, 0xff, 0x01, 0x00, 0x00, 0x00, 0x00, 0x00, 0x00,
    0x00, 0x00, 0x00, 0x00, 0x00, 0x00, 0x00, 0x00, 0x00, 0x00, 0x00, 0x00,
    0x00, 0x00, 0x00, 0x00, 0x00, 0x00, 0x00, 0x00, 0x00, 0x00, 0x00, 0x00,
    0x00, 0x00, 0x00, 0x00, 0x00, 0x00, 0x00, 0x00, 0xf0, 0xff, 0xff, 0x01,
    0x00, 0x00, 0xf0, 0xff, 0xff, 0x01, 0x00, 0x00, 0xf0, 0xff, 0xff, 0x01,
    0x00, 0x00, 0x80, 0xff, 0xff, 0x01, 0x00, 0x00, 0xc0, 0x01, 0x00, 0x00,
    0x00, 0x00, 0xe0, 0x00, 0x00, 0x00, 0x00, 0x00, 0x60, 0x00, 0x00, 0x00,
    0x00, 0x00, 0x70, 0x00, 0x00, 0x00, 0x00, 0x00, 0x70, 0x00, 0x00, 0x00,
    0x00, 0x00, 0x70, 0x00, 0x00, 0x00, 0x00, 0x00, 0x70, 0x00, 0x00, 0x00,
    0x00, 0x00, 0xf0, 0x00, 0x00, 0x00, 0x00, 0x00, 0xf0, 0x01, 0x00, 0x00,
    0x00, 0x00, 0xe0, 0xff, 0xff, 0x01, 0x00, 0x00, 0xc0, 0xff, 0xff, 0x01,
    0x00, 0x00, 0x80, 0xff, 0xff, 0x01, 0x00, 0x00, 0x80, 0xff, 0xff, 0x01,
    0x00, 0x00, 0xc0, 0x01, 0x00, 0x00, 0x00, 0x00, 0xe0, 0x00, 0x00, 0x00,
    0x00, 0x00, 0x60, 0x00, 0x00, 0x00, 0x00, 0x00, 0x70, 0x00, 0x00, 0x00,
    0x00, 0x00, 0x70, 0x00, 0x00, 0x00, 0x00, 0x00, 0x70, 0x00, 0x00, 0x00,
    0x00, 0x00, 0x70, 0x00, 0x00, 0x00, 0x00, 0x00, 0xf0, 0x00, 0x00, 0x00,
    0x00, 0x00, 0xf0, 0x01, 0x00, 0x00, 0x00, 0x00, 0xe0, 0xff, 0xff, 0x01,
    0x00, 0x00, 0xc0, 0xff, 0xff, 0x01, 0x00, 0x00, 0x80, 0xff, 0xff, 0x01,
    0x00, 0x00, 0x00, 0x00, 0x00, 0x00, 0x00, 0x00, 0x00, 0x00, 0x00, 0x00,
    0x00, 0x00, 0x00, 0x00, 0x00, 0x00, 0x00, 0x00, 0x00, 0x00, 0x00, 0x00,
    0x00, 0x00, 0x00, 0x00, 0x00, 0x00, 0x00, 0x00, 0x00, 0x00, 0x00, 0x00,
    0x00, 0x00, 0x00, 0x00, 0x00, 0x00, 0x00, 0x00, 0xf0, 0xff, 0xff, 0x01,
    0x00, 0x00, 0xf0, 0xff, 0xff, 0x01, 0x00, 0x00, 0xf0, 0xff, 0xff, 0x01,
    0x00, 0x00, 0x80, 0xff, 0xff, 0x01, 0x00, 0x00, 0xc0, 0x01, 0x00, 0x00,
    0x00, 0x00, 0xe0, 0x00, 0x00, 0x00, 0x00, 0x00, 0x60, 0x00, 0x00, 0x00,
    0x00, 0x00, 0x70, 0x00, 0x00, 0x00, 0x00, 0x00, 0x70, 0x00, 0x00, 0x00,
    0x00, 0x00, 0x70, 0x00, 0x00, 0x00, 0x00, 0x00, 0x70, 0x00, 0x00, 0x00,
    0x00, 0x00, 0x70, 0x00, 0x00, 0x00, 0x00, 0x00, 0xf0, 0x00, 0x00, 0x00,
    0x00, 0x00, 0xe0, 0x01, 0x00, 0x00, 0x00, 0x00, 0xe0, 0xff, 0xff, 0x01,
    0x00, 0x00, 0xc0, 0xff, 0xff, 0x01, 0x00, 0x00, 0x80, 0xff, 0xff, 0x01,
    0x00, 0x00, 0x00, 0x00, 0x00, 0x00, 0x00, 0x00, 0x00, 0x00, 0x00, 0x00,
    0x00, 0x00, 0x00, 0x00, 0x00, 0x00, 0x00, 0x00, 0x00, 0x00, 0x00, 0x00,
    0x00, 0x00, 0x00, 0x00, 0x00, 0x00, 0x00, 0x00, 0x00, 0xf8, 0x03, 0x00,
    0x00, 0x00, 0x00, 0xff, 0x1f, 0x00, 0x00, 0x00, 0x80, 0xff, 0x3f, 0x00,
    0x00, 0x00, 0xc0, 0xff, 0x7f, 0x00, 0x00, 0x00, 0xe0, 0x03, 0xf8, 0x00,
    0x00, 0x00, 0xe0, 0x00, 0xe0, 0x00, 0x00, 0x00, 0xf0, 0x00, 0xe0, 0x01,
    0x00, 0x00, 0x70, 0x00, 0xc0, 0x01, 0x00, 0x00, 0x70, 0x00, 0xc0, 0x01,
    0x00, 0x00, 0x70, 0x00, 0xc0, 0x01, 0x00, 0x00, 0x70, 0x00, 0xc0, 0x01,
    0x00, 0x00, 0x70, 0x00, 0xc0, 0x01, 0x00, 0x00, 0xf0, 0x00, 0xe0, 0x01,
    0x00, 0x00, 0xe0, 0x00, 0xe0, 0x00, 0x00, 0x00, 0xe0, 0x03, 0xf8, 0x00,
    0x00, 0x00, 0xc0, 0xff, 0x7f, 0x00, 0x00, 0x00, 0x80, 0xff, 0x3f, 0x00,
    0x00, 0x00, 0x00, 0xff, 0x1f, 0x00, 0x00, 0x00, 0x00, 0xf8, 0x03, 0x00,
    0x00, 0x00, 0x00, 0x00, 0x00, 0x00, 0x00, 0x00, 0x00, 0x00, 0x00, 0x00,
    0x00, 0x00, 0x00, 0x00, 0x00, 0x00, 0x00, 0x00, 0x00, 0x00, 0x00, 0x00,
    0x00, 0x00, 0x00, 0x00, 0x00, 0x00, 0x00, 0x00, 0xf0, 0xff, 0xff, 0x01,
    0x00, 0x00, 0xf0, 0xff, 0xff, 0x01, 0x00, 0x00, 0xf0, 0xff, 0xff, 0x01,
    0x00, 0x00, 0x80, 0xff, 0x3f, 0x01, 0x00, 0x00, 0xc0, 0x01, 0x70, 0x00,
    0x00, 0x00, 0xe0, 0x00, 0xe0, 0x00, 0x00, 0x00, 0x60, 0x00, 0xc0, 0x00,
    0x00, 0x00, 0x70, 0x00, 0xc0, 0x01, 0x00, 0x00, 0x70, 0x00, 0xc0, 0x01,
    0x00, 0x00, 0x70, 0x00, 0xc0, 0x01, 0x00, 0x00, 0x70, 0x00, 0xc0, 0x01,
    0x00, 0x00, 0x70, 0x00, 0xc0, 0x01, 0x00, 0x00, 0xf0, 0x00, 0xe0, 0x01,
    0x00, 0x00, 0xe0, 0x01, 0xf0, 0x00, 0x00, 0x00, 0xe0, 0x07, 0xfe, 0x00,
    0x00, 0x00, 0xc0, 0xff, 0x7f, 0x00, 0x00, 0x00, 0x80, 0xff, 0x3f, 0x00,
    0x00, 0x00, 0x00, 0xfe, 0x0f, 0x00, 0x00, 0x00, 0x00, 0x00, 0x00, 0x00,
    0x00, 0x00, 0x00, 0x00, 0x00, 0x00, 0x00, 0x00, 0x00, 0x00, 0x00, 0x00,
    0x00, 0x00, 0x00, 0x00, 0x00, 0x00, 0x00, 0x00, 0x00, 0xf8, 0x03, 0x00,
    0x00, 0x00, 0x00, 0xff, 0x1f, 0x00, 0x00, 0x00, 0x80, 0xff, 0x3f, 0x00,
    0x00, 0x00, 0xc0, 0xff, 0x7f, 0x00, 0x00, 0x00, 0xe0, 0x03, 0xf8, 0x00,
    0x00, 0x00, 0xe0, 0x00, 0xe0, 0x00, 0x00, 0x00, 0x70, 0x00, 0xc0, 0x01,
    0x00, 0x00, 0x70, 0x00, 0xc0, 0x01, 0x00, 0x00, 0x70, 0x00, 0xc0, 0x01,
    0x00, 0x00, 0x70, 0x00, 0xc0, 0x01, 0x00, 0x00, 0x70, 0x00, 0xc0, 0x01,
    0x00, 0x00, 0x60, 0x00, 0xc0, 0x00, 0x00, 0x00, 0xe0, 0x00, 0xe0, 0x00,
    0x00, 0x00, 0xc0, 0x01, 0x70, 0x00, 0x00, 0x00, 0x80, 0x07, 0x3c, 0x00,
    0x00, 0x00, 0xf0, 0xff, 0xff, 0x01, 0x00, 0x00, 0xf0, 0xff, 0xff, 0x01,
    0x00, 0x00, 0xf0, 0xff, 0xff, 0x01, 0x00, 0x00, 0x00, 0x00, 0x00, 0x00,
    0x00, 0x00, 0x00, 0x00, 0x00, 0x00, 0x00, 0x00, 0x00, 0x00, 0x00, 0x00,
    0x00, 0x00, 0x00, 0x00, 0x00, 0x00, 0x00, 0x00, 0x00, 0x00, 0x00, 0x00,
    0x00, 0x00, 0x00, 0x00, 0x00, 0x00, 0x00, 0x00, 0xf0, 0xff, 0xff, 0x01,
    0x00, 0x00, 0xf0, 0xff, 0xff, 0x01, 0x00, 0x00, 0xf0, 0xff, 0xff, 0x01,
    0x00, 0x00, 0x80, 0xff, 0xff, 0x01, 0x00, 0x00, 0x80, 0x03, 0x00, 0x00,
    0x00, 0x00, 0xc0, 0x01, 0x00, 0x00, 0x00, 0x00, 0xe0, 0x00, 0x00, 0x00,
    0x00, 0x00, 0x70, 0x00, 0x00, 0x00, 0x00, 0x00, 0x70, 0x00, 0x00, 0x00,
    0x00, 0x00, 0x70, 0x00, 0x00, 0x00, 0x00, 0x00, 0x70, 0x00, 0x00, 0x00,
    0x00, 0x00, 0x70, 0x00, 0x00, 0x00, 0x00, 0x00, 0x00, 0x00, 0x00, 0x00,
    0x00, 0x00, 0x00, 0x00, 0x00, 0x00, 0x00, 0x00, 0x00, 0x00, 0x00, 0x00,
    0x00, 0x00, 0x80, 0x0f, 0xe0, 0x00, 0x00, 0x00, 0xc0, 0x1f, 0xe0, 0x00,
    0x00, 0x00, 0xe0, 0x3f, 0xc0, 0x01, 0x00, 0x00, 0xe0, 0x3c, 0xc0, 0x01,
    0x00, 0x00, 0x70, 0x78, 0xc0, 0x01, 0x00, 0x00, 0x70, 0x70, 0xc0, 0x01,
    0x00, 0x00, 0x70, 0x70, 0xc0, 0x01, 0x00, 0x00, 0x70, 0xe0, 0xc0, 0x01,
    0x00, 0x00, 0x70, 0xe0, 0xc0, 0x01, 0x00, 0x00, 0x70, 0xc0, 0xc1, 0x01,
    0x00, 0x00, 0x70, 0xc0, 0xe3, 0x00, 0x00, 0x00, 0xe0, 0xc0, 0xff, 0x00,
    0x00, 0x00, 0xe0, 0x80, 0x7f, 0x00, 0x00, 0x00, 0x60, 0x00, 0x3f, 0x00,
    0x00, 0x00, 0x00, 0x00, 0x00, 0x00, 0x00, 0x00, 0x00, 0x00, 0x00, 0x00,
    0x00, 0x00, 0x00, 0x00, 0x00, 0x00, 0x00, 0x00, 0x60, 0x00, 0x00, 0x00,
    0x00, 0x00, 0x70, 0x00, 0x00, 0x00, 0x00, 0x00, 0xf0, 0xff, 0x03, 0x00,
    0x00, 0x00, 0xfe, 0xff, 0x7f, 0x00, 0x00, 0x80, 0xff, 0xff, 0xff, 0x00,
    0x00, 0x00, 0xff, 0xff, 0xff, 0x00, 0x00, 0x00, 0x70, 0x00, 0xe0, 0x01,
    0x00, 0x00, 0x70, 0x00, 0xc0, 0x01, 0x00, 0x00, 0x70, 0x00, 0xc0, 0x01,
    0x00, 0x00, 0x70, 0x00, 0xc0, 0x01, 0x00, 0x00, 0x70, 0x00, 0xc0, 0x01,
    0x00, 0x00, 0x70, 0x00, 0xc0, 0x00, 0x00, 0x00, 0x00, 0x00, 0x00, 0x00,
    0x00, 0x00, 0x00, 0x00, 0x00, 0x00, 0x00, 0x00, 0x00, 0x00, 0x00, 0x00,
    0x00, 0x00, 0x00, 0x00, 0x00, 0x00, 0x00, 0x00, 0xf0, 0xff, 0x1f, 0x00,
    0x00, 0x00, 0xf0, 0xff, 0x7f, 0x00, 0x00, 0x00, 0xf0, 0xff, 0xff, 0x00,
    0x00, 0x00, 0x00, 0x00, 0xf8, 0x00, 0x00, 0x00, 0x00, 0x00, 0xe0, 0x01,
    0x00, 0x00, 0x00, 0x00, 0xc0, 0x01, 0x00, 0x00, 0x00, 0x00, 0xc0, 0x01,
    0x00, 0x00, 0x00, 0x00, 0xc0, 0x01, 0x00, 0x00, 0x00, 0x00, 0xc0, 0x01,
    0x00, 0x00, 0x00, 0x00, 0xc0, 0x01, 0x00, 0x00, 0x00, 0x00, 0xc0, 0x00,
    0x00, 0x00, 0x00, 0x00, 0xe0, 0x00, 0x00, 0x00, 0x00, 0x00, 0x70, 0x00,
    0x00, 0x00, 0x00, 0x00, 0x3c, 0x00, 0x00, 0x00, 0xf0, 0xff, 0xff, 0x01,
    0x00, 0x00, 0xf0, 0xff, 0xff, 0x01, 0x00, 0x00, 0xf0, 0xff, 0xff, 0x01,
    0x00, 0x00, 0x00, 0x00, 0x00, 0x00, 0x00, 0x00, 0x00, 0x00, 0x00, 0x00,
    0x00, 0x00, 0x00, 0x00, 0x00, 0x00, 0x00, 0x00, 0x10, 0x00, 0x00, 0x00,
    0x00, 0x00, 0xf0, 0x00, 0x00, 0x00, 0x00, 0x00, 0xf0, 0x07, 0x00, 0x00,
    0x00, 0x00, 0xf0, 0x3f, 0x00, 0x00, 0x00, 0x00, 0x80, 0xff, 0x00, 0x00,
    0x00, 0x00, 0x00, 0xfc, 0x07, 0x00, 0x00, 0x00, 0x00, 0xf0, 0x3f, 0x00,
    0x00, 0x00, 0x00, 0x80, 0xff, 0x00, 0x00, 0x00, 0x00, 0x00, 0xfc, 0x01,
    0x00, 0x00, 0x00, 0x00, 0xe0, 0x01, 0x00, 0x00, 0x00, 0x00, 0xf8, 0x01,
    0x00, 0x00, 0x00, 0x00, 0xff, 0x01, 0x00, 0x00, 0x00, 0xe0, 0x3f, 0x00,
    0x00, 0x00, 0x00, 0xfc, 0x0f, 0x00, 0x00, 0x00, 0x00, 0xff, 0x01, 0x00,
    0x00, 0x00, 0xe0, 0x3f, 0x00, 0x00, 0x00, 0x00, 0xf0, 0x0f, 0x00, 0x00,
    0x00, 0x00, 0xf0, 0x01, 0x00, 0x00, 0x00, 0x00, 0x30, 0x00, 0x00, 0x00,
    0x00, 0x00, 0x00, 0x00, 0x00, 0x00, 0x00, 0x00, 0x00, 0x00, 0x00, 0x00,
    0x00, 0x00, 0xf0, 0x00, 0x00, 0x00, 0x00, 0x00, 0xf0, 0x0f, 0x00, 0x00,
    0x00, 0x00, 0xf0, 0xff, 0x00, 0x00, 0x00, 0x00, 0xc0, 0xff, 0x07, 0x00,
    0x00, 0x00, 0x00, 0xfc, 0x7f, 0x00, 0x00, 0x00, 0x00, 0xc0, 0xff, 0x01,
    0x00, 0x00, 0x00, 0x00, 0xf8, 0x01, 0x00, 0x00, 0x00, 0x00, 0xf0, 0x01,
    0x00, 0x00, 0x00, 0x00, 0xff, 0x01, 0x00, 0x00, 0x00, 0xe0, 0x7f, 0x00,
    0x00, 0x00, 0x00, 0xfe, 0x0f, 0x00, 0x00, 0x00, 0xc0, 0xff, 0x00, 0x00,
    0x00, 0x00, 0xf0, 0x1f, 0x00, 0x00, 0x00, 0x00, 0xf0, 0x01, 0x00, 0x00,
    0x00, 0x00, 0xf0, 0x03, 0x00, 0x00, 0x00, 0x00, 0xf0, 0x3f, 0x00, 0x00,
    0x00, 0x00, 0xc0, 0xff, 0x01, 0x00, 0x00, 0x00, 0x00, 0xfc, 0x0f, 0x00,
    0x00, 0x00, 0x00, 0xe0, 0xff, 0x00, 0x00, 0x00, 0x00, 0x00, 0xfe, 0x01,
    0x00, 0x00, 0x00, 0x00, 0xf0, 0x01, 0x00, 0x00, 0x00, 0x00, 0xfc, 0x01,
    0x00, 0x00, 0x00, 0xc0, 0xff, 0x01, 0x00, 0x00, 0x00, 0xfc, 0x3f, 0x00,
    0x00, 0x00, 0xc0, 0xff, 0x07, 0x00, 0x00, 0x00, 0xf0, 0x7f, 0x00, 0x00,
    0x00, 0x00, 0xf0, 0x07, 0x00, 0x00, 0x00, 0x00, 0xf0, 0x00, 0x00, 0x00,
    0x00, 0x00, 0x00, 0x00, 0x00, 0x00, 0x00, 0x00, 0x00, 0x00, 0x00, 0x00,
    0x00, 0x00, 0x10, 0x00, 0x00, 0x01, 0x00, 0x00, 0x30, 0x00, 0xc0, 0x01,
    0x00, 0x00, 0xf0, 0x00, 0xe0, 0x01, 0x00, 0x00, 0xf0, 0x01, 0xf8, 0x01,
    0x00, 0x00, 0xe0, 0x07, 0x7c, 0x00, 0x00, 0x00, 0x80, 0x0f, 0x3e, 0x00,
    0x00, 0x00, 0x00, 0x9f, 0x0f, 0x00, 0x00, 0x00, 0x00, 0xfc, 0x07, 0x00,
    0x00, 0x00, 0x00, 0xf8, 0x01, 0x00, 0x00, 0x00, 0x00, 0xf8, 0x01, 0x00,
    0x00, 0x00, 0x00, 0xfc, 0x07, 0x00, 0x00, 0x00, 0x00, 0xbf, 0x0f, 0x00,
    0x00, 0x00, 0x80, 0x0f, 0x3f, 0x00, 0x00, 0x00, 0xe0, 0x07, 0x7c, 0x00,
    0x00, 0x00, 0xf0, 0x01, 0xf8, 0x01, 0x00, 0x00, 0xf0, 0x00, 0xe0, 0x01,
    0x00, 0x00, 0x30, 0x00, 0xc0, 0x01, 0x00, 0x00, 0x10, 0x00, 0x00, 0x01,
    0x00, 0x00, 0x00, 0x00, 0x00, 0x00, 0x00, 0x00, 0x10, 0x00, 0x00, 0x00,
    0x00, 0x00, 0xf0, 0x00, 0x00, 0x00, 0x00, 0x00, 0xf0, 0x03, 0x00, 0x00,
    0x00, 0x00, 0xf0, 0x1f, 0x00, 0x00, 0x00, 0x00, 0xc0, 0x7f, 0x00, 0x00,
    0x00, 0x00, 0x00, 0xfe, 0x03, 0x00, 0x00, 0x00, 0x00, 0xf0, 0x0f, 0x00,
    0x00, 0x00, 0x00, 0xc0, 0x7f, 0x00, 0x00, 0x00, 0x00, 0x00, 0xfe, 0x01,
    0x00, 0x00, 0x00, 0x00, 0xe0, 0x01, 0x00, 0x00, 0x00, 0x00, 0xf8, 0x01,
    0x00, 0x00, 0x00, 0x00, 0xff, 0x01, 0x00, 0x00, 0x00, 0xe0, 0x3f, 0x00,
    0x00, 0x00, 0x00, 0xfc, 0x0f, 0x00, 0x00, 0x00, 0x00, 0xff, 0x01, 0x00,
    0x00, 0x00, 0xe0, 0x3f, 0x00, 0x00, 0x00, 0x00, 0xf0, 0x0f, 0x00, 0x00,
    0x00, 0x00, 0xf0, 0x01, 0x00, 0x00, 0x00, 0x00, 0x30, 0x00, 0x00, 0x00,
    0x00, 0x00, 0x00, 0x00, 0x00, 0x00, 0x00, 0x00, 0x00, 0x00, 0x00, 0x00,
    0x00, 0x00, 0x00, 0x00, 0x80, 0x01, 0x00, 0x00, 0x70, 0x00, 0xe0, 0x01,
    0x00, 0x00, 0x70, 0x00, 0xf0, 0x01, 0x00, 0x00, 0x70, 0x00, 0xfc, 0x01,
    0x00, 0x00, 0x70, 0x00, 0xfe, 0x01, 0x00, 0x00, 0x70, 0x80, 0xcf, 0x01,
    0x00, 0x00, 0x70, 0xc0, 0xc7, 0x01, 0x00, 0x00, 0x70, 0xf0, 0xc3, 0x01,
    0x00, 0x00, 0x70, 0xf8, 0xc0, 0x01, 0x00, 0x00, 0x70, 0x7c, 0xc0, 0x01,
    0x00, 0x00, 0x70, 0x1f, 0xc0, 0x01, 0x00, 0x00, 0xf0, 0x0f, 0xc0, 0x01,
    0x00, 0x00, 0xf0, 0x03, 0xc0, 0x01, 0x00, 0x00, 0xf0, 0x01, 0xc0, 0x01,
    0x00, 0x00, 0xf0, 0x00, 0xc0, 0x01, 0x00, 0x00, 0x00, 0x00, 0x00, 0x00,
    0x00, 0x00, 0x00, 0x00, 0x00, 0x00, 0x00, 0x00, 0x00, 0x00, 0x00, 0x00,
    0x00, 0x00, 0x00, 0xe0, 0x00, 0x00, 0x00, 0x00, 0x00, 0xe0, 0x00, 0x00,
    0x00, 0x00, 0x00, 0xe0, 0x00, 0x00, 0x00, 0x00, 0x00, 0xf0, 0x01, 0x00,
    0x00, 0x00, 0x00, 0xb8, 0x03, 0x00, 0x00, 0x00, 0xfe, 0xbf, 0xff, 0x01,
    0x00, 0x00, 0xff, 0x1f, 0xff, 0x01, 0x00, 0x80, 0xff, 0x0f, 0xfe, 0x01,
    0x00, 0x80, 0x03, 0x00, 0x00, 0x00, 0x00, 0xc0, 0x01, 0x00, 0x00, 0x00,
    0x00, 0xc0, 0x01, 0x00, 0x00, 0x00, 0x00, 0xc0, 0x01, 0x00, 0x00, 0x00,
    0x00, 0x00, 0x00, 0x00, 0x00, 0x00, 0x00, 0x00, 0x00, 0x00, 0x00, 0x00,
    0x00, 0x00, 0x00, 0x00, 0x00, 0x00, 0x00, 0x00, 0x00, 0x00, 0x00, 0x00,
    0x00, 0x00, 0x00, 0x00, 0x00, 0x00, 0x00, 0x00, 0x00, 0x00, 0x00, 0x00,
    0x00, 0x00, 0x00, 0x00, 0x00, 0x00, 0x00, 0x00, 0x00, 0x00, 0x00, 0x00,
    0x00, 0x00, 0x00, 0x00, 0x00, 0x00, 0x00, 0x00, 0x00, 0x00, 0x00, 0x00,
    0x00, 0xf0, 0xff, 0xff, 0xff, 0x01, 0x00, 0xf0, 0xff, 0xff, 0xff, 0x01,
    0x00, 0xf0, 0xff, 0xff, 0xff, 0x01, 0x00, 0x00, 0x00, 0x00, 0x00, 0x00,
    0x00, 0x00, 0x00, 0x00, 0x00, 0x00, 0x00, 0x00, 0x00, 0x00, 0x00, 0x00,
    0x00, 0x00, 0x00, 0x00, 0x00, 0x00, 0x00, 0x00, 0x00, 0x00, 0x00, 0x00,
    0x00, 0x00, 0x00, 0x00, 0x00, 0x00, 0x00, 0x00, 0x00, 0x00, 0x00, 0x00,
    0x00, 0x00, 0x00, 0x00, 0x00, 0x00, 0x00, 0x00, 0x00, 0x00, 0x00, 0x00,
    0x00, 0x00, 0x00, 0x00, 0x00, 0x00, 0x00, 0xc0, 0x01, 0x00, 0x00, 0x00,
    0x00, 0xc0, 0x01, 0x00, 0x00, 0x00, 0x00, 0xc0, 0x01, 0x00, 0x00, 0x00,
    0x00, 0xc0, 0x03, 0x00, 0x00, 0x00, 0x00, 0x80, 0xff, 0x07, 0xf8, 0x01,
    0x00, 0x80, 0xff, 0x1f, 0xff, 0x01, 0x00, 0x00, 0xff, 0xbf, 0xff, 0x01,
    0x00, 0x00, 0xfc, 0xbf, 0xff, 0x01, 0x00, 0x00, 0x00, 0xf0, 0x01, 0x00,
    0x00, 0x00, 0x00, 0xe0, 0x01, 0x00, 0x00, 0x00, 0x00, 0xe0, 0x00, 0x00,
    0x00, 0x00, 0x00, 0xe0, 0x00, 0x00, 0x00, 0x00, 0x00, 0x00, 0x00, 0x00,
    0x00, 0x00, 0x00, 0x00, 0x00, 0x00, 0x00, 0x00, 0x00, 0x00, 0x00, 0x00,
    0x00, 0x00, 0x00, 0x1c, 0x00, 0x00, 0x00, 0x00, 0x00, 0x1c, 0x00, 0x00,
    0x00, 0x00, 0x00, 0x0e, 0x00, 0x00, 0x00, 0x00, 0x00, 0x0e, 0x00, 0x00,
    0x00, 0x00, 0x00, 0x0e, 0x00, 0x00, 0x00, 0x00, 0x00, 0x0e, 0x00, 0x00,
    0x00, 0x00, 0x00, 0x0e, 0x00, 0x00, 0x00, 0x00, 0x00, 0x1e, 0x00, 0x00,
    0x00, 0x00, 0x00, 0x1c, 0x00, 0x00, 0x00, 0x00, 0x00, 0x1c, 0x00, 0x00,
    0x00, 0x00, 0x00, 0x38, 0x00, 0x00, 0x00, 0x00, 0x00, 0x38, 0x00, 0x00,
    0x00, 0x00, 0x00, 0x38, 0x00, 0x00, 0x00, 0x00, 0x00, 0x38, 0x00, 0x00,
    0x00, 0x00, 0x00, 0x38, 0x00, 0x00, 0x00, 0x00, 0x00, 0x38, 0x00, 0x00,
    0x00, 0x00, 0x00, 0x1c, 0x00, 0x00, 0x00, 0x00, 0x00, 0x0e, 0x00, 0x00,
    0x00, 0x00, 0x00, 0x00, 0x00, 0x00, 0x00, 0x00, 0x00, 0x00, 0x00, 0x00,
    0x00, 0x00, 0x00, 0x00, 0x00, 0x00, 0x00, 0x00, 0x00, 0x00, 0x00, 0x00,
    0x00, 0x00, 0x00, 0x00, 0x00, 0x00, 0x00, 0x00, 0x00, 0x00, 0x00, 0x00,
    0x00, 0x00, 0x00, 0x00, 0x00, 0x00, 0x00, 0x00, 0x00, 0x00, 0x00, 0x00,
    0x00, 0x00, 0x00, 0x00, 0x00, 0x00, 0x00, 0x00, 0x00, 0x00, 0x00, 0x00,
    0x00, 0x00, 0x00, 0x00, 0x00, 0x00, 0x00, 0x00, 0x00, 0x00, 0x00, 0x00,
    0x00, 0x00, 0x00, 0x00, 0x00, 0x00, 0x00, 0x00, 0x00, 0x00, 0x00, 0x00,
    0x00, 0x00, 0x00, 0x00, 0x00, 0x00, 0x00, 0x00, 0xe0, 0x00, 0xe0, 0x01,
    0x00, 0x00, 0xf0, 0xf1, 0xff, 0x01, 0x00, 0x00, 0xf0, 0xf1, 0xff, 0x01,
    0x00, 0x00, 0xf0, 0x01, 0xf8, 0x01, 0x00, 0x00, 0x00, 0x00, 0x00, 0x00,
    0x00, 0x00, 0x00, 0x00, 0x00, 0x00, 0x00, 0x00, 0x00, 0x00, 0x00, 0x00,
    0x00, 0x00, 0x00, 0x00, 0x00, 0x00, 0x00, 0x00, 0x00, 0x00, 0x00, 0x00,
    0x00, 0x00, 0x00, 0x00, 0x00, 0x00, 0x00, 0x00, 0x00, 0x0e, 0x00, 0x00,
    0x00, 0x00, 0xe0, 0xff, 0x00, 0x00, 0x00, 0x00, 0xf8, 0xff, 0x03, 0x00,
    0x00, 0x00, 0xfc, 0xff, 0x07, 0x00, 0x00, 0x00, 0x3e, 0x80, 0x0f, 0x00,
    0x00, 0x00, 0x1e, 0x00, 0x0f, 0x00, 0x00, 0x00, 0x0e, 0x00, 0x1e, 0x00,
    0x00, 0x00, 0x07, 0x00, 0x1c, 0x00, 0x00, 0xc0, 0x07, 0x00, 0xfc, 0x01,
    0x00, 0xc0, 0x07, 0x00, 0xfc, 0x01, 0x00, 0x00, 0x07, 0x00, 0x1c, 0x00,
    0x00, 0x00, 0x07, 0x00, 0x1c, 0x00, 0x00, 0x00, 0x07, 0x00, 0x1c, 0x00,
    0x00, 0x00, 0x0f, 0x00, 0x1c, 0x00, 0x00, 0x00, 0x06, 0x00, 0x0e, 0x00,
    0x00, 0x00, 0x00, 0x00, 0x00, 0x00, 0x00, 0x00, 0x00, 0x00, 0x00, 0x00,
    0x00, 0x00, 0x00, 0x00, 0x00, 0x00, 0x00, 0x00, 0x00, 0x00, 0x00, 0x00,
    0x00, 0x00, 0x00, 0x00, 0x00, 0x00, 0x00, 0x00, 0x00, 0x1c, 0xc0, 0x01,
    0x00, 0x00, 0x00, 0x1c, 0xc0, 0x01, 0x00, 0x00, 0x00, 0x1c, 0xe0, 0x01,
    0x00, 0x00, 0x00, 0x1c, 0xf0, 0x01, 0x00, 0x00, 0xfc, 0xff, 0xff, 0x01,
    0x00, 0x00, 0xff, 0xff, 0xff, 0x01, 0x00, 0x00, 0xff, 0xff, 0xcf, 0x01,
    0x00, 0x80, 0x0f, 0x1c, 0xc0, 0x01, 0x00, 0xc0, 0x03, 0x1c, 0xc0, 0x01,
    0x00, 0xc0, 0x01, 0x1c, 0xc0, 0x01, 0x00, 0xc0, 0x01, 0x1c, 0xc0, 0x01,
    0x00, 0xc0, 0x01, 0x1c, 0xc0, 0x01, 0x00, 0xc0, 0x01, 0x1c, 0xc0, 0x01,
    0x00, 0xc0, 0x01, 0x1c, 0xc0, 0x01, 0x00, 0xc0, 0x01, 0x1c, 0xc0, 0x01,
    0x00, 0xc0, 0x03, 0x00, 0xc0, 0x01, 0x00, 0x80, 0x03, 0x00, 0xc0, 0x01,
    0x00, 0x80, 0x03, 0x00, 0xc0, 0x01, 0x00, 0x00, 0x00, 0x00, 0xc0, 0x01,
    0x00, 0x00, 0x00, 0x00, 0x00, 0x00, 0x00, 0x00, 0x00, 0x00, 0x00, 0x00,
    0x00, 0x00, 0x00, 0x00, 0x00, 0x00, 0x00, 0x00, 0x00, 0x00, 0x00, 0x00,
    0x00, 0x00, 0x00, 0x00, 0x00, 0x00, 0x00, 0x00, 0x30, 0x18, 0x0c, 0x00,
    0x00, 0x00, 0x78, 0xff, 0x1f, 0x00, 0x00, 0x00, 0xf0, 0xff, 0x07, 0x00,
    0x00, 0x00, 0xe0, 0xc3, 0x07, 0x00, 0x00, 0x00, 0xe0, 0x00, 0x07, 0x00,
    0x00, 0x00, 0x70, 0x00, 0x07, 0x00, 0x00, 0x00, 0x70, 0x00, 0x0e, 0x00,
    0x00, 0x00, 0x70, 0x00, 0x0e, 0x00, 0x00, 0x00, 0x70, 0x00, 0x0e, 0x00,
    0x00, 0x00, 0x70, 0x00, 0x0e, 0x00, 0x00, 0x00, 0xe0, 0x00, 0x07, 0x00,
    0x00, 0x00, 0xe0, 0x81, 0x07, 0x00, 0x00, 0x00, 0xe0, 0xc3, 0x07, 0x00,
    0x00, 0x00, 0xf0, 0xff, 0x0f, 0x00, 0x00, 0x00, 0x78, 0x7e, 0x1e, 0x00,
    0x00, 0x00, 0x30, 0x00, 0x0c, 0x00, 0x00, 0x00, 0x00, 0x00, 0x00, 0x00,
    0x00, 0x00, 0x00, 0x00, 0x00, 0x00, 0x00, 0x00, 0x00, 0x00, 0x00, 0x00,
    0x00, 0x00, 0x00, 0x00, 0x00, 0x00, 0x00, 0xc0, 0x00, 0x00, 0x00, 0x00,
    0x00, 0xc0, 0x03, 0x00, 0x00, 0x00, 0x00, 0xc0, 0x0f, 0x30, 0x0c, 0x00,
    0x00, 0x80, 0x1f, 0x70, 0x0e, 0x00, 0x00, 0x00, 0x7e, 0x70, 0x0e, 0x00,
    0x00, 0x00, 0xf8, 0x71, 0x0e, 0x00, 0x00, 0x00, 0xe0, 0x77, 0x0e, 0x00,
    0x00, 0x00, 0x80, 0x7f, 0x0e, 0x00, 0x00, 0x00, 0x00, 0xfe, 0xff, 0x01,
    0x00, 0x00, 0x00, 0xf8, 0xff, 0x01, 0x00, 0x00, 0x00, 0xfc, 0xff, 0x01,
    0x00, 0x00, 0x00, 0x7f, 0x0e, 0x00, 0x00, 0x00, 0xc0, 0x7f, 0x0e, 0x00,
    0x00, 0x00, 0xf0, 0x73, 0x0e, 0x00, 0x00, 0x00, 0xfc, 0x70, 0x0e, 0x00,
    0x00, 0x00, 0x3f, 0x70, 0x0e, 0x00, 0x00, 0xc0, 0x1f, 0x70, 0x0e, 0x00,
    0x00, 0xc0, 0x07, 0x00, 0x00, 0x00, 0x00, 0xc0, 0x01, 0x00, 0x00, 0x00,
    0x00, 0x40, 0x00, 0x00, 0x00, 0x00, 0x00, 0x00, 0x00, 0x00, 0x00, 0x00,
    0x00, 0x00, 0x00, 0x00, 0x00, 0x00, 0x00, 0x00, 0x00, 0x00, 0x00, 0x00,
    0x00, 0x00, 0x00, 0x00, 0x00, 0x00, 0x00, 0x00, 0x00, 0x00, 0x00, 0x00,
    0x00, 0x00, 0x00, 0x00, 0x00, 0x00, 0x00, 0x00, 0x00, 0x00, 0x00, 0x00,
    0x00, 0x00, 0x00, 0x00, 0x00, 0x00, 0x00, 0x00, 0x00, 0x00, 0x00, 0x00,
    0x00, 0x00, 0x00, 0x00, 0x00, 0x00, 0x00, 0xf0, 0xff, 0x07, 0xf8, 0x01,
    0x00, 0xf0, 0xff, 0x07, 0xf8, 0x01, 0x00, 0xf0, 0xff, 0x07, 0xf8, 0x01,
    0x00, 0x00, 0x00, 0x00, 0x00, 0x00, 0x00, 0x00, 0x00, 0x00, 0x00, 0x00,
    0x00, 0x00, 0x00, 0x00, 0x00, 0x00, 0x00, 0x00, 0x00, 0x00, 0x00, 0x00,
    0x00, 0x00, 0x00, 0x00, 0x00, 0x00, 0x00, 0x00, 0x00, 0x00, 0x00, 0x00,
    0x00, 0x00, 0x00, 0x00, 0x00, 0x00, 0x00, 0x00, 0x00, 0x00, 0x00, 0x00,
    0x00, 0x00, 0x00, 0x00, 0x00, 0x00, 0x00, 0x00, 0x00, 0x00, 0x00, 0x00,
    0x00, 0x00, 0x00, 0x00, 0x00, 0x00, 0x00, 0x00, 0x00, 0x00, 0xe0, 0x00,
    0x00, 0xc0, 0x87, 0x1f, 0xe0, 0x00, 0x00, 0xe0, 0xcf, 0x3f, 0xe0, 0x01,
    0x00, 0xf0, 0xff, 0x3d, 0xc0, 0x01, 0x00, 0x70, 0x7c, 0x78, 0xc0, 0x01,
    0x00, 0x38, 0x3c, 0x70, 0xc0, 0x01, 0x00, 0x38, 0x38, 0xe0, 0xc0, 0x01,
    0x00, 0x38, 0x38, 0xe0, 0xc0, 0x01, 0x00, 0x38, 0x70, 0xc0, 0xc0, 0x01,
    0x00, 0x38, 0x70, 0xc0, 0xc1, 0x01, 0x00, 0x38, 0xe0, 0xe0, 0xe1, 0x01,
    0x00, 0x70, 0xe0, 0xf1, 0xf7, 0x00, 0x00, 0x70, 0xc0, 0xff, 0xff, 0x00,
    0x00, 0x70, 0x80, 0x3f, 0x7f, 0x00, 0x00, 0x00, 0x00, 0x0f, 0x1e, 0x00,
    0x00, 0x00, 0x00, 0x00, 0x00, 0x00, 0x00, 0x00, 0x00, 0x00, 0x00, 0x00,
    0x00, 0x00, 0x00, 0x00, 0x00, 0x00, 0x00, 0x00, 0x00, 0x00, 0x00, 0x00,
    0x00, 0x00, 0x00, 0x00, 0x00, 0x00, 0x00, 0x00, 0x00, 0x00, 0x00, 0x00,
    0x00, 0x00, 0x00, 0x00, 0x00, 0x00, 0x00, 0x00, 0x00, 0x00, 0x00, 0x00,
    0x00, 0x00, 0x00, 0x00, 0x00, 0x00, 0x00, 0xe0, 0x01, 0x00, 0x00, 0x00,
    0x00, 0xe0, 0x01, 0x00, 0x00, 0x00, 0x00, 0xe0, 0x01, 0x00, 0x00, 0x00,
    0x00, 0x00, 0x00, 0x00, 0x00, 0x00, 0x00, 0x00, 0x00, 0x00, 0x00, 0x00,
    0x00, 0x00, 0x00, 0x00, 0x00, 0x00, 0x00, 0x00, 0x00, 0x00, 0x00, 0x00,
    0x00, 0xe0, 0x01, 0x00, 0x00, 0x00, 0x00, 0xe0, 0x01, 0x00, 0x00, 0x00,
    0x00, 0xe0, 0x01, 0x00, 0x00, 0x00, 0x00, 0x00, 0x00, 0x00, 0x00, 0x00,
    0x00, 0x00, 0x00, 0x00, 0x00, 0x00, 0x00, 0x00, 0x00, 0x00, 0x00, 0x00,
    0x00, 0x00, 0x00, 0x00, 0x00, 0x00, 0x00, 0x00, 0x00, 0x00, 0x00, 0x00,
    0x00, 0x00, 0x00, 0x00, 0x00, 0x00, 0x00, 0x00, 0x00, 0x00, 0x00, 0x00,
    0x00, 0x00, 0x00, 0x00, 0x00, 0x00, 0x00, 0x00, 0xc0, 0x7f, 0x00, 0x00,
    0x00, 0x00, 0xf0, 0xff, 0x03, 0x00, 0x00, 0x00, 0x78, 0xc0, 0x07, 0x00,
    0x00, 0x00, 0x1e, 0x00, 0x1e, 0x00, 0x00, 0x00, 0x07, 0x00, 0x3c, 0x00,
    0x00, 0x00, 0x03, 0x00, 0x30, 0x00, 0x00, 0x80, 0x01, 0x00, 0x70, 0x00,
    0x00, 0xc0, 0x81, 0x7f, 0xe0, 0x00, 0x00, 0xc0, 0xe0, 0xff, 0xc1, 0x00,
    0x00, 0xc0, 0xf0, 0xff, 0xc3, 0x00, 0x00, 0x60, 0xf8, 0x80, 0xc7, 0x01,
    0x00, 0x60, 0x38, 0x00, 0x87, 0x01, 0x00, 0x60, 0x1c, 0x00, 0x8e, 0x01,
    0x00, 0x60, 0x1c, 0x00, 0x8e, 0x01, 0x00, 0x60, 0x1c, 0x00, 0x8e, 0x01,
    0x00, 0x60, 0x1c, 0x00, 0x8e, 0x01, 0x00, 0x60, 0x1c, 0x00, 0x8e, 0x01,
    0x00, 0xe0, 0x38, 0x00, 0xc7, 0x01, 0x00, 0xc0, 0x18, 0x00, 0xc2, 0x00,
    0x00, 0xc0, 0x00, 0x00, 0xc0, 0x00, 0x00, 0x80, 0x01, 0x00, 0x60, 0x00,
    0x00, 0x80, 0x03, 0x00, 0x70, 0x00, 0x00, 0x00, 0x07, 0x00, 0x38, 0x00,
    0x00, 0x00, 0x0e, 0x00, 0x1c, 0x00, 0x00, 0x00, 0x3c, 0x00, 0x0f, 0x00,
    0x00, 0x00, 0xf8, 0xf3, 0x07, 0x00, 0x00, 0x00, 0xe0, 0xff, 0x01, 0x00,
    0x00, 0x00, 0x00, 0x3f, 0x00, 0x00, 0x00, 0x00, 0x00, 0x00, 0x00, 0x00,
    0x00, 0x00, 0x00, 0x00, 0x00, 0x00, 0x00, 0x00, 0x00, 0x00, 0x00, 0x00,
    0x00, 0x00, 0xe0, 0x00, 0x00, 0x00, 0x00, 0x40, 0xf8, 0x01, 0x00, 0x00,
    0x00, 0x60, 0xf8, 0x03, 0x00, 0x00, 0x00, 0x60, 0x0c, 0x03, 0x00, 0x00,
    0x00, 0x60, 0x0c, 0x03, 0x00, 0x00, 0x00, 0x60, 0x0c, 0x03, 0x00, 0x00,
    0x00, 0x60, 0x0c, 0x03, 0x00, 0x00, 0x00, 0x60, 0x8c, 0x01, 0x00, 0x00,
    0x00, 0xc0, 0xff, 0x01, 0x00, 0x00, 0x00, 0xc0, 0xff, 0x03, 0x00, 0x00,
    0x00, 0x00, 0xff, 0x03, 0x00, 0x00, 0x00, 0x00, 0x00, 0x00, 0x00, 0x00,
    0x00, 0x00, 0x00, 0x00, 0x00, 0x00, 0x00, 0x00, 0x00, 0x00, 0x00, 0x00,
    0x00, 0x00, 0x00, 0x00, 0x00, 0x00, 0x00, 0x00, 0x00, 0xc0, 0x00, 0x00,
    0x00, 0x00, 0x00, 0xf0, 0x03, 0x00, 0x00, 0x00, 0x00, 0xf8, 0x07, 0x00,
    0x00, 0x00, 0x00, 0x3c, 0x0f, 0x00, 0x00, 0x00, 0x00, 0x1e, 0x1e, 0x00,
    0x00, 0x00, 0x00, 0x0f, 0x3c, 0x00, 0x00, 0x00, 0x80, 0x07, 0x78, 0x00,
    0x00, 0x00, 0x00, 0xc1, 0x30, 0x00, 0x00, 0x00, 0x00, 0xe0, 0x01, 0x00,
    0x00, 0x00, 0x00, 0xf0, 0x03, 0x00, 0x00, 0x00, 0x00, 0xf8, 0x07, 0x00,
    0x00, 0x00, 0x00, 0x3e, 0x1f, 0x00, 0x00, 0x00, 0x00, 0x1f, 0x3e, 0x00,
    0x00, 0x00, 0x80, 0x07, 0x78, 0x00, 0x00, 0x00, 0x00, 0x03, 0x30, 0x00,
    0x00, 0x00, 0x00, 0x01, 0x20, 0x00, 0x00, 0x00, 0x00, 0x00, 0x00, 0x00,
    0x00, 0x00, 0x00, 0x00, 0x00, 0x00, 0x00, 0x00, 0x00, 0x00, 0x00, 0x00,
    0x00, 0x00, 0x00, 0x1c, 0x00, 0x00, 0x00, 0x00, 0x00, 0x1c, 0x00, 0x00,
    0x00, 0x00, 0x00, 0x1c, 0x00, 0x00, 0x00, 0x00, 0x00, 0x1c, 0x00, 0x00,
    0x00, 0x00, 0x00, 0x1c, 0x00, 0x00, 0x00, 0x00, 0x00, 0x1c, 0x00, 0x00,
    0x00, 0x00, 0x00, 0x1c, 0x00, 0x00, 0x00, 0x00, 0x00, 0x1c, 0x00, 0x00,
    0x00, 0x00, 0x00, 0x1c, 0x00, 0x00, 0x00, 0x00, 0x00, 0x1c, 0x00, 0x00,
    0x00, 0x00, 0x00, 0x1c, 0x00, 0x00, 0x00, 0x00, 0x00, 0x1c, 0x00, 0x00,
    0x00, 0x00, 0x00, 0x1c, 0x00, 0x00, 0x00, 0x00, 0x00, 0x1c, 0x00, 0x00,
    0x00, 0x00, 0x00, 0x1c, 0x00, 0x00, 0x00, 0x00, 0x00, 0xfc, 0x0f, 0x00,
    0x00, 0x00, 0x00, 0xfc, 0x0f, 0x00, 0x00, 0x00, 0x00, 0xfc, 0x0f, 0x00,
    0x00, 0x00, 0x00, 0x00, 0x00, 0x00, 0x00, 0x00, 0x00, 0x00, 0x00, 0x00,
    0x00, 0x00, 0x00, 0x00, 0x00, 0x00, 0x00, 0x00, 0x00, 0x00, 0x00, 0x00,
    0x00, 0x00, 0x00, 0xe0, 0x00, 0x00, 0x00, 0x00, 0x00, 0xe0, 0x00, 0x00,
    0x00, 0x00, 0x00, 0xe0, 0x00, 0x00, 0x00, 0x00, 0x00, 0xe0, 0x00, 0x00,
    0x00, 0x00, 0x00, 0xe0, 0x00, 0x00, 0x00, 0x00, 0x00, 0xe0, 0x00, 0x00,
    0x00, 0x00, 0x00, 0xe0, 0x00, 0x00, 0x00, 0x00, 0x00, 0xe0, 0x00, 0x00,
    0x00, 0x00, 0x00, 0xe0, 0x00, 0x00, 0x00, 0x00, 0x00, 0x00, 0x00, 0x00,
    0x00, 0x00, 0x00, 0x00, 0x00, 0x00, 0x00, 0x00, 0x00, 0x00, 0x00, 0x00,
    0x00, 0x00, 0xc0, 0x7f, 0x00, 0x00, 0x00, 0x00, 0xf0, 0xff, 0x03, 0x00,
    0x00, 0x00, 0x78, 0xc0, 0x07, 0x00, 0x00, 0x00, 0x1e, 0x00, 0x1e, 0x00,
    0x00, 0x00, 0x07, 0x00, 0x3c, 0x00, 0x00, 0x00, 0x03, 0x00, 0x30, 0x00,
    0x00, 0x80, 0x01, 0x00, 0x70, 0x00, 0x00, 0xc0, 0x01, 0x00, 0xe0, 0x00,
    0x00, 0xc0, 0x00, 0x00, 0xc0, 0x00, 0x00, 0xc0, 0xfc, 0xff, 0xc7, 0x00,
    0x00, 0x60, 0xfc, 0xff, 0xc7, 0x01, 0x00, 0x60, 0x1c, 0x1c, 0x80, 0x01,
    0x00, 0x60, 0x1c, 0x1c, 0x80, 0x01, 0x00, 0x60, 0x1c, 0x1c, 0x80, 0x01,
    0x00, 0x60, 0x1c, 0x3c, 0x80, 0x01, 0x00, 0x60, 0x1c, 0xfe, 0x80, 0x01,
    0x00, 0x60, 0xf8, 0xff, 0x81, 0x01, 0x00, 0xe0, 0xf8, 0xc7, 0xc7, 0x01,
    0x00, 0xc0, 0xf0, 0x83, 0xc7, 0x00, 0x00, 0xc0, 0x00, 0x00, 0xc6, 0x00,
    0x00, 0x80, 0x01, 0x00, 0x60, 0x00, 0x00, 0x80, 0x03, 0x00, 0x70, 0x00,
    0x00, 0x00, 0x07, 0x00, 0x38, 0x00, 0x00, 0x00, 0x0e, 0x00, 0x1c, 0x00,
    0x00, 0x00, 0x3c, 0x00, 0x0f, 0x00, 0x00, 0x00, 0xf8, 0xf3, 0x07, 0x00,
    0x00, 0x00, 0xe0, 0xff, 0x01, 0x00, 0x00, 0x00, 0x00, 0x3f, 0x00, 0x00,
    0x00, 0x00, 0x00, 0x00, 0x00, 0x00, 0x00, 0x00, 0x00, 0x00, 0x00, 0x00,
    0x00, 0x00, 0x00, 0x00, 0x00, 0x00, 0x00, 0x0e, 0x00, 0x00, 0x00, 0x00,
    0x00, 0x0e, 0x00, 0x00, 0x00, 0x00, 0x00, 0x0e, 0x00, 0x00, 0x00, 0x00,
    0x00, 0x0e, 0x00, 0x00, 0x00, 0x00, 0x00, 0x0e, 0x00, 0x00, 0x00, 0x00,
    0x00, 0x0e, 0x00, 0x00, 0x00, 0x00, 0x00, 0x0e, 0x00, 0x00, 0x00, 0x00,
    0x00, 0x0e, 0x00, 0x00, 0x00, 0x00, 0x00, 0x0e, 0x00, 0x00, 0x00, 0x00,
    0x00, 0x0e, 0x00, 0x00, 0x00, 0x00, 0x00, 0x0e, 0x00, 0x00, 0x00, 0x00,
    0x00, 0x0e, 0x00, 0x00, 0x00, 0x00, 0x00, 0x0e, 0x00, 0x00, 0x00, 0x00,
    0x00, 0x0e, 0x00, 0x00, 0x00, 0x00, 0x00, 0x0e, 0x00, 0x00, 0x00, 0x00,
    0x00, 0x0e, 0x00, 0x00, 0x00, 0x00, 0x00, 0x0e, 0x00, 0x00, 0x00, 0x00,
    0x00, 0x0e, 0x00, 0x00, 0x00, 0x00, 0x00, 0x0e, 0x00, 0x00, 0x00, 0x00,
    0x00, 0x00, 0x00, 0x00, 0x00, 0x00, 0x00, 0x00, 0x00, 0x00, 0x00, 0x00,
    0x00, 0x00, 0x00, 0x00, 0x00, 0x00, 0x00, 0x00, 0x1e, 0x00, 0x00, 0x00,
    0x00, 0x80, 0x7f, 0x00, 0x00, 0x00, 0x00, 0xc0, 0xff, 0x00, 0x00, 0x00,
    0x00, 0xc0, 0xe1, 0x00, 0x00, 0x00, 0x00, 0xe0, 0xc0, 0x01, 0x00, 0x00,
    0x00, 0xe0, 0xc0, 0x01, 0x00, 0x00, 0x00, 0xe0, 0xc0, 0x01, 0x00, 0x00,
    0x00, 0xe0, 0xc0, 0x01, 0x00, 0x00, 0x00, 0xe0, 0xc1, 0x01, 0x00, 0x00,
    0x00, 0xc0, 0xf3, 0x00, 0x00, 0x00, 0x00, 0x80, 0x7f, 0x00, 0x00, 0x00,
    0x00, 0x00, 0x3f, 0x00, 0x00, 0x00, 0x00, 0x00, 0x00, 0x00, 0x00, 0x00,
    0x00, 0x00, 0x00, 0x00, 0x00, 0x00, 0x00, 0x00, 0x00, 0x00, 0x00, 0x00,
    0x00, 0x00, 0x00, 0x00, 0x00, 0x00, 0x00, 0x00, 0x00, 0x1c, 0xc0, 0x01,
    0x00, 0x00, 0x00, 0x1c, 0xc0, 0x01, 0x00, 0x00, 0x00, 0x1c, 0xc0, 0x01,
    0x00, 0x00, 0x00, 0x1c, 0xc0, 0x01, 0x00, 0x00, 0x00, 0x1c, 0xc0, 0x01,
    0x00, 0x00, 0x00, 0x1c, 0xc0, 0x01, 0x00, 0x00, 0x00, 0x1c, 0xc0, 0x01,
    0x00, 0x00, 0xfc, 0xff, 0xdf, 0x01, 0x00, 0x00, 0xfc, 0xff, 0xdf, 0x01,
    0x00, 0x00, 0xfc, 0xff, 0xdf, 0x01, 0x00, 0x00, 0x00, 0x1c, 0xc0, 0x01,
    0x00, 0x00, 0x00, 0x1c, 0xc0, 0x01, 0x00, 0x00, 0x00, 0x1c, 0xc0, 0x01,
    0x00, 0x00, 0x00, 0x1c, 0xc0, 0x01, 0x00, 0x00, 0x00, 0x1c, 0xc0, 0x01,
    0x00, 0x00, 0x00, 0x1c, 0xc0, 0x01, 0x00, 0x00, 0x00, 0x1c, 0xc0, 0x01,
    0x00, 0x00, 0x00, 0x1c, 0xc0, 0x01, 0x00, 0x00, 0x00, 0x00, 0x00, 0x00,
    0x00, 0x00, 0x00, 0x00, 0x00, 0x00, 0x00, 0x00, 0x00, 0x00, 0x00, 0x00,
    0x00, 0x04, 0xc0, 0x01, 0x00, 0x00, 0x00, 0x0e, 0xe0, 0x01, 0x00, 0x00,
    0x00, 0x06, 0xf0, 0x01, 0x00, 0x00, 0x00, 0x07, 0xf8, 0x01, 0x00, 0x00,
    0x00, 0x03, 0x9c, 0x01, 0x00, 0x00, 0x00, 0x03, 0x8e, 0x01, 0x00, 0x00,
    0x00, 0x07, 0x87, 0x01, 0x00, 0x00, 0x00, 0x87, 0x83, 0x01, 0x00, 0x00,
    0x00, 0xfe, 0x81, 0x01, 0x00, 0x00, 0x00, 0xfe, 0x80, 0x01, 0x00, 0x00,
    0x00, 0x38, 0x80, 0x01, 0x00, 0x00, 0x00, 0x00, 0x00, 0x00, 0x00, 0x00,
    0x00, 0x00, 0x00, 0x00, 0x00, 0x00, 0x00, 0x04, 0xc0, 0x00, 0x00, 0x00,
    0x00, 0x0e, 0xc0, 0x01, 0x00, 0x00, 0x00, 0x87, 0xc1, 0x01, 0x00, 0x00,
    0x00, 0x87, 0x81, 0x01, 0x00, 0x00, 0x00, 0x83, 0x81, 0x01, 0x00, 0x00,
    0x00, 0x83, 0x81, 0x01, 0x00, 0x00, 0x00, 0x87, 0xc3, 0x01, 0x00, 0x00,
    0x00, 0xc7, 0xc3, 0x01, 0x00, 0x00, 0x00, 0xfe, 0xff, 0x00, 0x00, 0x00,
    0x00, 0x7e, 0xfe, 0x00, 0x00, 0x00, 0x00, 0x18, 0x3c, 0x00, 0x00, 0x00,
    0x00, 0x00, 0x00, 0x00, 0x00, 0x00, 0x00, 0x00, 0x00, 0x00, 0x00, 0x00,
    0x00, 0x00, 0x00, 0x00, 0x00, 0x00, 0x00, 0x00, 0x03, 0x00, 0x00, 0x00,
    0x00, 0x80, 0x03, 0x00, 0x00, 0x00, 0x00, 0xe0, 0x01, 0x00, 0x00, 0x00,
    0x00, 0xf0, 0x00, 0x00, 0x00, 0x00, 0x00, 0x70, 0x00, 0x00, 0x00, 0x00,
    0x00, 0x30, 0x00, 0x00, 0x00, 0x00, 0x00, 0x10, 0x00, 0x00, 0x00, 0x00,
    0x00, 0x00, 0x00, 0x00, 0x00, 0x00, 0x00, 0x00, 0x00, 0x00, 0x00, 0x00,
    0x00, 0x00, 0x00, 0x00, 0x00, 0x00, 0x00, 0x00, 0x00, 0x00, 0x00, 0x00,
    0x00, 0x00, 0x00, 0x00, 0x00, 0x00, 0x00, 0x00, 0xf0, 0xff, 0xff, 0x01,
    0x00, 0x00, 0xf0, 0xff, 0xff, 0x01, 0x00, 0x00, 0xf0, 0xff, 0xff, 0x01,
    0x00, 0x00, 0xf0, 0xff, 0xff, 0x00, 0x00, 0x00, 0x00, 0x00, 0xe0, 0x00,
    0x00, 0x00, 0x00, 0x00, 0xc0, 0x01, 0x00, 0x00, 0x00, 0x00, 0xc0, 0x01,
    0x00, 0x00, 0x00, 0x00, 0xc0, 0x01, 0x00, 0x00, 0x00, 0x00, 0xc0, 0x01,
    0x00, 0x00, 0x00, 0x00, 0xc0, 0x01, 0x00, 0x00, 0x00, 0x00, 0xc0, 0x01,
    0x00, 0x00, 0x00, 0x00, 0xe0, 0x00, 0x00, 0x00, 0x00, 0x00, 0xe0, 0x00,
    0x00, 0x00, 0x00, 0x00, 0x38, 0x00, 0x00, 0x00, 0xf0, 0xff, 0xff, 0x00,
    0x00, 0x00, 0xf0, 0xff, 0xff, 0x01, 0x00, 0x00, 0xf0, 0xff, 0xff, 0x01,
    0x00, 0x00, 0x00, 0x00, 0x00, 0x00, 0x00, 0x00, 0x00, 0x00, 0x00, 0x00,
    0x00, 0x00, 0x00, 0x00, 0x00, 0x00, 0x00, 0x00, 0x00, 0x00, 0x00, 0x00,
    0x00, 0x00, 0x00, 0x00, 0x00, 0x00, 0x00, 0x00, 0x00, 0x00, 0x00, 0x00,
    0x00, 0x00, 0xfc, 0x03, 0x00, 0x00, 0x00, 0x80, 0xff, 0x0f, 0x00, 0x00,
    0x00, 0xc0, 0xff, 0x1f, 0x00, 0x00, 0x00, 0xe0, 0xff, 0x3f, 0x00, 0x00,
    0x00, 0xe0, 0xff, 0x3f, 0x00, 0x00, 0x00, 0xf0, 0xff, 0x7f, 0x00, 0x00,
    0x00, 0xf0, 0xff, 0x7f, 0x00, 0x00, 0x00, 0xf0, 0xff, 0x7f, 0x00, 0x00,
    0x00, 0xf0, 0xff, 0x7f, 0x00, 0x00, 0x00, 0xf0, 0xff, 0x7f, 0x00, 0x00,
    0x00, 0xf0, 0xff, 0x7f, 0x00, 0x00, 0x00, 0xf0, 0xff, 0xff, 0xff, 0x01,
    0x00, 0xf0, 0xff, 0xff, 0xff, 0x01, 0x00, 0x30, 0x00, 0x00, 0x00, 0x00,
    0x00, 0x30, 0x00, 0x00, 0x00, 0x00, 0x00, 0x30, 0x00, 0x00, 0x00, 0x00,
    0x00, 0x30, 0x00, 0x00, 0x00, 0x00, 0x00, 0xf0, 0xff, 0xff, 0xff, 0x01,
    0x00, 0xf0, 0xff, 0xff, 0xff, 0x01, 0x00, 0x00, 0x00, 0x00, 0x00, 0x00,
    0x00, 0x00, 0x00, 0x00, 0x00, 0x00, 0x00, 0x00, 0x00, 0x00, 0x00, 0x00,
    0x00, 0x00, 0x00, 0x00, 0x00, 0x00, 0x00, 0x00, 0x00, 0x00, 0x00, 0x00,
    0x00, 0x00, 0x00, 0x00, 0x00, 0x00, 0x00, 0x00, 0x00, 0x00, 0x00, 0x00,
    0x00, 0x00, 0x00, 0x1c, 0x00, 0x00, 0x00, 0x00, 0x00, 0x3e, 0x00, 0x00,
    0x00, 0x00, 0x00, 0x3e, 0x00, 0x00, 0x00, 0x00, 0x00, 0x3e, 0x00, 0x00,
    0x00, 0x00, 0x00, 0x00, 0x00, 0x00, 0x00, 0x00, 0x00, 0x00, 0x00, 0x00,
    0x00, 0x00, 0x00, 0x00, 0x00, 0x00, 0x00, 0x00, 0x00, 0x00, 0x00, 0x00,
    0x00, 0x00, 0x00, 0x00, 0x00, 0x00, 0x00, 0x00, 0x00, 0x00, 0x00, 0x00,
    0x00, 0x00, 0x00, 0x00, 0x00, 0x00, 0x00, 0x00, 0x00, 0x00, 0x00, 0x00,
    0x00, 0x00, 0x00, 0x00, 0x00, 0x00, 0x00, 0x00, 0x00, 0x00, 0x00, 0x00,
    0x00, 0x00, 0x00, 0x00, 0x00, 0x00, 0x00, 0x00, 0x00, 0x00, 0x00, 0x00,
    0x00, 0x00, 0x00, 0x00, 0x00, 0x00, 0x00, 0x00, 0x00, 0x00, 0x00, 0x00,
    0x00, 0x30, 0x00, 0x00, 0x00, 0x00, 0x00, 0x38, 0x00, 0x00, 0x00, 0x00,
    0x00, 0x1c, 0x00, 0x00, 0x00, 0x00, 0x00, 0x0c, 0x00, 0x00, 0x00, 0x00,
    0x00, 0xee, 0xff, 0x01, 0x00, 0x00, 0x00, 0xfe, 0xff, 0x01, 0x00, 0x00,
    0x00, 0xfe, 0xff, 0x01, 0x00, 0x00, 0x00, 0x00, 0x00, 0x00, 0x00, 0x00,
    0x00, 0x00, 0x00, 0x00, 0x00, 0x00, 0x00, 0x00, 0x00, 0x00, 0x00, 0x00,
    0x00, 0x00, 0x00, 0x00, 0x00, 0x00, 0x00, 0x00, 0x00, 0x00, 0x00, 0x00,
    0x00, 0x00, 0x3e, 0x00, 0x00, 0x00, 0x00, 0x80, 0xff, 0x00, 0x00, 0x00,
    0x00, 0xc0, 0xff, 0x01, 0x00, 0x00, 0x00, 0xc0, 0x80, 0x01, 0x00, 0x00,
    0x00, 0x60, 0x00, 0x03, 0x00, 0x00, 0x00, 0x60, 0x00, 0x03, 0x00, 0x00,
    0x00, 0x60, 0x00, 0x03, 0x00, 0x00, 0x00, 0x60, 0x00, 0x03, 0x00, 0x00,
    0x00, 0xe0, 0x80, 0x03, 0x00, 0x00, 0x00, 0xc0, 0xe3, 0x01, 0x00, 0x00,
    0x00, 0x80, 0xff, 0x00, 0x00, 0x00, 0x00, 0x00, 0x7f, 0x00, 0x00, 0x00,
    0x00, 0x00, 0x00, 0x00, 0x00, 0x00, 0x00, 0x00, 0x00, 0x00, 0x00, 0x00,
    0x00, 0x00, 0x00, 0x00, 0x00, 0x00, 0x00, 0x00, 0x00, 0x03, 0x30, 0x00,
    0x00, 0x00, 0x80, 0x07, 0x78, 0x00, 0x00, 0x00, 0x00, 0x0f, 0x3c, 0x00,
    0x00, 0x00, 0x00, 0x1e, 0x1e, 0x00, 0x00, 0x00, 0x00, 0xfc, 0x0f, 0x00,
    0x00, 0x00, 0x00, 0xf8, 0x07, 0x00, 0x00, 0x00, 0x00, 0xe0, 0x01, 0x00,
    0x00, 0x00, 0x00, 0xc1, 0x20, 0x00, 0x00, 0x00, 0x00, 0x03, 0x30, 0x00,
    0x00, 0x00, 0x80, 0x0f, 0x7c, 0x00, 0x00, 0x00, 0x00, 0x1f, 0x3e, 0x00,
    0x00, 0x00, 0x00, 0x3c, 0x0f, 0x00, 0x00, 0x00, 0x00, 0xf8, 0x07, 0x00,
    0x00, 0x00, 0x00, 0xf0, 0x03, 0x00, 0x00, 0x00, 0x00, 0xe0, 0x01, 0x00,
    0x00, 0x00, 0x00, 0xc0, 0x00, 0x00, 0x00, 0x00, 0x00, 0x00, 0x00, 0x00,
    0x00, 0x00, 0x00, 0x00, 0x00, 0x00, 0x00, 0x00, 0x00, 0x00, 0x00, 0x00,
    0x00, 0x00, 0x06, 0x00, 0x00, 0x00, 0x00, 0x00, 0x03, 0x00, 0x00, 0x00,
    0x00, 0x80, 0x03, 0x00, 0x00, 0x00, 0x00, 0xc0, 0x01, 0x00, 0x00, 0x01,
    0x00, 0xc0, 0xff, 0x3f, 0xc0, 0x01, 0x00, 0xc0, 0xff, 0x3f, 0xe0, 0x01,
    0x00, 0xc0, 0xff, 0x3f, 0xf8, 0x00, 0x00, 0x00, 0x00, 0x00, 0x3e, 0x00,
    0x00, 0x00, 0x00, 0x00, 0x0f, 0x00, 0x00, 0x00, 0x00, 0xc0, 0x07, 0x00,
    0x00, 0x00, 0x00, 0xf0, 0x01, 0x00, 0x00, 0x00, 0x00, 0x78, 0x00, 0x00,
    0x00, 0x00, 0x00, 0x3e, 0x00, 0x00, 0x00, 0x00, 0x00, 0x0f, 0x18, 0x00,
    0x00, 0x00, 0xc0, 0x07, 0x1c, 0x00, 0x00, 0x00, 0xf0, 0x01, 0x1f, 0x00,
    0x00, 0x00, 0x78, 0x80, 0x1b, 0x00, 0x00, 0x00, 0x3e, 0xe0, 0x19, 0x00,
    0x00, 0x80, 0x0f, 0x70, 0x18, 0x00, 0x00, 0xc0, 0x03, 0x3c, 0x18, 0x00,
    0x00, 0xc0, 0x01, 0x0e, 0x18, 0x00, 0x00, 0x40, 0x00, 0xff, 0xff, 0x01,
    0x00, 0x00, 0x00, 0xff, 0xff, 0x01, 0x00, 0x00, 0x00, 0xff, 0xff, 0x01,
    0x00, 0x00, 0x00, 0x00, 0x18, 0x00, 0x00, 0x00, 0x00, 0x00, 0x18, 0x00,
    0x00, 0x00, 0x00, 0x00, 0x00, 0x00, 0x00, 0x00, 0x02, 0x00, 0x00, 0x00,
    0x00, 0x00, 0x07, 0x00, 0x00, 0x00, 0x00, 0x00, 0x03, 0x00, 0x00, 0x00,
    0x00, 0x80, 0x01, 0x00, 0x00, 0x01, 0x00, 0xc0, 0x01, 0x00, 0xc0, 0x01,
    0x00, 0xc0, 0xff, 0x3f, 0xf0, 0x01, 0x00, 0xc0, 0xff, 0x3f, 0x78, 0x00,
    0x00, 0xc0, 0xff, 0x3f, 0x3e, 0x00, 0x00, 0x00, 0x00, 0x80, 0x0f, 0x00,
    0x00, 0x00, 0x00, 0xc0, 0x03, 0x00, 0x00, 0x00, 0x00, 0xf0, 0x01, 0x00,
    0x00, 0x00, 0x00, 0x78, 0x00, 0x00, 0x00, 0x00, 0x00, 0x3e, 0x00, 0x00,
    0x00, 0x00, 0x80, 0x0f, 0x00, 0x00, 0x00, 0x00, 0xc0, 0x03, 0x00, 0x00,
    0x00, 0x00, 0xf0, 0x01, 0x00, 0x00, 0x00, 0x00, 0x7c, 0x04, 0xc0, 0x01,
    0x00, 0x00, 0x1e, 0x0e, 0xe0, 0x01, 0x00, 0x80, 0x0f, 0x06, 0xf0, 0x01,
    0x00, 0xc0, 0x03, 0x07, 0xf8, 0x01, 0x00, 0xc0, 0x01, 0x03, 0xdc, 0x01,
    0x00, 0x40, 0x00, 0x03, 0xce, 0x01, 0x00, 0x00, 0x00, 0x03, 0xc7, 0x01,
    0x00, 0x00, 0x00, 0x87, 0xc3, 0x01, 0x00, 0x00, 0x00, 0xfe, 0xc1, 0x01,
    0x00, 0x00, 0x00, 0xfe, 0xc0, 0x01, 0x00, 0x00, 0x00, 0x38, 0xc0, 0x01,
    0x00, 0x00, 0x00, 0x00, 0x00, 0x00, 0x00, 0x00, 0x00, 0x00, 0x00, 0x00,
    0x00, 0xc0, 0x00, 0x18, 0x00, 0x00, 0x00, 0xc0, 0x00, 0x38, 0x00, 0x00,
    0x00, 0xe0, 0x30, 0x30, 0x00, 0x00, 0x00, 0x60, 0x30, 0x30, 0x00, 0x00,
    0x00, 0x60, 0x30, 0x30, 0x00, 0x00, 0x00, 0x60, 0x30, 0x30, 0x00, 0x00,
    0x00, 0x60, 0x30, 0x30, 0x80, 0x01, 0x00, 0xe0, 0x78, 0x38, 0xc0, 0x01,
    0x00, 0xc0, 0xff, 0x1f, 0xf0, 0x01, 0x00, 0xc0, 0xcf, 0x1f, 0x7c, 0x00,
    0x00, 0x00, 0x83, 0x07, 0x1e, 0x00, 0x00, 0x00, 0x00, 0x80, 0x0f, 0x00,
    0x00, 0x00, 0x00, 0xe0, 0x03, 0x00, 0x00, 0x00, 0x00, 0xf0, 0x00, 0x00,
    0x00, 0x00, 0x00, 0x7c, 0x00, 0x00, 0x00, 0x00, 0x00, 0x1f, 0x00, 0x00,
    0x00, 0x00, 0x80, 0x07, 0x1c, 0x00, 0x00, 0x00, 0xe0, 0x03, 0x1e, 0x00,
    0x00, 0x00, 0xf8, 0x80, 0x1f, 0x00, 0x00, 0x00, 0x3c, 0xc0, 0x19, 0x00,
    0x00, 0x00, 0x1f, 0xf0, 0x18, 0x00, 0x00, 0xc0, 0x07, 0x38, 0x18, 0x00,
    0x00, 0xe0, 0x01, 0x1e, 0x18, 0x00, 0x00, 0xe0, 0x00, 0xff, 0xff, 0x01,
    0x00, 0x00, 0x00, 0xff, 0xff, 0x01, 0x00, 0x00, 0x00, 0xff, 0xff, 0x01,
    0x00, 0x00, 0x00, 0x00, 0x18, 0x00, 0x00, 0x00, 0x00, 0x00, 0x18, 0x00,
    0x00, 0x00, 0x00, 0x00, 0x00, 0x00, 0x00, 0x00, 0x00, 0x00, 0x00, 0x00,
    0x00, 0x00, 0x00, 0x00, 0x80, 0x01, 0x00, 0x00, 0x00, 0x00, 0xe0, 0x01,
    0x00, 0x00, 0x00, 0x00, 0xf0, 0x01, 0x00, 0x00, 0x00, 0x00, 0xf8, 0x00,
    0x00, 0x00, 0x00, 0x00, 0x38, 0x00, 0x00, 0x00, 0x00, 0x00, 0x1c, 0x00,
    0x00, 0x00, 0xc0, 0x01, 0x0e, 0x00, 0x00, 0x00, 0xe0, 0xe3, 0x0f, 0x00,
    0x00, 0x00, 0xe0, 0xe3, 0x07, 0x00, 0x00, 0x00, 0xe0, 0xe3, 0x01, 0x00,
    0x00, 0x00, 0xc0, 0x01, 0x00, 0x00, 0x00, 0x00, 0x00, 0x00, 0x00, 0x00,
    0x00, 0x00, 0x00, 0x00, 0x00, 0x00, 0x00, 0x00, 0x00, 0x00, 0x00, 0x00,
    0x00, 0x00, 0x00, 0x00, 0x00, 0x00, 0x00, 0x00, 0x00, 0x00, 0x00, 0x01,
    0x00, 0x00, 0x00, 0x00, 0xe0, 0x01, 0x00, 0x00, 0x00, 0x00, 0xf8, 0x01,
    0x00, 0x00, 0x00, 0x00, 0xff, 0x01, 0x00, 0x00, 0x00, 0xc0, 0x3f, 0x00,
    0x00, 0x00, 0x00, 0xf8, 0x07, 0x00, 0x00, 0x00, 0x00, 0xff, 0x00, 0x00,
    0x20, 0x00, 0xc0, 0xff, 0x00, 0x00, 0x60, 0x00, 0xf8, 0xe7, 0x00, 0x00,
    0xe0, 0x00, 0xfe, 0xe1, 0x00, 0x00, 0xe0, 0xc1, 0x3f, 0xe0, 0x00, 0x00,
    0xc0, 0xc3, 0x07, 0xe0, 0x00, 0x00, 0x80, 0xc7, 0x07, 0xe0, 0x00, 0x00,
    0x00, 0xc6, 0x3f, 0xe0, 0x00, 0x00, 0x00, 0x04, 0xff, 0xe0, 0x00, 0x00,
    0x00, 0x00, 0xf8, 0xe7, 0x00, 0x00, 0x00, 0x00, 0xe0, 0xff, 0x00, 0x00,
    0x00, 0x00, 0x00, 0xff, 0x00, 0x00, 0x00, 0x00, 0x00, 0xfc, 0x07, 0x00,
    0x00, 0x00, 0x00, 0xe0, 0x3f, 0x00, 0x00, 0x00, 0x00, 0x80, 0xff, 0x00,
    0x00, 0x00, 0x00, 0x00, 0xfc, 0x01, 0x00, 0x00, 0x00, 0x00, 0xe0, 0x01,
    0x00, 0x00, 0x00, 0x00, 0x80, 0x01, 0x00, 0x00, 0x00, 0x00, 0x00, 0x00,
    0x00, 0x00, 0x00, 0x00, 0x00, 0x01, 0x00, 0x00, 0x00, 0x00, 0xe0, 0x01,
    0x00, 0x00, 0x00, 0x00, 0xf8, 0x01, 0x00, 0x00, 0x00, 0x00, 0xff, 0x01,
    0x00, 0x00, 0x00, 0xc0, 0x3f, 0x00, 0x00, 0x00, 0x00, 0xf8, 0x07, 0x00,
    0x00, 0x00, 0x00, 0xff, 0x00, 0x00, 0x00, 0x00, 0xc0, 0xff, 0x00, 0x00,
    0x00, 0x00, 0xf8, 0xe7, 0x00, 0x00, 0x00, 0x00, 0xfe, 0xe1, 0x00, 0x00,
    0x00, 0xc4, 0x3f, 0xe0, 0x00, 0x00, 0x00, 0xc7, 0x07, 0xe0, 0x00, 0x00,
    0x80, 0xc7, 0x07, 0xe0, 0x00, 0x00, 0xe0, 0xc3, 0x3f, 0xe0, 0x00, 0x00,
    0xe0, 0x01, 0xff, 0xe0, 0x00, 0x00, 0xe0, 0x00, 0xf8, 0xe7, 0x00, 0x00,
    0x60, 0x00, 0xe0, 0xff, 0x00, 0x00, 0x00, 0x00, 0x00, 0xff, 0x00, 0x00,
    0x00, 0x00, 0x00, 0xfc, 0x07, 0x00, 0x00, 0x00, 0x00, 0xe0, 0x3f, 0x00,
    0x00, 0x00, 0x00, 0x80, 0xff, 0x00, 0x00, 0x00, 0x00, 0x00, 0xfc, 0x01,
    0x00, 0x00, 0x00, 0x00, 0xe0, 0x01, 0x00, 0x00, 0x00, 0x00, 0x80, 0x01,
    0x00, 0x00, 0x00, 0x00, 0x00, 0x00, 0x00, 0x00, 0x00, 0x00, 0x00, 0x01,
    0x00, 0x00, 0x00, 0x00, 0xe0, 0x01, 0x00, 0x00, 0x00, 0x00, 0xf8, 0x01,
    0x00, 0x00, 0x00, 0x00, 0xff, 0x01, 0x00, 0x00, 0x00, 0xc0, 0x3f, 0x00,
    0x00, 0x00, 0x00, 0xf8, 0x07, 0x00, 0x00, 0x04, 0x00, 0xff, 0x00, 0x00,
    0x00, 0x06, 0xc0, 0xff, 0x00, 0x00, 0x00, 0x07, 0xf8, 0xe7, 0x00, 0x00,
    0xc0, 0x03, 0xfe, 0xe1, 0x00, 0x00, 0xe0, 0xc1, 0x3f, 0xe0, 0x00, 0x00,
    0xe0, 0xc0, 0x07, 0xe0, 0x00, 0x00, 0xe0, 0xc0, 0x07, 0xe0, 0x00, 0x00,
    0xe0, 0xc1, 0x3f, 0xe0, 0x00, 0x00, 0xc0, 0x03, 0xff, 0xe0, 0x00, 0x00,
    0x80, 0x07, 0xf8, 0xe7, 0x00, 0x00, 0x00, 0x07, 0xe0, 0xff, 0x00, 0x00,
    0x00, 0x06, 0x00, 0xff, 0x00, 0x00, 0x00, 0x00, 0x00, 0xfc, 0x07, 0x00,
    0x00, 0x00, 0x00, 0xe0, 0x3f, 0x00, 0x00, 0x00, 0x00, 0x80, 0xff, 0x00,
    0x00, 0x00, 0x00, 0x00, 0xfc, 0x01, 0x00, 0x00, 0x00, 0x00, 0xe0, 0x01,
    0x00, 0x00, 0x00, 0x00, 0x80, 0x01, 0x00, 0x00, 0x00, 0x00, 0x00, 0x00,
    0x00, 0x00, 0x00, 0x00, 0x00, 0x01, 0x00, 0x00, 0x00, 0x00, 0xe0, 0x01,
    0x00, 0x00, 0x00, 0x00, 0xf8, 0x01, 0x00, 0x00, 0x00, 0x00, 0xff, 0x01,
    0x00, 0x00, 0x00, 0xc0, 0x3f, 0x00, 0x00, 0x06, 0x00, 0xf8, 0x07, 0x00,
    0x80, 0x07, 0x00, 0xff, 0x00, 0x00, 0xc0, 0x03, 0xc0, 0xff, 0x00, 0x00,
    0xc0, 0x01, 0xf8, 0xe7, 0x00, 0x00, 0xc0, 0x01, 0xfe, 0xe1, 0x00, 0x00,
    0xc0, 0xc1, 0x3f, 0xe0, 0x00, 0x00, 0x80, 0xc3, 0x07, 0xe0, 0x00, 0x00,
    0x80, 0xc3, 0x07, 0xe0, 0x00, 0x00, 0x00, 0xc7, 0x3f, 0xe0, 0x00, 0x00,
    0x00, 0x07, 0xff, 0xe0, 0x00, 0x00, 0x00, 0x07, 0xf8, 0xe7, 0x00, 0x00,
    0x80, 0x07, 0xe0, 0xff, 0x00, 0x00, 0xc0, 0x03, 0x00, 0xff, 0x00, 0x00,
    0xc0, 0x00, 0x00, 0xfc, 0x07, 0x00, 0x00, 0x00, 0x00, 0xe0, 0x3f, 0x00,
    0x00, 0x00, 0x00, 0x80, 0xff, 0x00, 0x00, 0x00, 0x00, 0x00, 0xfc, 0x01,
    0x00, 0x00, 0x00, 0x00, 0xe0, 0x01, 0x00, 0x00, 0x00, 0x00, 0x80, 0x01,
    0x00, 0x00, 0x00, 0x00, 0x00, 0x00, 0x00, 0x00, 0x00, 0x00, 0x00, 0x01,
    0x00, 0x00, 0x00, 0x00, 0xe0, 0x01, 0x00, 0x00, 0x00, 0x00, 0xf8, 0x01,
    0x00, 0x00, 0x00, 0x00, 0xff, 0x01, 0x00, 0x00, 0x00, 0xc0, 0x3f, 0x00,
    0x00, 0x00, 0x00, 0xf8, 0x07, 0x00, 0x00, 0x00, 0x00, 0xff, 0x00, 0x00,
    0xc0, 0x03, 0xc0, 0xff, 0x00, 0x00, 0xc0, 0x03, 0xf8, 0xe7, 0x00, 0x00,
    0xc0, 0x03, 0xfe, 0xe1, 0x00, 0x00, 0x00, 0xc0, 0x3f, 0xe0, 0x00, 0x00,
    0x00, 0xc0, 0x07, 0xe0, 0x00, 0x00, 0x00, 0xc0, 0x07, 0xe0, 0x00, 0x00,
    0x00, 0xc0, 0x3f, 0xe0, 0x00, 0x00, 0xc0, 0x03, 0xff, 0xe0, 0x00, 0x00,
    0xc0, 0x03, 0xf8, 0xe7, 0x00, 0x00, 0xc0, 0x03, 0xe0, 0xff, 0x00, 0x00,
    0x00, 0x00, 0x00, 0xff, 0x00, 0x00, 0x00, 0x00, 0x00, 0xfc, 0x07, 0x00,
    0x00, 0x00, 0x00, 0xe0, 0x3f, 0x00, 0x00, 0x00, 0x00, 0x80, 0xff, 0x00,
    0x00, 0x00, 0x00, 0x00, 0xfc, 0x01, 0x00, 0x00, 0x00, 0x00, 0xe0, 0x01,
    0x00, 0x00, 0x00, 0x00, 0x80, 0x01, 0x00, 0x00, 0x00, 0x00, 0x00, 0x00,
    0x00, 0x00, 0x00, 0x00, 0x00, 0x01, 0x00, 0x00, 0x00, 0x00, 0xe0, 0x01,
    0x00, 0x00, 0x00, 0x00, 0xf8, 0x01, 0x00, 0x00, 0x00, 0x00, 0xff, 0x01,
    0x00, 0x00, 0x00, 0xc0, 0x3f, 0x00, 0x00, 0x00, 0x00, 0xf8, 0x07, 0x00,
    0x00, 0x00, 0x00, 0xff, 0x00, 0x00, 0x00, 0x00, 0xc0, 0xff, 0x00, 0x00,
    0x00, 0x3c, 0xf8, 0xe7, 0x00, 0x00, 0x00, 0x7e, 0xfe, 0xe1, 0x00, 0x00,
    0x00, 0xe7, 0x3f, 0xe0, 0x00, 0x00, 0x00, 0xc3, 0x07, 0xe0, 0x00, 0x00,
    0x00, 0xc3, 0x07, 0xe0, 0x00, 0x00, 0x00, 0xc7, 0x3f, 0xe0, 0x00, 0x00,
    0x00, 0xfe, 0xff, 0xe0, 0x00, 0x00, 0x00, 0x3c, 0xf8, 0xe7, 0x00, 0x00,
    0x00, 0x00, 0xe0, 0xff, 0x00, 0x00, 0x00, 0x00, 0x00, 0xff, 0x00, 0x00,
    0x00, 0x00, 0x00, 0xfc, 0x07, 0x00, 0x00, 0x00, 0x00, 0xe0, 0x3f, 0x00,
    0x00, 0x00, 0x00, 0x80, 0xff, 0x00, 0x00, 0x00, 0x00, 0x00, 0xfc, 0x01,
    0x00, 0x00, 0x00, 0x00, 0xe0, 0x01, 0x00, 0x00, 0x00, 0x00, 0x80, 0x01,
    0x00, 0x00, 0x00, 0x00, 0x00, 0x00, 0x00, 0x00, 0x00, 0x00, 0x00, 0x00,
    0x00, 0x00, 0x00, 0x00, 0x00, 0x01, 0x00, 0x00, 0x00, 0x00, 0xc0, 0x01,
    0x00, 0x00, 0x00, 0x00, 0xf0, 0x01, 0x00, 0x00, 0x00, 0x00, 0xfc, 0x01,
    0x00, 0x00, 0x00, 0x80, 0x7f, 0x00, 0x00, 0x00, 0x00, 0xe0, 0x0f, 0x00,
    0x00, 0x00, 0x00, 0xf8, 0x03, 0x00, 0x00, 0x00, 0x00, 0xfe, 0x00, 0x00,
    0x00, 0x00, 0x80, 0xff, 0x00, 0x00, 0x00, 0x00, 0xe0, 0xef, 0x00, 0x00,
    0x00, 0x00, 0xf8, 0xe3, 0x00, 0x00, 0x00, 0x00, 0xfe, 0xe0, 0x00, 0x00,
    0x00, 0x80, 0x3f, 0xe0, 0x00, 0x00, 0x00, 0xc0, 0x0f, 0xe0, 0x00, 0x00,
    0x00, 0xc0, 0x03, 0xe0, 0x00, 0x00, 0x00, 0xc0, 0x01, 0xe0, 0x00, 0x00,
    0x00, 0xc0, 0x01, 0xe0, 0x00, 0x00, 0x00, 0xc0, 0xff, 0xff, 0xff, 0x01,
    0x00, 0xc0, 0xff, 0xff, 0xff, 0x01, 0x00, 0xc0, 0xff, 0xff, 0xff, 0x01,
    0x00, 0xc0, 0x01, 0x0e, 0xc0, 0x01, 0x00, 0xc0, 0x01, 0x0e, 0xc0, 0x01,
    0x00, 0xc0, 0x01, 0x0e, 0xc0, 0x01, 0x00, 0xc0, 0x01, 0x0e, 0xc0, 0x01,
    0x00, 0xc0, 0x01, 0x0e, 0xc0, 0x01, 0x00, 0xc0, 0x01, 0x0e, 0xc0, 0x01,
    0x00, 0xc0, 0x01, 0x0e, 0xc0, 0x01, 0x00, 0xc0, 0x01, 0x0e, 0xc0, 0x01,
    0x00, 0xc0, 0x01, 0x0e, 0xc0, 0x01, 0x00, 0xc0, 0x01, 0x0e, 0xc0, 0x01,
    0x00, 0xc0, 0x01, 0x00, 0xc0, 0x01, 0x00, 0x00, 0x00, 0x00, 0x00, 0x00,
    0x00, 0x00, 0x00, 0x00, 0x00, 0x00, 0x00, 0x00, 0x00, 0x00, 0x00, 0x00,
    0x00, 0x00, 0x00, 0x00, 0x00, 0x00, 0x00, 0x00, 0x00, 0x3e, 0x00, 0x00,
    0x00, 0x00, 0xe0, 0xff, 0x03, 0x00, 0x00, 0x00, 0xf8, 0xff, 0x0f, 0x00,
    0x00, 0x00, 0xfc, 0xff, 0x1f, 0x00, 0x00, 0x00, 0x7e, 0x00, 0x3f, 0x00,
    0x00, 0x00, 0x1f, 0x00, 0x7c, 0x00, 0x00, 0x00, 0x0f, 0x00, 0xf0, 0x00,
    0x00, 0x80, 0x07, 0x00, 0xf0, 0x00, 0x00, 0x80, 0x03, 0x00, 0xe0, 0x00,
    0x00, 0xc0, 0x03, 0x00, 0xc0, 0x01, 0x00, 0xc0, 0x01, 0x00, 0xc0, 0x01,
    0x00, 0xc0, 0x01, 0x00, 0xc0, 0x01, 0x00, 0xc0, 0x01, 0x00, 0xc0, 0x01,
    0x00, 0xc0, 0x01, 0x00, 0xc0, 0x01, 0x00, 0xc0, 0x01, 0x00, 0xc0, 0x01,
    0x00, 0xc0, 0x01, 0x00, 0xc0, 0x01, 0x00, 0xc0, 0x01, 0x00, 0xc0, 0x01,
    0x00, 0xc0, 0x03, 0x00, 0xc0, 0x01, 0x00, 0x80, 0x03, 0x00, 0xe0, 0x00,
    0x00, 0x80, 0x03, 0x00, 0xe0, 0x00, 0x00, 0x80, 0x00, 0x00, 0x00, 0x00,
    0x00, 0x00, 0x00, 0x00, 0x00, 0x00, 0x00, 0x00, 0x00, 0x00, 0x00, 0x00,
    0x00, 0x00, 0x00, 0x00, 0x00, 0x00, 0x00, 0x00, 0x00, 0x00, 0x00, 0x00,
    0x00, 0x00, 0x00, 0x00, 0x00, 0x00, 0x00, 0xc0, 0xff, 0xff, 0xff, 0x01,
    0x00, 0xc0, 0xff, 0xff, 0xff, 0x01, 0x00, 0xc0, 0xff, 0xff, 0xff, 0x01,
    0x60, 0xc0, 0x01, 0x0e, 0xc0, 0x01, 0xe0, 0xc0, 0x01, 0x0e, 0xc0, 0x01,
    0xe0, 0xc1, 0x01, 0x0e, 0xc0, 0x01, 0xe0, 0xc3, 0x01, 0x0e, 0xc0, 0x01,
    0x80, 0xc7, 0x01, 0x0e, 0xc0, 0x01, 0x00, 0xc7, 0x01, 0x0e, 0xc0, 0x01,
    0x00, 0xc4, 0x01, 0x0e, 0xc0, 0x01, 0x00, 0xc0, 0x01, 0x0e, 0xc0, 0x01,
    0x00, 0xc0, 0x01, 0x0e, 0xc0, 0x01, 0x00, 0xc0, 0x01, 0x0e, 0xc0, 0x01,
    0x00, 0xc0, 0x01, 0x0e, 0xc0, 0x01, 0x00, 0xc0, 0x01, 0x00, 0xc0, 0x01,
    0x00, 0x00, 0x00, 0x00, 0x00, 0x00, 0x00, 0x00, 0x00, 0x00, 0x00, 0x00,
    0x00, 0x00, 0x00, 0x00, 0x00, 0x00, 0x00, 0x00, 0x00, 0x00, 0x00, 0x00,
    0x00, 0x00, 0x00, 0x00, 0x00, 0x00, 0x00, 0x00, 0x00, 0x00, 0x00, 0x00,
    0x00, 0xc0, 0xff, 0xff, 0xff, 0x01, 0x00, 0xc0, 0xff, 0xff, 0xff, 0x01,
    0x00, 0xc0, 0xff, 0xff, 0xff, 0x01, 0x00, 0xc0, 0x01, 0x0e, 0xc0, 0x01,
    0x00, 0xc0, 0x01, 0x0e, 0xc0, 0x01, 0x00, 0xc4, 0x01, 0x0e, 0xc0, 0x01,
    0x00, 0xc6, 0x01, 0x0e, 0xc0, 0x01, 0x80, 0xc7, 0x01, 0x0e, 0xc0, 0x01,
    0xc0, 0xc3, 0x01, 0x0e, 0xc0, 0x01, 0xe0, 0xc1, 0x01, 0x0e, 0xc0, 0x01,
    0xe0, 0xc0, 0x01, 0x0e, 0xc0, 0x01, 0x60, 0xc0, 0x01, 0x0e, 0xc0, 0x01,
    0x20, 0xc0, 0x01, 0x0e, 0xc0, 0x01, 0x00, 0xc0, 0x01, 0x0e, 0xc0, 0x01,
    0x00, 0xc0, 0x01, 0x00, 0xc0, 0x01, 0x00, 0x00, 0x00, 0x00, 0x00, 0x00,
    0x00, 0x00, 0x00, 0x00, 0x00, 0x00, 0x00, 0x00, 0x00, 0x00, 0x00, 0x00,
    0x00, 0x00, 0x00, 0x00, 0x00, 0x00, 0x00, 0x00, 0x00, 0x00, 0x00, 0x00,
    0x00, 0x00, 0x00, 0x00, 0x00, 0x00, 0x00, 0xc0, 0xff, 0xff, 0xff, 0x01,
    0x00, 0xc4, 0xff, 0xff, 0xff, 0x01, 0x00, 0xc6, 0xff, 0xff, 0xff, 0x01,
    0x00, 0xc7, 0x01, 0x0e, 0xc0, 0x01, 0x80, 0xc3, 0x01, 0x0e, 0xc0, 0x01,
    0xc0, 0xc3, 0x01, 0x0e, 0xc0, 0x01, 0xe0, 0xc1, 0x01, 0x0e, 0xc0, 0x01,
    0xe0, 0xc0, 0x01, 0x0e, 0xc0, 0x01, 0xe0, 0xc0, 0x01, 0x0e, 0xc0, 0x01,
    0xe0, 0xc1, 0x01, 0x0e, 0xc0, 0x01, 0x80, 0xc3, 0x01, 0x0e, 0xc0, 0x01,
    0x00, 0xc7, 0x01, 0x0e, 0xc0, 0x01, 0x00, 0xc6, 0x01, 0x0e, 0xc0, 0x01,
    0x00, 0xc4, 0x01, 0x0e, 0xc0, 0x01, 0x00, 0xc0, 0x01, 0x00, 0xc0, 0x01,
    0x00, 0x00, 0x00, 0x00, 0x00, 0x00, 0x00, 0x00, 0x00, 0x00, 0x00, 0x00,
    0x00, 0x00, 0x00, 0x00, 0x00, 0x00, 0x00, 0x00, 0x00, 0x00, 0x00, 0x00,
    0x00, 0x00, 0x00, 0x00, 0x00, 0x00, 0x00, 0x00, 0x00, 0x00, 0x00, 0x00,
    0x00, 0xc0, 0xff, 0xff, 0xff, 0x01, 0x00, 0xc0, 0xff, 0xff, 0xff, 0x01,
    0x80, 0xc1, 0xff, 0xff, 0xff, 0x01, 0xc0, 0xc3, 0x01, 0x0e, 0xc0, 0x01,
    0xc0, 0xc3, 0x01, 0x0e, 0xc0, 0x01, 0x80, 0xc1, 0x01, 0x0e, 0xc0, 0x01,
    0x00, 0xc0, 0x01, 0x0e, 0xc0, 0x01, 0x00, 0xc0, 0x01, 0x0e, 0xc0, 0x01,
    0x00, 0xc0, 0x01, 0x0e, 0xc0, 0x01, 0x80, 0xc1, 0x01, 0x0e, 0xc0, 0x01,
    0xc0, 0xc3, 0x01, 0x0e, 0xc0, 0x01, 0xc0, 0xc3, 0x01, 0x0e, 0xc0, 0x01,
    0x80, 0xc1, 0x01, 0x0e, 0xc0, 0x01, 0x00, 0xc0, 0x01, 0x0e, 0xc0, 0x01,
    0x00, 0xc0, 0x01, 0x00, 0xc0, 0x01, 0x00, 0x00, 0x00, 0x00, 0x00, 0x00,
    0x00, 0x00, 0x00, 0x00, 0x00, 0x00, 0x00, 0x00, 0x00, 0x00, 0x00, 0x00,
    0x00, 0x00, 0x00, 0x00, 0x00, 0x00, 0x60, 0xc0, 0x01, 0x00, 0x80, 0x01,
    0xe0, 0xc0, 0x01, 0x00, 0x80, 0x01, 0xe0, 0xc1, 0x01, 0x00, 0xc0, 0x01,
    0xe0, 0xc3, 0xff, 0xff, 0xff, 0x01, 0x80, 0xc7, 0xff, 0xff, 0xff, 0x01,
    0x00, 0xc7, 0xff, 0xff, 0xff, 0x01, 0x00, 0xc4, 0x01, 0x00, 0xc0, 0x01,
    0x00, 0xc0, 0x01, 0x00, 0x80, 0x01, 0x00, 0xc0, 0x01, 0x00, 0x80, 0x01,
    0x00, 0x00, 0x00, 0x00, 0x00, 0x00, 0x00, 0x00, 0x00, 0x00, 0x00, 0x00,
    0x00, 0x00, 0x00, 0x00, 0x00, 0x00, 0x00, 0x00, 0x00, 0x00, 0x00, 0x00,
    0x00, 0xc0, 0x01, 0x00, 0x80, 0x01, 0x00, 0xc0, 0x01, 0x00, 0x80, 0x01,
    0x00, 0xc4, 0x01, 0x00, 0xc0, 0x01, 0x00, 0xc6, 0xff, 0xff, 0xff, 0x01,
    0x80, 0xc7, 0xff, 0xff, 0xff, 0x01, 0xe0, 0xc3, 0xff, 0xff, 0xff, 0x01,
    0xe0, 0xc1, 0x01, 0x00, 0xc0, 0x01, 0xe0, 0xc0, 0x01, 0x00, 0x80, 0x01,
    0x60, 0xc0, 0x01, 0x00, 0x80, 0x01, 0x20, 0x00, 0x00, 0x00, 0x00, 0x00,
    0x00, 0x00, 0x00, 0x00, 0x00, 0x00, 0x00, 0x04, 0x00, 0x00, 0x00, 0x00,
    0x00, 0x06, 0x00, 0x00, 0x00, 0x00, 0x00, 0xc7, 0x01, 0x00, 0x80, 0x01,
    0x80, 0xc3, 0x01, 0x00, 0x80, 0x01, 0xe0, 0xc1, 0x01, 0x00, 0xc0, 0x01,
    0xe0, 0xc1, 0xff, 0xff, 0xff, 0x01, 0xe0, 0xc0, 0xff, 0xff, 0xff, 0x01,
    0xe0, 0xc1, 0xff, 0xff, 0xff, 0x01, 0xe0, 0xc1, 0x01, 0x00, 0xc0, 0x01,
    0x80, 0xc3, 0x01, 0x00, 0x80, 0x01, 0x00, 0xc7, 0x01, 0x00, 0x80, 0x01,
    0x00, 0x06, 0x00, 0x00, 0x00, 0x00, 0x00, 0x04, 0x00, 0x00, 0x00, 0x00,
    0x00, 0x00, 0x00, 0x00, 0x00, 0x00, 0x80, 0x01, 0x00, 0x00, 0x00, 0x00,
    0xc0, 0xc3, 0x01, 0x00, 0x80, 0x01, 0xc0, 0xc3, 0x01, 0x00, 0x80, 0x01,
    0x80, 0xc1, 0x01, 0x00, 0xc0, 0x01, 0x00, 0xc0, 0xff, 0xff, 0xff, 0x01,
    0x00, 0xc0, 0xff, 0xff, 0xff, 0x01, 0x00, 0xc0, 0xff, 0xff, 0xff, 0x01,
    0x80, 0xc1, 0x01, 0x00, 0xc0, 0x01, 0xc0, 0xc3, 0x01, 0x00, 0x80, 0x01,
    0xc0, 0xc3, 0x01, 0x00, 0x80, 0x01, 0x80, 0x01, 0x00, 0x00, 0x00, 0x00,
    0x00, 0x00, 0x00, 0x00, 0x00, 0x00, 0x00, 0x00, 0x00, 0x00, 0x00, 0x00,
    0x00, 0x00, 0x00, 0x1c, 0x00, 0x00, 0x00, 0x00, 0x00, 0x1c, 0x00, 0x00,
    0x00, 0x00, 0x00, 0x1c, 0x00, 0x00, 0x00, 0xc0, 0xff, 0xff, 0xff, 0x01,
    0x00, 0xc0, 0xff, 0xff, 0xff, 0x01, 0x00, 0xc0, 0xff, 0xff, 0xff, 0x01,
    0x00, 0xc0, 0x01, 0x1c, 0xc0, 0x01, 0x00, 0xc0, 0x01, 0x1c, 0xc0, 0x01,
    0x00, 0xc0, 0x01, 0x1c, 0xc0, 0x01, 0x00, 0xc0, 0x01, 0x1c, 0xc0, 0x01,
    0x00, 0xc0, 0x01, 0x1c, 0xc0, 0x01, 0x00, 0xc0, 0x01, 0x1c, 0xc0, 0x01,
    0x00, 0xc0, 0x01, 0x1c, 0xc0, 0x01, 0x00, 0xc0, 0x01, 0x00, 0xc0, 0x01,
    0x00, 0xc0, 0x01, 0x00, 0xc0, 0x01, 0x00, 0x80, 0x03, 0x00, 0xe0, 0x00,
    0x00, 0x80, 0x03, 0x00, 0xe0, 0x00, 0x00, 0x80, 0x07, 0x00, 0xf0, 0x00,
    0x00, 0x00, 0x0f, 0x00, 0x78, 0x00, 0x00, 0x00, 0x1f, 0x00, 0x3e, 0x00,
    0x00, 0x00, 0xfe, 0xc0, 0x3f, 0x00, 0x00, 0x00, 0xfc, 0xff, 0x1f, 0x00,
    0x00, 0x00, 0xf0, 0xff, 0x07, 0x00, 0x00, 0x00, 0xc0, 0xff, 0x01, 0x00,
    0x00, 0x00, 0x00, 0x00, 0x00, 0x00, 0x00, 0x00, 0x00, 0x00, 0x00, 0x00,
    0x00, 0x00, 0x00, 0x00, 0x00, 0x00, 0x00, 0x00, 0x00, 0x00, 0x00, 0x00,
    0x00, 0x00, 0x00, 0x00, 0x00, 0x00, 0x00, 0x00, 0x00, 0x00, 0x00, 0x00,
    0x00, 0x00, 0x00, 0x00, 0x00, 0x00, 0x00, 0xc0, 0xff, 0xff, 0xff, 0x01,
    0x00, 0xc0, 0xff, 0xff, 0xff, 0x01, 0x00, 0xc0, 0xff, 0xff, 0xff, 0x01,
    0x00, 0xc0, 0x0f, 0x00, 0x00, 0x00, 0x00, 0x87, 0x3f, 0x00, 0x00, 0x00,
    0x80, 0x07, 0x7e, 0x00, 0x00, 0x00, 0xc0, 0x01, 0xfc, 0x01, 0x00, 0x00,
    0xc0, 0x01, 0xf0, 0x03, 0x00, 0x00, 0xc0, 0x01, 0xc0, 0x0f, 0x00, 0x00,
    0xc0, 0x03, 0x80, 0x1f, 0x00, 0x00, 0x80, 0x03, 0x00, 0x7e, 0x00, 0x00,
    0x00, 0x07, 0x00, 0xfc, 0x00, 0x00, 0x00, 0x07, 0x00, 0xf0, 0x03, 0x00,
    0x00, 0x07, 0x00, 0xe0, 0x07, 0x00, 0x00, 0x07, 0x00, 0x80, 0x1f, 0x00,
    0xc0, 0x03, 0x00, 0x00, 0x3f, 0x00, 0xc0, 0x01, 0x00, 0x00, 0xfc, 0x00,
    0x00, 0x00, 0x00, 0x00, 0xf0, 0x01, 0x00, 0xc0, 0xff, 0xff, 0xff, 0x01,
    0x00, 0xc0, 0xff, 0xff, 0xff, 0x01, 0x00, 0xc0, 0xff, 0xff, 0xff, 0x01,
    0x00, 0x00, 0x00, 0x00, 0x00, 0x00, 0x00, 0x00, 0x00, 0x00, 0x00, 0x00,
    0x00, 0x00, 0x00, 0x00, 0x00, 0x00, 0x00, 0x00, 0x00, 0x00, 0x00, 0x00,
    0x00, 0x00, 0x00, 0x00, 0x00, 0x00, 0x00, 0x00, 0x00, 0x00, 0x00, 0x00,
    0x00, 0x00, 0x00, 0x3e, 0x00, 0x00, 0x00, 0x00, 0xe0, 0xff, 0x03, 0x00,
    0x00, 0x00, 0xf8, 0xff, 0x0f, 0x00, 0x00, 0x00, 0xfc, 0xff, 0x1f, 0x00,
    0x00, 0x00, 0x7e, 0x00, 0x3f, 0x00, 0x00, 0x00, 0x1f, 0x00, 0x7c, 0x00,
    0x00, 0x80, 0x07, 0x00, 0xf0, 0x00, 0x00, 0x80, 0x03, 0x00, 0xe0, 0x00,
    0x20, 0x80, 0x03, 0x00, 0xe0, 0x00, 0x60, 0xc0, 0x01, 0x00, 0xc0, 0x01,
    0xe0, 0xc0, 0x01, 0x00, 0xc0, 0x01, 0xe0, 0xc1, 0x01, 0x00, 0xc0, 0x01,
    0xc0, 0xc3, 0x01, 0x00, 0xc0, 0x01, 0x00, 0xc7, 0x01, 0x00, 0xc0, 0x01,
    0x00, 0xc6, 0x01, 0x00, 0xc0, 0x01, 0x00, 0xc0, 0x01, 0x00, 0xc0, 0x01,
    0x00, 0xc0, 0x01, 0x00, 0xc0, 0x01, 0x00, 0x80, 0x03, 0x00, 0xe0, 0x00,
    0x00, 0x80, 0x07, 0x00, 0xf0, 0x00, 0x00, 0x00, 0x0f, 0x00, 0x78, 0x00,
    0x00, 0x00, 0x1f, 0x00, 0x7c, 0x00, 0x00, 0x00, 0xfe, 0xc1, 0x3f, 0x00,
    0x00, 0x00, 0xfc, 0xff, 0x1f, 0x00, 0x00, 0x00, 0xf0, 0xff, 0x07, 0x00,
    0x00, 0x00, 0xc0, 0xff, 0x01, 0x00, 0x00, 0x00, 0x00, 0x00, 0x00, 0x00,
    0x00, 0x00, 0x00, 0x00, 0x00, 0x00, 0x00, 0x00, 0x00, 0x00, 0x00, 0x00,
    0x00, 0x00, 0x00, 0x00, 0x00, 0x00, 0x00, 0x00, 0x00, 0x00, 0x00, 0x00,
    0x00, 0x00, 0x00, 0x3e, 0x00, 0x00, 0x00, 0x00, 0xe0, 0xff, 0x03, 0x00,
    0x00, 0x00, 0xf8, 0xff, 0x0f, 0x00, 0x00, 0x00, 0xfc, 0xff, 0x1f, 0x00,
    0x00, 0x00, 0x7e, 0x00, 0x3f, 0x00, 0x00, 0x00, 0x1f, 0x00, 0x7c, 0x00,
    0x00, 0x80, 0x07, 0x00, 0xf0, 0x00, 0x00, 0x80, 0x03, 0x00, 0xe0, 0x00,
    0x00, 0x80, 0x03, 0x00, 0xe0, 0x00, 0x00, 0xc0, 0x01, 0x00, 0xc0, 0x01,
    0x00, 0xc0, 0x01, 0x00, 0xc0, 0x01, 0x00, 0xc6, 0x01, 0x00, 0xc0, 0x01,
    0x00, 0xc7, 0x01, 0x00, 0xc0, 0x01, 0xc0, 0xc3, 0x01, 0x00, 0xc0, 0x01,
    0xe0, 0xc3, 0x01, 0x00, 0xc0, 0x01, 0xe0, 0xc1, 0x01, 0x00, 0xc0, 0x01,
    0x60, 0xc0, 0x01, 0x00, 0xc0, 0x01, 0x20, 0x80, 0x03, 0x00, 0xe0, 0x00,
    0x00, 0x80, 0x07, 0x00, 0xf0, 0x00, 0x00, 0x00, 0x0f, 0x00, 0x78, 0x00,
    0x00, 0x00, 0x1f, 0x00, 0x7c, 0x00, 0x00, 0x00, 0xfe, 0xc1, 0x3f, 0x00,
    0x00, 0x00, 0xfc, 0xff, 0x1f, 0x00, 0x00, 0x00, 0xf0, 0xff, 0x07, 0x00,
    0x00, 0x00, 0xc0, 0xff, 0x01, 0x00, 0x00, 0x00, 0x00, 0x00, 0x00, 0x00,
    0x00, 0x00, 0x00, 0x00, 0x00, 0x00, 0x00, 0x00, 0x00, 0x00, 0x00, 0x00,
    0x00, 0x00, 0x00, 0x00, 0x00, 0x00, 0x00, 0x00, 0x00, 0x00, 0x00, 0x00,
    0x00, 0x00, 0x00, 0x3e, 0x00, 0x00, 0x00, 0x00, 0xe0, 0xff, 0x03, 0x00,
    0x00, 0x00, 0xf8, 0xff, 0x0f, 0x00, 0x00, 0x00, 0xfc, 0xff, 0x1f, 0x00,
    0x00, 0x00, 0x7e, 0x00, 0x3f, 0x00, 0x00, 0x00, 0x1f, 0x00, 0x7c, 0x00,
    0x00, 0x80, 0x07, 0x00, 0xf0, 0x00, 0x00, 0x84, 0x03, 0x00, 0xe0, 0x00,
    0x00, 0x87, 0x03, 0x00, 0xe0, 0x00, 0x80, 0xc3, 0x01, 0x00, 0xc0, 0x01,
    0xc0, 0xc3, 0x01, 0x00, 0xc0, 0x01, 0xe0, 0xc1, 0x01, 0x00, 0xc0, 0x01,
    0xe0, 0xc0, 0x01, 0x00, 0xc0, 0x01, 0xe0, 0xc0, 0x01, 0x00, 0xc0, 0x01,
    0xe0, 0xc1, 0x01, 0x00, 0xc0, 0x01, 0xc0, 0xc3, 0x01, 0x00, 0xc0, 0x01,
    0x00, 0xc7, 0x01, 0x00, 0xc0, 0x01, 0x00, 0x86, 0x03, 0x00, 0xe0, 0x00,
    0x00, 0x84, 0x07, 0x00, 0xf0, 0x00, 0x00, 0x00, 0x0f, 0x00, 0x78, 0x00,
    0x00, 0x00, 0x1f, 0x00, 0x7c, 0x00, 0x00, 0x00, 0xfe, 0xc1, 0x3f, 0x00,
    0x00, 0x00, 0xfc, 0xff, 0x1f, 0x00, 0x00, 0x00, 0xf0, 0xff, 0x07, 0x00,
    0x00, 0x00, 0xc0, 0xff, 0x01, 0x00, 0x00, 0x00, 0x00, 0x00, 0x00, 0x00,
    0x00, 0x00, 0x00, 0x00, 0x00, 0x00, 0x00, 0x00, 0x00, 0x00, 0x00, 0x00,
    0x00, 0x00, 0x00, 0x00, 0x00, 0x00, 0x00, 0x00, 0x00, 0x00, 0x00, 0x00,
    0x00, 0x00, 0x00, 0x3e, 0x00, 0x00, 0x00, 0x00, 0xe0, 0xff, 0x03, 0x00,
    0x00, 0x00, 0xf8, 0xff, 0x0f, 0x00, 0x00, 0x00, 0xfc, 0xff, 0x1f, 0x00,
    0x00, 0x00, 0x7e, 0x00, 0x3f, 0x00, 0x00, 0x00, 0x1f, 0x00, 0x7c, 0x00,
    0x00, 0x86, 0x07, 0x00, 0xf0, 0x00, 0x80, 0x87, 0x03, 0x00, 0xe0, 0x00,
    0xc0, 0x81, 0x03, 0x00, 0xe0, 0x00, 0xc0, 0xc1, 0x01, 0x00, 0xc0, 0x01,
    0xc0, 0xc1, 0x01, 0x00, 0xc0, 0x01, 0xc0, 0xc1, 0x01, 0x00, 0xc0, 0x01,
    0x80, 0xc3, 0x01, 0x00, 0xc0, 0x01, 0x80, 0xc3, 0x01, 0x00, 0xc0, 0x01,
    0x00, 0xc7, 0x01, 0x00, 0xc0, 0x01, 0x00, 0xc7, 0x01, 0x00, 0xc0, 0x01,
    0x00, 0xc7, 0x01, 0x00, 0xc0, 0x01, 0x80, 0x87, 0x03, 0x00, 0xe0, 0x00,
    0xc0, 0x83, 0x07, 0x00, 0xf0, 0x00, 0x40, 0x00, 0x0f, 0x00, 0x78, 0x00,
    0x00, 0x00, 0x1f, 0x00, 0x7c, 0x00, 0x00, 0x00, 0xfe, 0xc1, 0x3f, 0x00,
    0x00, 0x00, 0xfc, 0xff, 0x1f, 0x00, 0x00, 0x00, 0xf0, 0xff, 0x07, 0x00,
    0x00, 0x00, 0xc0, 0xff, 0x01, 0x00, 0x00, 0x00, 0x00, 0x00, 0x00, 0x00,
    0x00, 0x00, 0x00, 0x00, 0x00, 0x00, 0x00, 0x00, 0x00, 0x00, 0x00, 0x00,
    0x00, 0x00, 0x00, 0x00, 0x00, 0x00, 0x00, 0x00, 0x00, 0x00, 0x00, 0x00,
    0x00, 0x00, 0x00, 0x3e, 0x00, 0x00, 0x00, 0x00, 0xe0, 0xff, 0x03, 0x00,
    0x00, 0x00, 0xf8, 0xff, 0x0f, 0x00, 0x00, 0x00, 0xfc, 0xff, 0x1f, 0x00,
    0x00, 0x00, 0x7e, 0x00, 0x3f, 0x00, 0x00, 0x00, 0x1f, 0x00, 0x7c, 0x00,
    0x00, 0x80, 0x07, 0x00, 0xf0, 0x00, 0x00, 0x80, 0x03, 0x00, 0xe0, 0x00,
    0xc0, 0x83, 0x03, 0x00, 0xe0, 0x00, 0xc0, 0xc3, 0x01, 0x00, 0xc0, 0x01,
    0x80, 0xc1, 0x01, 0x00, 0xc0, 0x01, 0x00, 0xc0, 0x01, 0x00, 0xc0, 0x01,
    0x00, 0xc0, 0x01, 0x00, 0xc0, 0x01, 0x00, 0xc0, 0x01, 0x00, 0xc0, 0x01,
    0x00, 0xc0, 0x01, 0x00, 0xc0, 0x01, 0xc0, 0xc3, 0x01, 0x00, 0xc0, 0x01,
    0xc0, 0xc3, 0x01, 0x00, 0xc0, 0x01, 0xc0, 0x83, 0x03, 0x00, 0xe0, 0x00,
    0x00, 0x80, 0x07, 0x00, 0xf0, 0x00, 0x00, 0x00, 0x0f, 0x00, 0x78, 0x00,
    0x00, 0x00, 0x1f, 0x00, 0x7c, 0x00, 0x00, 0x00, 0xfe, 0xc1, 0x3f, 0x00,
    0x00, 0x00, 0xfc, 0xff, 0x1f, 0x00, 0x00, 0x00, 0xf0, 0xff, 0x07, 0x00,
    0x00, 0x00, 0xc0, 0xff, 0x01, 0x00, 0x00, 0x00, 0x00, 0x00, 0x00, 0x00,
    0x00, 0x00, 0x00, 0x00, 0x00, 0x00, 0x00, 0x00, 0x00, 0x00, 0x00, 0x00,
    0x00, 0x00, 0x00, 0x00, 0x00, 0x00, 0x00, 0x00, 0x00, 0x00, 0x00, 0x00,
    0x00, 0x00, 0x00, 0x00, 0x00, 0x00, 0x00, 0x00, 0x30, 0x00, 0x06, 0x00,
    0x00, 0x00, 0x78, 0x00, 0x0f, 0x00, 0x00, 0x00, 0xf0, 0x80, 0x07, 0x00,
    0x00, 0x00, 0xe0, 0xc1, 0x03, 0x00, 0x00, 0x00, 0xc0, 0xe3, 0x01, 0x00,
    0x00, 0x00, 0x80, 0xf7, 0x00, 0x00, 0x00, 0x00, 0x00, 0x7f, 0x00, 0x00,
    0x00, 0x00, 0x00, 0x3e, 0x00, 0x00, 0x00, 0x00, 0x00, 0x3e, 0x00, 0x00,
    0x00, 0x00, 0x00, 0x7f, 0x00, 0x00, 0x00, 0x00, 0x80, 0xf7, 0x00, 0x00,
    0x00, 0x00, 0xc0, 0xe3, 0x01, 0x00, 0x00, 0x00, 0xe0, 0xc1, 0x03, 0x00,
    0x00, 0x00, 0xf0, 0x80, 0x07, 0x00, 0x00, 0x00, 0x78, 0x00, 0x0f, 0x00,
    0x00, 0x00, 0x30, 0x00, 0x06, 0x00, 0x00, 0x00, 0x00, 0x00, 0x00, 0x00,
    0x00, 0x00, 0x00, 0x00, 0x00, 0x00, 0x00, 0x00, 0x00, 0x00, 0x00, 0x00,
    0x00, 0x00, 0x00, 0x00, 0x00, 0x00, 0x00, 0x00, 0x00, 0x00, 0x00, 0x00,
    0x00, 0x00, 0x00, 0x3e, 0x00, 0x00, 0x00, 0x00, 0xe0, 0xff, 0x03, 0x00,
    0x00, 0x00, 0xf8, 0xff, 0x8f, 0x01, 0x00, 0x00, 0xfc, 0xff, 0xff, 0x01,
    0x00, 0x00, 0x7e, 0x00, 0xff, 0x01, 0x00, 0x00, 0x1f, 0x00, 0xfc, 0x00,
    0x00, 0x80, 0x07, 0x00, 0xfc, 0x00, 0x00, 0x80, 0x03, 0x00, 0xff, 0x00,
    0x00, 0x80, 0x03, 0x80, 0xef, 0x00, 0x00, 0xc0, 0x01, 0xc0, 0xc3, 0x01,
    0x00, 0xc0, 0x01, 0xf0, 0xc1, 0x01, 0x00, 0xc0, 0x01, 0xf8, 0xc0, 0x01,
    0x00, 0xc0, 0x01, 0x3c, 0xc0, 0x01, 0x00, 0xc0, 0x01, 0x1f, 0xc0, 0x01,
    0x00, 0xc0, 0x81, 0x07, 0xc0, 0x01, 0x00, 0xc0, 0xe1, 0x03, 0xc0, 0x01,
    0x00, 0xc0, 0xf3, 0x01, 0xc0, 0x01, 0x00, 0x80, 0x7b, 0x00, 0xe0, 0x00,
    0x00, 0x80, 0x3f, 0x00, 0xf0, 0x00, 0x00, 0x80, 0x1f, 0x00, 0x78, 0x00,
    0x00, 0xc0, 0x1f, 0x00, 0x7c, 0x00, 0x00, 0xe0, 0xff, 0xc1, 0x3f, 0x00,
    0x00, 0xc0, 0xfc, 0xff, 0x1f, 0x00, 0x00, 0x00, 0xf0, 0xff, 0x07, 0x00,
    0x00, 0x00, 0xc0, 0xff, 0x01, 0x00, 0x00, 0x00, 0x00, 0x00, 0x00, 0x00,
    0x00, 0x00, 0x00, 0x00, 0x00, 0x00, 0x00, 0x00, 0x00, 0x00, 0x00, 0x00,
    0x00, 0x00, 0x00, 0x00, 0x00, 0x00, 0x00, 0x00, 0x00, 0x00, 0x00, 0x00,
    0x00, 0x00, 0x00, 0x00, 0x00, 0x00, 0x00, 0xc0, 0xff, 0xff, 0x00, 0x00,
    0x00, 0xc0, 0xff, 0xff, 0x0f, 0x00, 0x00, 0xc0, 0xff, 0xff, 0x3f, 0x00,
    0x00, 0xc0, 0xff, 0xff, 0x7f, 0x00, 0x00, 0x00, 0x00, 0x00, 0x78, 0x00,
    0x00, 0x00, 0x00, 0x00, 0xf0, 0x00, 0x20, 0x00, 0x00, 0x00, 0xe0, 0x00,
    0x60, 0x00, 0x00, 0x00, 0xc0, 0x01, 0xe0, 0x00, 0x00, 0x00, 0xc0, 0x01,
    0xe0, 0x01, 0x00, 0x00, 0xc0, 0x01, 0xc0, 0x03, 0x00, 0x00, 0xc0, 0x01,
    0x00, 0x07, 0x00, 0x00, 0xc0, 0x01, 0x00, 0x06, 0x00, 0x00, 0xc0, 0x01,
    0x00, 0x00, 0x00, 0x00, 0xc0, 0x01, 0x00, 0x00, 0x00, 0x00, 0xc0, 0x01,
    0x00, 0x00, 0x00, 0x00, 0xe0, 0x00, 0x00, 0x00, 0x00, 0x00, 0xf0, 0x00,
    0x00, 0x00, 0x00, 0x00, 0x7c, 0x00, 0x00, 0xc0, 0xff, 0xff, 0x3f, 0x00,
    0x00, 0xc0, 0xff, 0xff, 0x1f, 0x00, 0x00, 0xc0, 0xff, 0xff, 0x07, 0x00,
    0x00, 0x00, 0x00, 0x00, 0x00, 0x00, 0x00, 0x00, 0x00, 0x00, 0x00, 0x00,
    0x00, 0x00, 0x00, 0x00, 0x00, 0x00, 0x00, 0x00, 0x00, 0x00, 0x00, 0x00,
    0x00, 0x00, 0x00, 0x00, 0x00, 0x00, 0x00, 0x00, 0x00, 0x00, 0x00, 0x00,
    0x00, 0x00, 0x00, 0x00, 0x00, 0x00, 0x00, 0xc0, 0xff, 0xff, 0x00, 0x00,
    0x00, 0xc0, 0xff, 0xff, 0x0f, 0x00, 0x00, 0xc0, 0xff, 0xff, 0x3f, 0x00,
    0x00, 0xc0, 0xff, 0xff, 0x7f, 0x00, 0x00, 0x00, 0x00, 0x00, 0x78, 0x00,
    0x00, 0x00, 0x00, 0x00, 0xf0, 0x00, 0x00, 0x00, 0x00, 0x00, 0xe0, 0x00,
    0x00, 0x00, 0x00, 0x00, 0xc0, 0x01, 0x00, 0x00, 0x00, 0x00, 0xc0, 0x01,
    0x00, 0x06, 0x00, 0x00, 0xc0, 0x01, 0x00, 0x07, 0x00, 0x00, 0xc0, 0x01,
    0xc0, 0x03, 0x00, 0x00, 0xc0, 0x01, 0xe0, 0x03, 0x00, 0x00, 0xc0, 0x01,
    0xe0, 0x01, 0x00, 0x00, 0xc0, 0x01, 0xe0, 0x00, 0x00, 0x00, 0xc0, 0x01,
    0x20, 0x00, 0x00, 0x00, 0xe0, 0x00, 0x00, 0x00, 0x00, 0x00, 0xf0, 0x00,
    0x00, 0x00, 0x00, 0x00, 0x7c, 0x00, 0x00, 0xc0, 0xff, 0xff, 0x3f, 0x00,
    0x00, 0xc0, 0xff, 0xff, 0x1f, 0x00, 0x00, 0xc0, 0xff, 0xff, 0x07, 0x00,
    0x00, 0x00, 0x00, 0x00, 0x00, 0x00, 0x00, 0x00, 0x00, 0x00, 0x00, 0x00,
    0x00, 0x00, 0x00, 0x00, 0x00, 0x00, 0x00, 0x00, 0x00, 0x00, 0x00, 0x00,
    0x00, 0x00, 0x00, 0x00, 0x00, 0x00, 0x00, 0x00, 0x00, 0x00, 0x00, 0x00,
    0x00, 0x00, 0x00, 0x00, 0x00, 0x00, 0x00, 0xc0, 0xff, 0xff, 0x00, 0x00,
    0x00, 0xc0, 0xff, 0xff, 0x0f, 0x00, 0x00, 0xc0, 0xff, 0xff, 0x3f, 0x00,
    0x00, 0xc0, 0xff, 0xff, 0x7f, 0x00, 0x00, 0x00, 0x00, 0x00, 0x78, 0x00,
    0x00, 0x04, 0x00, 0x00, 0xf0, 0x00, 0x00, 0x07, 0x00, 0x00, 0xe0, 0x00,
    0x80, 0x07, 0x00, 0x00, 0xc0, 0x01, 0xc0, 0x03, 0x00, 0x00, 0xc0, 0x01,
    0xe0, 0x01, 0x00, 0x00, 0xc0, 0x01, 0xe0, 0x00, 0x00, 0x00, 0xc0, 0x01,
    0xe0, 0x00, 0x00, 0x00, 0xc0, 0x01, 0xe0, 0x01, 0x00, 0x00, 0xc0, 0x01,
    0xc0, 0x03, 0x00, 0x00, 0xc0, 0x01, 0x80, 0x07, 0x00, 0x00, 0xc0, 0x01,
    0x00, 0x06, 0x00, 0x00, 0xe0, 0x00, 0x00, 0x04, 0x00, 0x00, 0xf0, 0x00,
    0x00, 0x00, 0x00, 0x00, 0x7c, 0x00, 0x00, 0xc0, 0xff, 0xff, 0x3f, 0x00,
    0x00, 0xc0, 0xff, 0xff, 0x1f, 0x00, 0x00, 0xc0, 0xff, 0xff, 0x07, 0x00,
    0x00, 0x00, 0x00, 0x00, 0x00, 0x00, 0x00, 0x00, 0x00, 0x00, 0x00, 0x00,
    0x00, 0x00, 0x00, 0x00, 0x00, 0x00, 0x00, 0x00, 0x00, 0x00, 0x00, 0x00,
    0x00, 0x00, 0x00, 0x00, 0x00, 0x00, 0x00, 0x00, 0x00, 0x00, 0x00, 0x00,
    0x00, 0x00, 0x00, 0x00, 0x00, 0x00, 0x00, 0xc0, 0xff, 0xff, 0x00, 0x00,
    0x00, 0xc0, 0xff, 0xff, 0x0f, 0x00, 0x00, 0xc0, 0xff, 0xff, 0x3f, 0x00,
    0x00, 0xc0, 0xff, 0xff, 0x7f, 0x00, 0x00, 0x00, 0x00, 0x00, 0x78, 0x00,
    0x00, 0x00, 0x00, 0x00, 0xf0, 0x00, 0xc0, 0x03, 0x00, 0x00, 0xe0, 0x00,
    0xc0, 0x03, 0x00, 0x00, 0xc0, 0x01, 0xc0, 0x01, 0x00, 0x00, 0xc0, 0x01,
    0x00, 0x00, 0x00, 0x00, 0xc0, 0x01, 0x00, 0x00, 0x00, 0x00, 0xc0, 0x01,
    0x00, 0x00, 0x00, 0x00, 0xc0, 0x01, 0x00, 0x00, 0x00, 0x00, 0xc0, 0x01,
    0xc0, 0x03, 0x00, 0x00, 0xc0, 0x01, 0xc0, 0x03, 0x00, 0x00, 0xc0, 0x01,
    0xc0, 0x03, 0x00, 0x00, 0xe0, 0x00, 0x00, 0x00, 0x00, 0x00, 0xf0, 0x00,
    0x00, 0x00, 0x00, 0x00, 0x7c, 0x00, 0x00, 0xc0, 0xff, 0xff, 0x3f, 0x00,
    0x00, 0xc0, 0xff, 0xff, 0x1f, 0x00, 0x00, 0xc0, 0xff, 0xff, 0x07, 0x00,
    0x00, 0x00, 0x00, 0x00, 0x00, 0x00, 0x00, 0x00, 0x00, 0x00, 0x00, 0x00,
    0x00, 0x00, 0x00, 0x00, 0x00, 0x00, 0x00, 0x00, 0x00, 0x00, 0x00, 0x00,
    0x00, 0x40, 0x00, 0x00, 0x00, 0x00, 0x00, 0xc0, 0x01, 0x00, 0x00, 0x00,
    0x00, 0xc0, 0x07, 0x00, 0x00, 0x00, 0x00, 0xc0, 0x1f, 0x00, 0x00, 0x00,
    0x00, 0x80, 0x3f, 0x00, 0x00, 0x00, 0x00, 0x00, 0xfe, 0x00, 0x00, 0x00,
    0x00, 0x00, 0xf8, 0x03, 0x00, 0x00, 0x00, 0x00, 0xe0, 0x0f, 0x00, 0x00,
    0x00, 0x00, 0x80, 0x3f, 0x00, 0x00, 0x00, 0x06, 0x00, 0xfe, 0xff, 0x01,
    0x00, 0x07, 0x00, 0xf8, 0xff, 0x01, 0xc0, 0x03, 0x00, 0xfc, 0xff, 0x01,
    0xe0, 0x01, 0x00, 0x7f, 0x00, 0x00, 0xe0, 0x00, 0xc0, 0x1f, 0x00, 0x00,
    0x60, 0x00, 0xf0, 0x07, 0x00, 0x00, 0x20, 0x00, 0xfc, 0x01, 0x00, 0x00,
    0x00, 0x00, 0x7f, 0x00, 0x00, 0x00, 0x00, 0x80, 0x1f, 0x00, 0x00, 0x00,
    0x00, 0xc0, 0x0f, 0x00, 0x00, 0x00, 0x00, 0xc0, 0x03, 0x00, 0x00, 0x00,
    0x00, 0xc0, 0x00, 0x00, 0x00, 0x00, 0x00, 0x00, 0x00, 0x00, 0x00, 0x00,
    0x00, 0x00, 0x00, 0x00, 0x00, 0x00, 0x00, 0x00, 0x00, 0x00, 0x00, 0x00,
    0x00, 0x00, 0x00, 0x00, 0x00, 0x00, 0x00, 0x00, 0x00, 0x00, 0x00, 0x00,
    0x00, 0xc0, 0xff, 0xff, 0xff, 0x01, 0x00, 0xc0, 0xff, 0xff, 0xff, 0x01,
    0x00, 0xc0, 0xff, 0xff, 0xff, 0x01, 0x00, 0x00, 0x1c, 0x00, 0x07, 0x00,
    0x00, 0x00, 0x1c, 0x00, 0x07, 0x00, 0x00, 0x00, 0x1c, 0x00, 0x07, 0x00,
    0x00, 0x00, 0x1c, 0x00, 0x07, 0x00, 0x00, 0x00, 0x1c, 0x00, 0x07, 0x00,
    0x00, 0x00, 0x1c, 0x00, 0x07, 0x00, 0x00, 0x00, 0x1c, 0x00, 0x07, 0x00,
    0x00, 0x00, 0x38, 0x80, 0x07, 0x00, 0x00, 0x00, 0x38, 0x80, 0x03, 0x00,
    0x00, 0x00, 0x78, 0xc0, 0x03, 0x00, 0x00, 0x00, 0xf0, 0xff, 0x01, 0x00,
    0x00, 0x00, 0xf0, 0xff, 0x01, 0x00, 0x00, 0x00, 0xe0, 0x7f, 0x00, 0x00,
    0x00, 0x00, 0x80, 0x1f, 0x00, 0x00, 0x00, 0x00, 0x00, 0x00, 0x00, 0x00,
    0x00, 0x00, 0x00, 0x00, 0x00, 0x00, 0x00, 0x00, 0x00, 0x00, 0x00, 0x00,
    0x00, 0x00, 0x00, 0x00, 0x00, 0x00, 0x00, 0x00, 0x00, 0x00, 0x00, 0x00,
    0x00, 0x00, 0xff, 0xff, 0xff, 0x01, 0x00, 0xc0, 0xff, 0xff, 0xff, 0x01,
    0x00, 0xe0, 0xff, 0xff, 0xff, 0x01, 0x00, 0xf0, 0xff, 0xff, 0xff, 0x01,
    0x00, 0x70, 0x00, 0x00, 0x00, 0x00, 0x00, 0x70, 0x00, 0x00, 0x00, 0x00,
    0x00, 0x38, 0x00, 0x00, 0x00, 0x00, 0x00, 0x38, 0x00, 0x00, 0xe0, 0x00,
    0x00, 0x38, 0x00, 0x03, 0xe0, 0x01, 0x00, 0x38, 0xc0, 0x0f, 0xc0, 0x01,
    0x00, 0x38, 0xe0, 0x1f, 0xc0, 0x01, 0x00, 0x78, 0xf0, 0x3f, 0xc0, 0x01,
    0x00, 0x70, 0x78, 0x3c, 0xc0, 0x01, 0x00, 0xf0, 0x3f, 0x78, 0xc0, 0x01,
    0x00, 0xe0, 0x1f, 0xf0, 0xc0, 0x01, 0x00, 0xe0, 0x0f, 0xe0, 0xe1, 0x00,
    0x00, 0x80, 0x07, 0xe0, 0xff, 0x00, 0x00, 0x00, 0x00, 0xc0, 0x7f, 0x00,
    0x00, 0x00, 0x00, 0x00, 0x3f, 0x00, 0x00, 0x00, 0x00, 0x00, 0x00, 0x00,
    0x00, 0x00, 0x00, 0x00, 0x00, 0x00, 0x00, 0x00, 0x00, 0x00, 0x00, 0x00,
    0x00, 0x00, 0x00, 0x00, 0x00, 0x00, 0x00, 0x00, 0x00, 0x00, 0x3f, 0x00,
    0x00, 0x00, 0x00, 0xc0, 0x7f, 0x00, 0x00, 0x00, 0x40, 0xc0, 0xff, 0x00,
    0x00, 0x00, 0xe0, 0xe0, 0xf3, 0x01, 0x00, 0x10, 0xe0, 0xe0, 0xc0, 0x01,
    0x00, 0x70, 0x70, 0xe0, 0xc0, 0x01, 0x00, 0xf0, 0x70, 0x70, 0xc0, 0x01,
    0x00, 0xf0, 0x71, 0x70, 0xc0, 0x01, 0x00, 0xe0, 0x71, 0x70, 0xc0, 0x01,
    0x00, 0x80, 0x73, 0x70, 0xc0, 0x00, 0x00, 0x00, 0x73, 0x70, 0xe0, 0x00,
    0x00, 0x00, 0xf0, 0x70, 0x60, 0x00, 0x00, 0x00, 0xe0, 0x71, 0x38, 0x00,
    0x00, 0x00, 0xe0, 0xff, 0x7f, 0x00, 0x00, 0x00, 0xc0, 0xff, 0xff, 0x01,
    0x00, 0x00, 0x80, 0xff, 0xff, 0x01, 0x00, 0x00, 0x00, 0x00, 0x00, 0x00,
    0x00, 0x00, 0x00, 0x00, 0x00, 0x00, 0x00, 0x00, 0x00, 0x00, 0x00, 0x00,
    0x00, 0x00, 0x00, 0x00, 0x00, 0x00, 0x00, 0x00, 0x00, 0x00, 0x00, 0x00,
    0x00, 0x00, 0x00, 0x00, 0x3f, 0x00, 0x00, 0x00, 0x00, 0xc0, 0x7f, 0x00,
    0x00, 0x00, 0x40, 0xc0, 0xff, 0x00, 0x00, 0x00, 0xe0, 0xe0, 0xf3, 0x01,
    0x00, 0x00, 0xe0, 0xe0, 0xc0, 0x01, 0x00, 0x00, 0x70, 0xe0, 0xc0, 0x01,
    0x00, 0x00, 0x72, 0x70, 0xc0, 0x01, 0x00, 0x00, 0x73, 0x70, 0xc0, 0x01,
    0x00, 0x80, 0x73, 0x70, 0xc0, 0x01, 0x00, 0xe0, 0x71, 0x70, 0xc0, 0x00,
    0x00, 0xf0, 0x70, 0x70, 0xe0, 0x00, 0x00, 0x70, 0xf0, 0x70, 0x60, 0x00,
    0x00, 0x30, 0xe0, 0x71, 0x38, 0x00, 0x00, 0x10, 0xe0, 0xff, 0x7f, 0x00,
    0x00, 0x00, 0xc0, 0xff, 0xff, 0x01, 0x00, 0x00, 0x80, 0xff, 0xff, 0x01,
    0x00, 0x00, 0x00, 0x00, 0x00, 0x00, 0x00, 0x00, 0x00, 0x00, 0x00, 0x00,
    0x00, 0x00, 0x00, 0x00, 0x00, 0x00, 0x00, 0x00, 0x00, 0x00, 0x00, 0x00,
    0x00, 0x00, 0x00, 0x00, 0x00, 0x00, 0x00, 0x00, 0x00, 0x00, 0x3f, 0x00,
    0x00, 0x00, 0x00, 0xc0, 0x7f, 0x00, 0x00, 0x00, 0x42, 0xc0, 0xff, 0x00,
    0x00, 0x00, 0xe3, 0xe0, 0xf3, 0x01, 0x00, 0x80, 0xe3, 0xe0, 0xc0, 0x01,
    0x00, 0xc0, 0x71, 0xe0, 0xc0, 0x01, 0x00, 0xe0, 0x71, 0x70, 0xc0, 0x01,
    0x00, 0xf0, 0x70, 0x70, 0xc0, 0x01, 0x00, 0x70, 0x70, 0x70, 0xc0, 0x01,
    0x00, 0x70, 0x70, 0x70, 0xc0, 0x00, 0x00, 0xf0, 0x70, 0x70, 0xe0, 0x00,
    0x00, 0xc0, 0xf1, 0x70, 0x60, 0x00, 0x00, 0x80, 0xe3, 0x71, 0x38, 0x00,
    0x00, 0x00, 0xe3, 0xff, 0x7f, 0x00, 0x00, 0x00, 0xc2, 0xff, 0xff, 0x01,
    0x00, 0x00, 0x80, 0xff, 0xff, 0x01, 0x00, 0x00, 0x00, 0x00, 0x00, 0x00,
    0x00, 0x00, 0x00, 0x00, 0x00, 0x00, 0x00, 0x00, 0x00, 0x00, 0x00, 0x00,
    0x00, 0x00, 0x00, 0x00, 0x00, 0x00, 0x00, 0x00, 0x00, 0x00, 0x00, 0x00,
    0x00, 0x00, 0x00, 0x00, 0x3f, 0x00, 0x00, 0x00, 0x00, 0xc0, 0x7f, 0x00,
    0x00, 0x80, 0x43, 0xc0, 0xff, 0x00, 0x00, 0xc0, 0xe3, 0xe0, 0xf3, 0x01,
    0x00, 0xe0, 0xe0, 0xe0, 0xc0, 0x01, 0x00, 0xe0, 0x70, 0xe0, 0xc0, 0x01,
    0x00, 0xe0, 0x70, 0x70, 0xc0, 0x01, 0x00, 0xe0, 0x70, 0x70, 0xc0, 0x01,
    0x00, 0xc0, 0x71, 0x70, 0xc0, 0x01, 0x00, 0xc0, 0x71, 0x70, 0xc0, 0x00,
    0x00, 0x80, 0x73, 0x70, 0xe0, 0x00, 0x00, 0x80, 0xf3, 0x70, 0x60, 0x00,
    0x00, 0x80, 0xe3, 0x71, 0x38, 0x00, 0x00, 0xc0, 0xe1, 0xff, 0x7f, 0x00,
    0x00, 0xe0, 0xc0, 0xff, 0xff, 0x01, 0x00, 0x20, 0x80, 0xff, 0xff, 0x01,
    0x00, 0x00, 0x00, 0x00, 0x00, 0x00, 0x00, 0x00, 0x00, 0x00, 0x00, 0x00,
    0x00, 0x00, 0x00, 0x00, 0x00, 0x00, 0x00, 0x00, 0x00, 0x00, 0x00, 0x00,
    0x00, 0x00, 0x00, 0x00, 0x00, 0x00, 0x00, 0x00, 0x00, 0x00, 0x3f, 0x00,
    0x00, 0x00, 0x00, 0xc0, 0x7f, 0x00, 0x00, 0x00, 0x40, 0xc0, 0xff, 0x00,
    0x00, 0xc0, 0xe0, 0xe0, 0xf3, 0x01, 0x00, 0xe0, 0xe1, 0xe0, 0xc0, 0x01,
    0x00, 0xe0, 0x71, 0xe0, 0xc0, 0x01, 0x00, 0xc0, 0x70, 0x70, 0xc0, 0x01,
    0x00, 0x00, 0x70, 0x70, 0xc0, 0x01, 0x00, 0x00, 0x70, 0x70, 0xc0, 0x01,
    0x00, 0x00, 0x70, 0x70, 0xc0, 0x00, 0x00, 0x00, 0x70, 0x70, 0xe0, 0x00,
    0x00, 0xe0, 0xf1, 0x70, 0x60, 0x00, 0x00, 0xe0, 0xe1, 0x71, 0x38, 0x00,
    0x00, 0xc0, 0xe0, 0xff, 0x7f, 0x00, 0x00, 0x00, 0xc0, 0xff, 0xff, 0x01,
    0x00, 0x00, 0x80, 0xff, 0xff, 0x01, 0x00, 0x00, 0x00, 0x00, 0x00, 0x00,
    0x00, 0x00, 0x00, 0x00, 0x00, 0x00, 0x00, 0x00, 0x00, 0x00, 0x00, 0x00,
    0x00, 0x00, 0x00, 0x00, 0x00, 0x00, 0x00, 0x00, 0x00, 0x00, 0x00, 0x00,
    0x00, 0x00, 0x00, 0x00, 0x3f, 0x00, 0x00, 0x00, 0x00, 0xc0, 0x7f, 0x00,
    0x00, 0x00, 0x40, 0xc0, 0xff, 0x00, 0x00, 0x00, 0xe0, 0xe0, 0xf3, 0x01,
    0x00, 0x00, 0xe0, 0xe0, 0xc0, 0x01, 0x00, 0xf8, 0x71, 0xe0, 0xc0, 0x01,
    0x00, 0xf8, 0x71, 0x70, 0xc0, 0x01, 0x00, 0x0c, 0x73, 0x70, 0xc0, 0x01,
    0x00, 0x0c, 0x73, 0x70, 0xc0, 0x01, 0x00, 0x0c, 0x73, 0x70, 0xc0, 0x00,
    0x00, 0x9c, 0x73, 0x70, 0xe0, 0x00, 0x00, 0xf8, 0xf1, 0x70, 0x60, 0x00,
    0x00, 0xf0, 0xe0, 0x71, 0x38, 0x00, 0x00, 0x00, 0xe0, 0xff, 0x7f, 0x00,
    0x00, 0x00, 0xc0, 0xff, 0xff, 0x01, 0x00, 0x00, 0x80, 0xff, 0xff, 0x01,
    0x00, 0x00, 0x00, 0x00, 0x00, 0x00, 0x00, 0x00, 0x00, 0x00, 0x00, 0x00,
    0x00, 0x00, 0x00, 0x00, 0x00, 0x00, 0x00, 0x00, 0x00, 0x00, 0x00, 0x00,
    0x00, 0x00, 0x00, 0x00, 0x00, 0x00, 0x00, 0x00, 0x00, 0x00, 0x3f, 0x00,
    0x00, 0x00, 0x00, 0xc0, 0x7f, 0x00, 0x00, 0x00, 0xe0, 0xc0, 0xff, 0x00,
    0x00, 0x00, 0xe0, 0xe0, 0xf1, 0x01, 0x00, 0x00, 0xe0, 0xe0, 0xc0, 0x01,
    0x00, 0x00, 0x70, 0xe0, 0xc0, 0x01, 0x00, 0x00, 0x70, 0x70, 0xc0, 0x01,
    0x00, 0x00, 0x70, 0x70, 0xc0, 0x01, 0x00, 0x00, 0x70, 0x70, 0xc0, 0x01,
    0x00, 0x00, 0x70, 0x70, 0xc0, 0x00, 0x00, 0x00, 0x70, 0x70, 0xe0, 0x00,
    0x00, 0x00, 0xe0, 0x70, 0x70, 0x00, 0x00, 0x00, 0xe0, 0xff, 0x3f, 0x00,
    0x00, 0x00, 0xc0, 0xff, 0x1f, 0x00, 0x00, 0x00, 0x80, 0xff, 0x3f, 0x00,
    0x00, 0x00, 0xc0, 0xff, 0x7f, 0x00, 0x00, 0x00, 0xe0, 0x73, 0xf8, 0x00,
    0x00, 0x00, 0xe0, 0x70, 0xf0, 0x00, 0x00, 0x00, 0x70, 0x70, 0xe0, 0x01,
    0x00, 0x00, 0x70, 0x70, 0xc0, 0x01, 0x00, 0x00, 0x70, 0x70, 0xc0, 0x01,
    0x00, 0x00, 0x70, 0x70, 0xc0, 0x01, 0x00, 0x00, 0x70, 0x70, 0xc0, 0x01,
    0x00, 0x00, 0xf0, 0x70, 0xc0, 0x01, 0x00, 0x00, 0xe0, 0x71, 0xc0, 0x01,
    0x00, 0x00, 0xe0, 0x7f, 0xc0, 0x01, 0x00, 0x00, 0xc0, 0x7f, 0xe0, 0x00,
    0x00, 0x00, 0x00, 0x7f, 0xe0, 0x00, 0x00, 0x00, 0x00, 0x7c, 0x00, 0x00,
    0x00, 0x00, 0x00, 0x00, 0x00, 0x00, 0x00, 0x00, 0x00, 0x00, 0x00, 0x00,
    0x00, 0x00, 0x00, 0x00, 0x00, 0x00, 0x00, 0x00, 0x00, 0x00, 0x00, 0x00,
    0x00, 0x00, 0x00, 0xf8, 0x03, 0x00, 0x00, 0x00, 0x00, 0xff, 0x1f, 0x00,
    0x00, 0x00, 0x80, 0xff, 0x3f, 0x00, 0x00, 0x00, 0xc0, 0xff, 0x7f, 0x00,
    0x00, 0x00, 0xe0, 0x03, 0xf8, 0x00, 0x00, 0x00, 0xe0, 0x00, 0xe0, 0x00,
    0x00, 0x00, 0xf0, 0x00, 0xe0, 0x01, 0x00, 0x00, 0x70, 0x00, 0xc0, 0x01,
    0x00, 0x00, 0x70, 0x00, 0xc0, 0x01, 0x00, 0x00, 0x70, 0x00, 0xc0, 0x01,
    0x00, 0x00, 0x70, 0x00, 0xc0, 0x01, 0x00, 0x00, 0x70, 0x00, 0xc0, 0x01,
    0x00, 0x00, 0x70, 0x00, 0xc0, 0x01, 0x00, 0x00, 0xe0, 0x00, 0xe0, 0x00,
    0x00, 0x00, 0x20, 0x00, 0xe0, 0x00, 0x00, 0x00, 0x00, 0x00, 0x00, 0x00,
    0x00, 0x00, 0x00, 0x00, 0x00, 0x00, 0x00, 0x00, 0x00, 0x00, 0x00, 0x00,
    0x00, 0x00, 0x00, 0xf8, 0x03, 0x00, 0x00, 0x00, 0x00, 0xff, 0x1f, 0x00,
    0x00, 0x00, 0x80, 0xff, 0x3f, 0x00, 0x00, 0x00, 0xc0, 0xff, 0x7f, 0x00,
    0x00, 0x10, 0xe0, 0x71, 0xf8, 0x00, 0x00, 0x30, 0xe0, 0x70, 0xe0, 0x00,
    0x00, 0x70, 0x70, 0x70, 0xe0, 0x01, 0x00, 0xf0, 0x70, 0x70, 0xc0, 0x01,
    0x00, 0xe0, 0x71, 0x70, 0xc0, 0x01, 0x00, 0x80, 0x73, 0x70, 0xc0, 0x01,
    0x00, 0x00, 0x73, 0x70, 0xc0, 0x01, 0x00, 0x00, 0x70, 0x70, 0xc0, 0x01,
    0x00, 0x00, 0xe0, 0x70, 0xc0, 0x01, 0x00, 0x00, 0xe0, 0x73, 0xc0, 0x01,
    0x00, 0x00, 0xc0, 0x7f, 0xc0, 0x00, 0x00, 0x00, 0x80, 0x7f, 0xe0, 0x00,
    0x00, 0x00, 0x00, 0x7f, 0x60, 0x00, 0x00, 0x00, 0x00, 0x40, 0x00, 0x00,
    0x00, 0x00, 0x00, 0x00, 0x00, 0x00, 0x00, 0x00, 0x00, 0x00, 0x00, 0x00,
    0x00, 0x00, 0x00, 0x00, 0x00, 0x00, 0x00, 0x00, 0x00, 0xf8, 0x03, 0x00,
    0x00, 0x00, 0x00, 0xff, 0x1f, 0x00, 0x00, 0x00, 0x80, 0xff, 0x3f, 0x00,
    0x00, 0x00, 0xc0, 0xff, 0x7f, 0x00, 0x00, 0x00, 0xe0, 0x71, 0xf8, 0x00,
    0x00, 0x00, 0xe0, 0x70, 0xe0, 0x00, 0x00, 0x00, 0x70, 0x70, 0xe0, 0x01,
    0x00, 0x00, 0x73, 0x70, 0xc0, 0x01, 0x00, 0x80, 0x73, 0x70, 0xc0, 0x01,
    0x00, 0xe0, 0x71, 0x70, 0xc0, 0x01, 0x00, 0xf0, 0x70, 0x70, 0xc0, 0x01,
    0x00, 0x70, 0x70, 0x70, 0xc0, 0x01, 0x00, 0x30, 0xe0, 0x70, 0xc0, 0x01,
    0x00, 0x10, 0xe0, 0x73, 0xc0, 0x01, 0x00, 0x00, 0xc0, 0x7f, 0xc0, 0x00,
    0x00, 0x00, 0x80, 0x7f, 0xe0, 0x00, 0x00, 0x00, 0x00, 0x7f, 0x60, 0x00,
    0x00, 0x00, 0x00, 0x40, 0x00, 0x00, 0x00, 0x00, 0x00, 0x00, 0x00, 0x00,
    0x00, 0x00, 0x00, 0x00, 0x00, 0x00, 0x00, 0x00, 0x00, 0x00, 0x00, 0x00,
    0x00, 0x00, 0x00, 0xf8, 0x03, 0x00, 0x00, 0x00, 0x00, 0xff, 0x1f, 0x00,
    0x00, 0x00, 0x80, 0xff, 0x3f, 0x00, 0x00, 0x00, 0xc3, 0xff, 0x7f, 0x00,
    0x00, 0x80, 0xe3, 0x71, 0xf8, 0x00, 0x00, 0xc0, 0xe1, 0x70, 0xe0, 0x00,
    0x00, 0xe0, 0x71, 0x70, 0xe0, 0x01, 0x00, 0xf0, 0x70, 0x70, 0xc0, 0x01,
    0x00, 0x70, 0x70, 0x70, 0xc0, 0x01, 0x00, 0x70, 0x70, 0x70, 0xc0, 0x01,
    0x00, 0xf0, 0x70, 0x70, 0xc0, 0x01, 0x00, 0xe0, 0x71, 0x70, 0xc0, 0x01,
    0x00, 0x80, 0xe3, 0x70, 0xc0, 0x01, 0x00, 0x00, 0xe3, 0x73, 0xc0, 0x01,
    0x00, 0x00, 0xc2, 0x7f, 0xc0, 0x00, 0x00, 0x00, 0x80, 0x7f, 0xe0, 0x00,
    0x00, 0x00, 0x00, 0x7f, 0x60, 0x00, 0x00, 0x00, 0x00, 0x40, 0x00, 0x00,
    0x00, 0x00, 0x00, 0x00, 0x00, 0x00, 0x00, 0x00, 0x00, 0x00, 0x00, 0x00,
    0x00, 0x00, 0x00, 0x00, 0x00, 0x00, 0x00, 0x00, 0x00, 0xf8, 0x03, 0x00,
    0x00, 0x00, 0x00, 0xff, 0x1f, 0x00, 0x00, 0x00, 0x80, 0xff, 0x3f, 0x00,
    0x00, 0x00, 0xc0, 0xff, 0x7f, 0x00, 0x00, 0xe0, 0xe1, 0x71, 0xf8, 0x00,
    0x00, 0xe0, 0xe1, 0x70, 0xe0, 0x00, 0x00, 0xc0, 0x70, 0x70, 0xe0, 0x01,
    0x00, 0x00, 0x70, 0x70, 0xc0, 0x01, 0x00, 0x00, 0x70, 0x70, 0xc0, 0x01,
    0x00, 0x00, 0x70, 0x70, 0xc0, 0x01, 0x00, 0x00, 0x70, 0x70, 0xc0, 0x01,
    0x00, 0xe0, 0x71, 0x70, 0xc0, 0x01, 0x00, 0xe0, 0xe1, 0x70, 0xc0, 0x01,
    0x00, 0xe0, 0xe1, 0x73, 0xc0, 0x01, 0x00, 0x00, 0xc0, 0x7f, 0xc0, 0x00,
    0x00, 0x00, 0x80, 0x7f, 0xe0, 0x00, 0x00, 0x00, 0x00, 0x7f, 0x60, 0x00,
    0x00, 0x00, 0x00, 0x40, 0x00, 0x00, 0x00, 0x00, 0x00, 0x00, 0x00, 0x00,
    0x00, 0x00, 0x00, 0x00, 0x00, 0x00, 0x00, 0x10, 0x00, 0x00, 0x00, 0x00,
    0x00, 0x30, 0x00, 0x00, 0x00, 0x00, 0x00, 0x70, 0x00, 0x00, 0x00, 0x00,
    0x00, 0xf0, 0xf0, 0xff, 0xff, 0x01, 0x00, 0xe0, 0xf1, 0xff, 0xff, 0x01,
    0x00, 0x80, 0xf3, 0xff, 0xff, 0x01, 0x00, 0x00, 0xf3, 0xff, 0xff, 0x01,
    0x00, 0x00, 0x00, 0x00, 0x00, 0x00, 0x00, 0x00, 0x00, 0x00, 0x00, 0x00,
    0x00, 0x00, 0x00, 0x00, 0x00, 0x00, 0x00, 0x00, 0x00, 0x00, 0x00, 0x00,
    0x00, 0x00, 0x00, 0x00, 0x00, 0x00, 0x00, 0x00, 0x00, 0x00, 0x00, 0x00,
    0x00, 0x00, 0xf3, 0xff, 0xff, 0x01, 0x00, 0x80, 0xf3, 0xff, 0xff, 0x01,
    0x00, 0xe0, 0xf1, 0xff, 0xff, 0x01, 0x00, 0xf0, 0xf1, 0xff, 0xff, 0x01,
    0x00, 0xf0, 0x00, 0x00, 0x00, 0x00, 0x00, 0x70, 0x00, 0x00, 0x00, 0x00,
    0x00, 0x10, 0x00, 0x00, 0x00, 0x00, 0x00, 0x00, 0x00, 0x00, 0x00, 0x00,
    0x00, 0x00, 0x00, 0x00, 0x00, 0x00, 0x00, 0x00, 0x00, 0x00, 0x00, 0x00,
    0x00, 0x80, 0x03, 0x00, 0x00, 0x00, 0x00, 0xc0, 0x03, 0x00, 0x00, 0x00,
    0x00, 0xe0, 0x01, 0x00, 0x00, 0x00, 0x00, 0xf0, 0xf0, 0xff, 0xff, 0x01,
    0x00, 0x70, 0xf0, 0xff, 0xff, 0x01, 0x00, 0x70, 0xf0, 0xff, 0xff, 0x01,
    0x00, 0xf0, 0xf0, 0xff, 0xff, 0x01, 0x00, 0xe0, 0x01, 0x00, 0x00, 0x00,
    0x00, 0xc0, 0x03, 0x00, 0x00, 0x00, 0x00, 0x00, 0x03, 0x00, 0x00, 0x00,
    0x00, 0x00, 0x02, 0x00, 0x00, 0x00, 0x00, 0x00, 0x00, 0x00, 0x00, 0x00,
    0x00, 0x00, 0x00, 0x00, 0x00, 0x00, 0x00, 0xe0, 0x01, 0x00, 0x00, 0x00,
    0x00, 0xe0, 0x01, 0x00, 0x00, 0x00, 0x00, 0xe0, 0x00, 0x00, 0x00, 0x00,
    0x00, 0x00, 0xf0, 0xff, 0xff, 0x01, 0x00, 0x00, 0xf0, 0xff, 0xff, 0x01,
    0x00, 0x00, 0xf0, 0xff, 0xff, 0x01, 0x00, 0x00, 0xf0, 0xff, 0xff, 0x01,
    0x00, 0xe0, 0x01, 0x00, 0x00, 0x00, 0x00, 0xe0, 0x01, 0x00, 0x00, 0x00,
    0x00, 0xe0, 0x01, 0x00, 0x00, 0x00, 0x00, 0x00, 0x00, 0x00, 0x00, 0x00,
    0x00, 0x00, 0x00, 0x00, 0x00, 0x00, 0x00, 0x00, 0x00, 0x00, 0x00, 0x00,
    0x00, 0x00, 0x00, 0xf0, 0x07, 0x00, 0x00, 0x00, 0x00, 0xfc, 0x1f, 0x00,
    0x00, 0x00, 0x00, 0xfe, 0x3f, 0x00, 0x00, 0x00, 0x00, 0x7f, 0x7f, 0x00,
    0x00, 0x00, 0x82, 0x07, 0xf0, 0x00, 0x00, 0x30, 0x8e, 0x03, 0xe0, 0x00,
    0x00, 0x38, 0xc7, 0x03, 0xc0, 0x01, 0x00, 0x70, 0xc7, 0x01, 0xc0, 0x01,
    0x00, 0xf0, 0xc3, 0x01, 0xc0, 0x01, 0x00, 0xe0, 0xc3, 0x01, 0xc0, 0x01,
    0x00, 0xe0, 0xc1, 0x01, 0xc0, 0x01, 0x00, 0xe0, 0xc3, 0x01, 0xc0, 0x01,
    0x00, 0xe0, 0x87, 0x03, 0xc0, 0x01, 0x00, 0x70, 0x9f, 0x03, 0xe0, 0x00,
    0x00, 0x70, 0x7e, 0x07, 0xf0, 0x00, 0x00, 0x38, 0xfc, 0x3f, 0x7f, 0x00,
    0x00, 0x00, 0xf0, 0xff, 0x3f, 0x00, 0x00, 0x00, 0xc0, 0xff, 0x1f, 0x00,
    0x00, 0x00, 0x00, 0xfe, 0x03, 0x00, 0x00, 0x00, 0x00, 0x00, 0x00, 0x00,
    0x00, 0x00, 0x00, 0x00, 0x00, 0x00, 0x00, 0x00, 0x00, 0x00, 0x00, 0x00,
    0x00, 0x00, 0x00, 0x00, 0x00, 0x00, 0x00, 0x00, 0x00, 0x00, 0x00, 0x00,
    0x00, 0x00, 0xf0, 0xff, 0xff, 0x01, 0x00, 0x00, 0xf0, 0xff, 0xff, 0x01,
    0x00, 0x80, 0xf3, 0xff, 0xff, 0x01, 0x00, 0xc0, 0x83, 0xff, 0xff, 0x01,
    0x00, 0xe0, 0xc0, 0x01, 0x00, 0x00, 0x00, 0xe0, 0xe0, 0x00, 0x00, 0x00,
    0x00, 0xe0, 0x60, 0x00, 0x00, 0x00, 0x00, 0xe0, 0x70, 0x00, 0x00, 0x00,
    0x00, 0xc0, 0x71, 0x00, 0x00, 0x00, 0x00, 0xc0, 0x71, 0x00, 0x00, 0x00,
    0x00, 0x80, 0x73, 0x00, 0x00, 0x00, 0x00, 0x80, 0x73, 0x00, 0x00, 0x00,
    0x00, 0x80, 0xf3, 0x00, 0x00, 0x00, 0x00, 0xc0, 0xe1, 0x01, 0x00, 0x00,
    0x00, 0xe0, 0xe0, 0xff, 0xff, 0x01, 0x00, 0x20, 0xc0, 0xff, 0xff, 0x01,
    0x00, 0x00, 0x80, 0xff, 0xff, 0x01, 0x00, 0x00, 0x00, 0x00, 0x00, 0x00,
    0x00, 0x00, 0x00, 0x00, 0x00, 0x00, 0x00, 0x00, 0x00, 0x00, 0x00, 0x00,
    0x00, 0x00, 0x00, 0x00, 0x00, 0x00, 0x00, 0x00, 0x00, 0x00, 0x00, 0x00,
    0x00, 0x00, 0x00, 0xf8, 0x03, 0x00, 0x00, 0x00, 0x00, 0xff, 0x1f, 0x00,
    0x00, 0x00, 0x80, 0xff, 0x3f, 0x00, 0x00, 0x00, 0xc0, 0xff, 0x7f, 0x00,
    0x00, 0x00, 0xe0, 0x03, 0xf8, 0x00, 0x00, 0x30, 0xe0, 0x00, 0xe0, 0x00,
    0x00, 0x70, 0xf0, 0x00, 0xe0, 0x01, 0x00, 0xf0, 0x70, 0x00, 0xc0, 0x01,
    0x00, 0xf0, 0x71, 0x00, 0xc0, 0x01, 0x00, 0xc0, 0x73, 0x00, 0xc0, 0x01,
    0x00, 0x80, 0x73, 0x00, 0xc0, 0x01, 0x00, 0x00, 0x72, 0x00, 0xc0, 0x01,
    0x00, 0x00, 0xf0, 0x00, 0xe0, 0x01, 0x00, 0x00, 0xe0, 0x00, 0xe0, 0x00,
    0x00, 0x00, 0xe0, 0x03, 0xf8, 0x00, 0x00, 0x00, 0xc0, 0xff, 0x7f, 0x00,
    0x00, 0x00, 0x80, 0xff, 0x3f, 0x00, 0x00, 0x00, 0x00, 0xff, 0x1f, 0x00,
    0x00, 0x00, 0x00, 0xf8, 0x03, 0x00, 0x00, 0x00, 0x00, 0x00, 0x00, 0x00,
    0x00, 0x00, 0x00, 0x00, 0x00, 0x00, 0x00, 0x00, 0x00, 0x00, 0x00, 0x00,
    0x00, 0x00, 0x00, 0x00, 0x00, 0x00, 0x00, 0x00, 0x00, 0xf8, 0x03, 0x00,
    0x00, 0x00, 0x00, 0xff, 0x1f, 0x00, 0x00, 0x00, 0x80, 0xff, 0x3f, 0x00,
    0x00, 0x00, 0xc0, 0xff, 0x7f, 0x00, 0x00, 0x00, 0xe0, 0x03, 0xf8, 0x00,
    0x00, 0x00, 0xe0, 0x00, 0xe0, 0x00, 0x00, 0x00, 0xf0, 0x00, 0xe0, 0x01,
    0x00, 0x00, 0x72, 0x00, 0xc0, 0x01, 0x00, 0x00, 0x73, 0x00, 0xc0, 0x01,
    0x00, 0xc0, 0x73, 0x00, 0xc0, 0x01, 0x00, 0xe0, 0x71, 0x00, 0xc0, 0x01,
    0x00, 0xf0, 0x70, 0x00, 0xc0, 0x01, 0x00, 0x70, 0xf0, 0x00, 0xe0, 0x01,
    0x00, 0x30, 0xe0, 0x00, 0xe0, 0x00, 0x00, 0x10, 0xe0, 0x03, 0xf8, 0x00,
    0x00, 0x00, 0xc0, 0xff, 0x7f, 0x00, 0x00, 0x00, 0x80, 0xff, 0x3f, 0x00,
    0x00, 0x00, 0x00, 0xff, 0x1f, 0x00, 0x00, 0x00, 0x00, 0xf8, 0x03, 0x00,
    0x00, 0x00, 0x00, 0x00, 0x00, 0x00, 0x00, 0x00, 0x00, 0x00, 0x00, 0x00,
    0x00, 0x00, 0x00, 0x00, 0x00, 0x00, 0x00, 0x00, 0x00, 0x00, 0x00, 0x00,
    0x00, 0x00, 0x00, 0xf8, 0x03, 0x00, 0x00, 0x00, 0x00, 0xff, 0x1f, 0x00,
    0x00, 0x00, 0x80, 0xff, 0x3f, 0x00, 0x00, 0x00, 0xc2, 0xff, 0x7f, 0x00,
    0x00, 0x00, 0xe3, 0x03, 0xf8, 0x00, 0x00, 0x80, 0xe3, 0x00, 0xe0, 0x00,
    0x00, 0xc0, 0xf1, 0x00, 0xe0, 0x01, 0x00, 0xf0, 0x70, 0x00, 0xc0, 0x01,
    0x00, 0xf0, 0x70, 0x00, 0xc0, 0x01, 0x00, 0x70, 0x70, 0x00, 0xc0, 0x01,
    0x00, 0xf0, 0x70, 0x00, 0xc0, 0x01, 0x00, 0xf0, 0x70, 0x00, 0xc0, 0x01,
    0x00, 0xc0, 0xf1, 0x00, 0xe0, 0x01, 0x00, 0x80, 0xe3, 0x00, 0xe0, 0x00,
    0x00, 0x00, 0xe3, 0x03, 0xf8, 0x00, 0x00, 0x00, 0xc2, 0xff, 0x7f, 0x00,
    0x00, 0x00, 0x80, 0xff, 0x3f, 0x00, 0x00, 0x00, 0x00, 0xff, 0x1f, 0x00,
    0x00, 0x00, 0x00, 0xf8, 0x03, 0x00, 0x00, 0x00, 0x00, 0x00, 0x00, 0x00,
    0x00, 0x00, 0x00, 0x00, 0x00, 0x00, 0x00, 0x00, 0x00, 0x00, 0x00, 0x00,
    0x00, 0x00, 0x00, 0x00, 0x00, 0x00, 0x00, 0x00, 0x00, 0xf8, 0x03, 0x00,
    0x00, 0x00, 0x00, 0xff, 0x1f, 0x00, 0x00, 0x00, 0x80, 0xff, 0x3f, 0x00,
    0x00, 0x80, 0xc3, 0xff, 0x7f, 0x00, 0x00, 0xc0, 0xe3, 0x03, 0xf8, 0x00,
    0x00, 0xe0, 0xe0, 0x00, 0xe0, 0x00, 0x00, 0xe0, 0xf0, 0x00, 0xe0, 0x01,
    0x00, 0xe0, 0x70, 0x00, 0xc0, 0x01, 0x00, 0xe0, 0x70, 0x00, 0xc0, 0x01,
    0x00, 0xc0, 0x71, 0x00, 0xc0, 0x01, 0x00, 0x80, 0x73, 0x00, 0xc0, 0x01,
    0x00, 0x80, 0x73, 0x00, 0xc0, 0x01, 0x00, 0x80, 0xf3, 0x00, 0xe0, 0x01,
    0x00, 0x80, 0xe3, 0x00, 0xe0, 0x00, 0x00, 0xe0, 0xe1, 0x03, 0xf8, 0x00,
    0x00, 0xe0, 0xc0, 0xff, 0x7f, 0x00, 0x00, 0x00, 0x80, 0xff, 0x3f, 0x00,
    0x00, 0x00, 0x00, 0xff, 0x1f, 0x00, 0x00, 0x00, 0x00, 0xf8, 0x03, 0x00,
    0x00, 0x00, 0x00, 0x00, 0x00, 0x00, 0x00, 0x00, 0x00, 0x00, 0x00, 0x00,
    0x00, 0x00, 0x00, 0x00, 0x00, 0x00, 0x00, 0x00, 0x00, 0x00, 0x00, 0x00,
    0x00, 0x00, 0x00, 0xf8, 0x03, 0x00, 0x00, 0x00, 0x00, 0xff, 0x1f, 0x00,
    0x00, 0x00, 0x80, 0xff, 0x3f, 0x00, 0x00, 0x00, 0xc0, 0xff, 0x7f, 0x00,
    0x00, 0xc0, 0xe0, 0x03, 0xf8, 0x00, 0x00, 0xe0, 0xe1, 0x00, 0xe0, 0x00,
    0x00, 0xe0, 0xf1, 0x00, 0xe0, 0x01, 0x00, 0xc0, 0x70, 0x00, 0xc0, 0x01,
    0x00, 0x00, 0x70, 0x00, 0xc0, 0x01, 0x00, 0x00, 0x70, 0x00, 0xc0, 0x01,
    0x00, 0x00, 0x70, 0x00, 0xc0, 0x01, 0x00, 0xc0, 0x70, 0x00, 0xc0, 0x01,
    0x00, 0xe0, 0xf1, 0x00, 0xe0, 0x01, 0x00, 0xe0, 0xe1, 0x00, 0xe0, 0x00,
    0x00, 0xc0, 0xe0, 0x03, 0xf8, 0x00, 0x00, 0x00, 0xc0, 0xff, 0x7f, 0x00,
    0x00, 0x00, 0x80, 0xff, 0x3f, 0x00, 0x00, 0x00, 0x00, 0xff, 0x1f, 0x00,
    0x00, 0x00, 0x00, 0xf8, 0x03, 0x00, 0x00, 0x00, 0x00, 0x00, 0x00, 0x00,
    0x00, 0x00, 0x00, 0x00, 0x00, 0x00, 0x00, 0x00, 0x00, 0x00, 0x00, 0x00,
    0x00, 0x00, 0x00, 0x00, 0x00, 0x00, 0x00, 0x00, 0x00, 0x1c, 0x00, 0x00,
    0x00, 0x00, 0x00, 0x1c, 0x00, 0x00, 0x00, 0x00, 0x00, 0x1c, 0x00, 0x00,
    0x00, 0x00, 0x00, 0x1c, 0x00, 0x00, 0x00, 0x00, 0x00, 0x1c, 0x00, 0x00,
    0x00, 0x00, 0x00, 0x1c, 0x00, 0x00, 0x00, 0x00, 0x00, 0x1c, 0x00, 0x00,
    0x00, 0x00, 0x3c, 0x9c, 0x07, 0x00, 0x00, 0x00, 0x7c, 0x9c, 0x0f, 0x00,
    0x00, 0x00, 0x7c, 0x9c, 0x0f, 0x00, 0x00, 0x00, 0x38, 0x1c, 0x07, 0x00,
    0x00, 0x00, 0x00, 0x1c, 0x00, 0x00, 0x00, 0x00, 0x00, 0x1c, 0x00, 0x00,
    0x00, 0x00, 0x00, 0x1c, 0x00, 0x00, 0x00, 0x00, 0x00, 0x1c, 0x00, 0x00,
    0x00, 0x00, 0x00, 0x1c, 0x00, 0x00, 0x00, 0x00, 0x00, 0x1c, 0x00, 0x00,
    0x00, 0x00, 0x00, 0x1c, 0x00, 0x00, 0x00, 0x00, 0x00, 0x00, 0x00, 0x00,
    0x00, 0x00, 0x00, 0x00, 0x00, 0x00, 0x00, 0x00, 0x00, 0x00, 0x00, 0x00,
    0x00, 0x00, 0x00, 0x00, 0x00, 0x00, 0x00, 0x00, 0x00, 0xf8, 0x03, 0x00,
    0x00, 0x00, 0x00, 0xff, 0x8f, 0x01, 0x00, 0x00, 0x80, 0xff, 0xff, 0x01,
    0x00, 0x00, 0xc0, 0xff, 0xff, 0x01, 0x00, 0x00, 0xe0, 0x03, 0xf8, 0x00,
    0x00, 0x00, 0xe0, 0x00, 0xfc, 0x00, 0x00, 0x00, 0xf0, 0x00, 0xff, 0x01,
    0x00, 0x00, 0x70, 0x80, 0xcf, 0x01, 0x00, 0x00, 0x70, 0xc0, 0xc3, 0x01,
    0x00, 0x00, 0x70, 0xf0, 0xc1, 0x01, 0x00, 0x00, 0x70, 0xf8, 0xc0, 0x01,
    0x00, 0x00, 0x70, 0x3c, 0xc0, 0x01, 0x00, 0x00, 0xf0, 0x1f, 0xe0, 0x01,
    0x00, 0x00, 0xe0, 0x07, 0xe0, 0x00, 0x00, 0x00, 0xe0, 0x03, 0xf8, 0x00,
    0x00, 0x00, 0xf0, 0xff, 0x7f, 0x00, 0x00, 0x00, 0xf0, 0xff, 0x3f, 0x00,
    0x00, 0x00, 0x30, 0xfe, 0x1f, 0x00, 0x00, 0x00, 0x00, 0xf8, 0x03, 0x00,
    0x00, 0x00, 0x00, 0x00, 0x00, 0x00, 0x00, 0x00, 0x00, 0x00, 0x00, 0x00,
    0x00, 0x00, 0x00, 0x00, 0x00, 0x00, 0x00, 0x00, 0x00, 0x00, 0x00, 0x00,
    0x00, 0x00, 0x00, 0x00, 0x00, 0x00, 0x00, 0x00, 0xf0, 0xff, 0x1f, 0x00,
    0x00, 0x00, 0xf0, 0xff, 0x7f, 0x00, 0x00, 0x00, 0xf0, 0xff, 0xff, 0x00,
    0x00, 0x00, 0x00, 0x00, 0xf8, 0x00, 0x00, 0x10, 0x00, 0x00, 0xe0, 0x01,
    0x00, 0x30, 0x00, 0x00, 0xc0, 0x01, 0x00, 0xf0, 0x00, 0x00, 0xc0, 0x01,
    0x00, 0xf0, 0x01, 0x00, 0xc0, 0x01, 0x00, 0xe0, 0x01, 0x00, 0xc0, 0x01,
    0x00, 0x80, 0x03, 0x00, 0xc0, 0x01, 0x00, 0x00, 0x03, 0x00, 0xc0, 0x00,
    0x00, 0x00, 0x00, 0x00, 0xe0, 0x00, 0x00, 0x00, 0x00, 0x00, 0x70, 0x00,
    0x00, 0x00, 0x00, 0x00, 0x3c, 0x00, 0x00, 0x00, 0xf0, 0xff, 0xff, 0x01,
    0x00, 0x00, 0xf0, 0xff, 0xff, 0x01, 0x00, 0x00, 0xf0, 0xff, 0xff, 0x01,
    0x00, 0x00, 0x00, 0x00, 0x00, 0x00, 0x00, 0x00, 0x00, 0x00, 0x00, 0x00,
    0x00, 0x00, 0x00, 0x00, 0x00, 0x00, 0x00, 0x00, 0x00, 0x00, 0x00, 0x00,
    0x00, 0x00, 0x00, 0x00, 0x00, 0x00, 0x00, 0x00, 0x00, 0x00, 0x00, 0x00,
    0x00, 0x00, 0xf0, 0xff, 0x1f, 0x00, 0x00, 0x00, 0xf0, 0xff, 0x7f, 0x00,
    0x00, 0x00, 0xf0, 0xff, 0xff, 0x00, 0x00, 0x00, 0x00, 0x00, 0xf8, 0x00,
    0x00, 0x00, 0x00, 0x00, 0xe0, 0x01, 0x00, 0x00, 0x00, 0x00, 0xc0, 0x01,
    0x00, 0x00, 0x00, 0x00, 0xc0, 0x01, 0x00, 0x00, 0x03, 0x00, 0xc0, 0x01,
    0x00, 0x80, 0x03, 0x00, 0xc0, 0x01, 0x00, 0xe0, 0x01, 0x00, 0xc0, 0x01,
    0x00, 0xf0, 0x00, 0x00, 0xc0, 0x00, 0x00, 0x70, 0x00, 0x00, 0xe0, 0x00,
    0x00, 0x30, 0x00, 0x00, 0x70, 0x00, 0x00, 0x10, 0x00, 0x00, 0x3c, 0x00,
    0x00, 0x00, 0xf0, 0xff, 0xff, 0x01, 0x00, 0x00, 0xf0, 0xff, 0xff, 0x01,
    0x00, 0x00, 0xf0, 0xff, 0xff, 0x01, 0x00, 0x00, 0x00, 0x00, 0x00, 0x00,
    0x00, 0x00, 0x00, 0x00, 0x00, 0x00, 0x00, 0x00, 0x00, 0x00, 0x00, 0x00,
    0x00, 0x00, 0x00, 0x00, 0x00, 0x00, 0x00, 0x00, 0x00, 0x00, 0x00, 0x00,
    0x00, 0x00, 0x00, 0x00, 0x00, 0x00, 0x00, 0x00, 0xf0, 0xff, 0x1f, 0x00,
    0x00, 0x00, 0xf0, 0xff, 0x7f, 0x00, 0x00, 0x00, 0xf0, 0xff, 0xff, 0x00,
    0x00, 0x00, 0x03, 0x00, 0xf8, 0x00, 0x00, 0x80, 0x03, 0x00, 0xe0, 0x01,
    0x00, 0xc0, 0x01, 0x00, 0xc0, 0x01, 0x00, 0xe0, 0x01, 0x00, 0xc0, 0x01,
    0x00, 0xf0, 0x00, 0x00, 0xc0, 0x01, 0x00, 0x70, 0x00, 0x00, 0xc0, 0x01,
    0x00, 0x70, 0x00, 0x00, 0xc0, 0x01, 0x00, 0xf0, 0x00, 0x00, 0xc0, 0x00,
    0x00, 0xe0, 0x01, 0x00, 0xe0, 0x00, 0x00, 0x80, 0x03, 0x00, 0x70, 0x00,
    0x00, 0x00, 0x03, 0x00, 0x3c, 0x00, 0x00, 0x00, 0xf2, 0xff, 0xff, 0x01,
    0x00, 0x00, 0xf0, 0xff, 0xff, 0x01, 0x00, 0x00, 0xf0, 0xff, 0xff, 0x01,
    0x00, 0x00, 0x00, 0x00, 0x00, 0x00, 0x00, 0x00, 0x00, 0x00, 0x00, 0x00,
    0x00, 0x00, 0x00, 0x00, 0x00, 0x00, 0x00, 0x00, 0x00, 0x00, 0x00, 0x00,
    0x00, 0x00, 0x00, 0x00, 0x00, 0x00, 0x00, 0x00, 0x00, 0x00, 0x00, 0x00,
    0x00, 0x00, 0xf0, 0xff, 0x1f, 0x00, 0x00, 0x00, 0xf0, 0xff, 0x7f, 0x00,
    0x00, 0x00, 0xf0, 0xff, 0xff, 0x00, 0x00, 0xc0, 0x00, 0x00, 0xf8, 0x00,
    0x00, 0xe0, 0x01, 0x00, 0xe0, 0x01, 0x00, 0xe0, 0x01, 0x00, 0xc0, 0x01,
    0x00, 0xc0, 0x00, 0x00, 0xc0, 0x01, 0x00, 0x00, 0x00, 0x00, 0xc0, 0x01,
    0x00, 0x00, 0x00, 0x00, 0xc0, 0x01, 0x00, 0x00, 0x00, 0x00, 0xc0, 0x01,
    0x00, 0x00, 0x00, 0x00, 0xc0, 0x00, 0x00, 0xe0, 0x01, 0x00, 0xe0, 0x00,
    0x00, 0xe0, 0x01, 0x00, 0x70, 0x00, 0x00, 0xc0, 0x00, 0x00, 0x3c, 0x00,
    0x00, 0x00, 0xf0, 0xff, 0xff, 0x01, 0x00, 0x00, 0xf0, 0xff, 0xff, 0x01,
    0x00, 0x00, 0xf0, 0xff, 0xff, 0x01, 0x00, 0x00, 0x00, 0x00, 0x00, 0x00,
    0x00, 0x00, 0x00, 0x00, 0x00, 0x00, 0x00, 0x00, 0x00, 0x00, 0x00, 0x00,
    0x00, 0x00, 0x10, 0x00, 0x00, 0x00, 0x00, 0x00, 0xf0, 0x00, 0x00, 0x00,
    0x00, 0x00, 0xf0, 0x03, 0x00, 0x00, 0x00, 0x00, 0xf0, 0x1f, 0x00, 0x00,
    0x00, 0x00, 0xc0, 0x7f, 0x00, 0x00, 0x00, 0x00, 0x00, 0xfe, 0x03, 0x00,
    0x00, 0x00, 0x00, 0xf0, 0x0f, 0x00, 0x00, 0x00, 0x00, 0xc0, 0x7f, 0x00,
    0x00, 0x00, 0x03, 0x00, 0xfe, 0x01, 0x00, 0x80, 0x03, 0x00, 0xe0, 0x01,
    0x00, 0xe0, 0x01, 0x00, 0xf8, 0x01, 0x00, 0xf0, 0x00, 0x00, 0xff, 0x01,
    0x00, 0x70, 0x00, 0xe0, 0x3f, 0x00, 0x00, 0x30, 0x00, 0xfc, 0x0f, 0x00,
    0x00, 0x10, 0x00, 0xff, 0x01, 0x00, 0x00, 0x00, 0xe0, 0x3f, 0x00, 0x00,
    0x00, 0x00, 0xf0, 0x0f, 0x00, 0x00, 0x00, 0x00, 0xf0, 0x01, 0x00, 0x00,
    0x00, 0x00, 0x30, 0x00, 0x00, 0x00, 0x00, 0x00, 0x00, 0x00, 0x00, 0x00,
    0x00, 0x00, 0x00, 0x00, 0x00, 0x00, 0x00, 0x00, 0x00, 0x00, 0x00, 0x00,
    0x00, 0x00, 0x00, 0x00, 0x00, 0x00, 0x00, 0xf0, 0xff, 0xff, 0xff, 0x01,
    0x00, 0xf0, 0xff, 0xff, 0xff, 0x01, 0x00, 0xf0, 0xff, 0xff, 0xff, 0x01,
    0x00, 0xf0, 0xff, 0xff, 0x3f, 0x01, 0x00, 0x00, 0xc0, 0x01, 0x70, 0x00,
    0x00, 0x00, 0xe0, 0x00, 0xe0, 0x00, 0x00, 0x00, 0x60, 0x00, 0xc0, 0x00,
    0x00, 0x00, 0x70, 0x00, 0xc0, 0x01, 0x00, 0x00, 0x70, 0x00, 0xc0, 0x01,
    0x00, 0x00, 0x70, 0x00, 0xc0, 0x01, 0x00, 0x00, 0x70, 0x00, 0xc0, 0x01,
    0x00, 0x00, 0x70, 0x00, 0xc0, 0x01, 0x00, 0x00, 0xf0, 0x00, 0xe0, 0x01,
    0x00, 0x00, 0xe0, 0x01, 0xf0, 0x00, 0x00, 0x00, 0xe0, 0x07, 0xfc, 0x00,
    0x00, 0x00, 0xc0, 0xff, 0x7f, 0x00, 0x00, 0x00, 0x80, 0xff, 0x3f, 0x00,
    0x00, 0x00, 0x00, 0xfe, 0x0f, 0x00, 0x00, 0x00, 0x00, 0x00, 0x00, 0x00,
    0x00, 0x00, 0x00, 0x00, 0x00, 0x00, 0x00, 0x00, 0x10, 0x00, 0x00, 0x00,
    0x00, 0x00, 0xf0, 0x00, 0x00, 0x00, 0x00, 0x00, 0xf0, 0x03, 0x00, 0x00,
    0x00, 0x00, 0xf0, 0x1f, 0x00, 0x00, 0x00, 0xc0, 0xc0, 0x7f, 0x00, 0x00,
    0x00, 0xe0, 0x01, 0xfe, 0x03, 0x00, 0x00, 0xe0, 0x01, 0xf0, 0x0f, 0x00,
    0x00, 0xc0, 0x00, 0xc0, 0x7f, 0x00, 0x00, 0x00, 0x00, 0x00, 0xfe, 0x01,
    0x00, 0x00, 0x00, 0x00, 0xe0, 0x01, 0x00, 0x00, 0x00, 0x00, 0xf8, 0x01,
    0x00, 0x00, 0x00, 0x00, 0xff, 0x01, 0x00, 0xe0, 0x01, 0xe0, 0x3f, 0x00,
    0x00, 0xe0, 0x01, 0xfc, 0x0f, 0x00, 0x00, 0xc0, 0x00, 0xff, 0x01, 0x00,
    0x00, 0x00, 0xe0, 0x3f, 0x00, 0x00, 0x00, 0x00, 0xf0, 0x0f, 0x00, 0x00,
    0x00, 0x00, 0xf0, 0x01, 0x00, 0x00, 0x00, 0x00, 0x30, 0x00, 0x00, 0x00,
    0x00, 0x00, 0x00, 0x00, 0x00, 0x00, 0x00, 0x00, 0x00, 0x00, 0x00, 0x00,
    0x00, 0x00, 0x00, 0x00, 0x00, 0x00, 0x00, 0x00, 0x00, 0x00, 0x00, 0x00,
    0x00, 0x00, 0x00, 0x00, 0xe0, 0x00, 0x00, 0x00, 0x00, 0x00, 0xf0, 0x01,
    0x00, 0x00, 0x00, 0x00, 0xf0, 0x01, 0x00, 0x00, 0x00, 0x00, 0xf0, 0x01,
    0x00, 0x00, 0x00, 0x00, 0x00, 0x00, 0x00, 0x00, 0x00, 0x00, 0x00, 0x00,
    0x00, 0x00, 0x00, 0x00, 0x00, 0x00, 0x00, 0x00, 0x00, 0x00, 0x00, 0x00,
    0x00, 0x00, 0x00, 0x00, 0x00, 0x00, 0x00, 0x00, 0x00, 0x00, 0x00, 0x00,
    0x00, 0x00, 0x00, 0x00, 0xe0, 0x00, 0x00, 0x00, 0x00, 0x00, 0xf0, 0x01,
    0x00, 0x00, 0x00, 0x00, 0xf0, 0x01, 0x00, 0x00, 0x00, 0x00, 0xf0, 0x00,
    0x00, 0x00, 0x00, 0x00, 0x00, 0x00, 0x00, 0x00, 0x00, 0x00, 0x00, 0x00,
    0x00, 0x00, 0x00, 0x00, 0x00, 0x00, 0x00, 0x00, 0x00, 0x00, 0x00, 0x00,
    0x00, 0x00, 0x00, 0x00, 0x00, 0x00, 0x00, 0x00, 0x00, 0x00, 0x00, 0x00,
    0x00, 0x00, 0x00, 0x00, 0xf0, 0x00, 0x00, 0x00, 0x00, 0x00, 0xf0, 0x01,
    0x00, 0x00, 0x00, 0x00, 0xf0, 0x01, 0x00, 0x00, 0x00, 0x00, 0xe0, 0x00,
    0x00, 0x00, 0x00, 0x00, 0x00, 0x00, 0x00, 0x00, 0x00, 0x00, 0x00, 0x00,
    0x00, 0x00, 0x00, 0x00, 0x00, 0x00,
};
static const uint8_t michi_ui_pin_width[] = {
    0x0a, 0x0a, 0x10, 0x19, 0x16, 0x20, 0x1c, 0x09, 0x0b, 0x0b, 0x15, 0x16,
    0x0a, 0x0c, 0x0a, 0x0e, 0x16, 0x16, 0x16, 0x16, 0x16, 0x16, 0x16, 0x16,
    0x16, 0x16, 0x0a, 0x0a, 0x16, 0x16, 0x16, 0x10, 0x22, 0x19, 0x19, 0x18,
    0x1c, 0x15, 0x14, 0x1c, 0x1c, 0x0d, 0x0d, 0x18, 0x14, 0x22, 0x1d, 0x1e,
    0x17, 0x1e, 0x18, 0x15, 0x15, 0x1c, 0x17, 0x23, 0x17, 0x16, 0x16, 0x0d,
    0x0e, 0x0d, 0x16, 0x12, 0x0b, 0x15, 0x17, 0x12, 0x17, 0x15, 0x0f, 0x17,
    0x17, 0x0a, 0x0d, 0x14, 0x0a, 0x24, 0x17, 0x17, 0x17, 0x17, 0x10, 0x12,
    0x0e, 0x17, 0x14, 0x1e, 0x14, 0x14, 0x12, 0x0e, 0x15, 0x0e, 0x16, 0x0a,
    0x0a, 0x16, 0x16, 0x16, 0x16, 0x15, 0x14, 0x16, 0x20, 0x0e, 0x13, 0x16,
    0x0c, 0x20, 0x15, 0x10, 0x16, 0x0d, 0x0d, 0x0b, 0x18, 0x19, 0x0a, 0x09,
    0x0d, 0x0e, 0x13, 0x1c, 0x1d, 0x1e, 0x10, 0x19, 0x19, 0x19, 0x19, 0x19,
    0x19, 0x22, 0x18, 0x15, 0x15, 0x15, 0x15, 0x0d, 0x0d, 0x0d, 0x0d, 0x1c,
    0x1d, 0x1e, 0x1e, 0x1e, 0x1e, 0x1e, 0x16, 0x1e, 0x1c, 0x1c, 0x1c, 0x1c,
    0x16, 0x17, 0x18, 0x15, 0x15, 0x15, 0x15, 0x15, 0x15, 0x21, 0x12, 0x15,
    0x15, 0x15, 0x15, 0x0b, 0x0b, 0x0e, 0x0c, 0x17, 0x17, 0x17, 0x17, 0x17,
    0x17, 0x17, 0x16, 0x17, 0x17, 0x17, 0x17, 0x17, 0x14, 0x17, 0x14, 0x1e,
};
static const uint8_t michi_ui_pin_advance[] = {
    0x0a, 0x0a, 0x10, 0x19, 0x16, 0x20, 0x1c, 0x09, 0x0b, 0x0b, 0x15, 0x16,
    0x0a, 0x0c, 0x0a, 0x0e, 0x16, 0x16, 0x16, 0x16, 0x16, 0x16, 0x16, 0x16,
    0x16, 0x16, 0x0a, 0x0a, 0x16, 0x16, 0x16, 0x10, 0x22, 0x18, 0x19, 0x18,
    0x1c, 0x15, 0x14, 0x1c, 0x1c, 0x0d, 0x0a, 0x18, 0x14, 0x22, 0x1d, 0x1e,
    0x17, 0x1e, 0x18, 0x15, 0x15, 0x1c, 0x17, 0x23, 0x16, 0x16, 0x16, 0x0d,
    0x0e, 0x0d, 0x16, 0x11, 0x0b, 0x15, 0x17, 0x12, 0x17, 0x15, 0x0d, 0x17,
    0x17, 0x0a, 0x0a, 0x14, 0x0a, 0x24, 0x17, 0x17, 0x17, 0x17, 0x10, 0x12,
    0x0e, 0x17, 0x13, 0x1e, 0x14, 0x13, 0x12, 0x0e, 0x15, 0x0e, 0x16, 0x0a,
    0x0a, 0x16, 0x16, 0x16, 0x16, 0x15, 0x14, 0x16, 0x20, 0x0e, 0x13, 0x16,
    0x0c, 0x20, 0x13, 0x10, 0x16, 0x0d, 0x0d, 0x0b, 0x18, 0x19, 0x0a, 0x09,
    0x0d, 0x0e, 0x13, 0x1c, 0x1d, 0x1e, 0x10, 0x18, 0x18, 0x18, 0x18, 0x18,
    0x18, 0x21, 0x18, 0x15, 0x15, 0x15, 0x15, 0x0d, 0x0d, 0x0d, 0x0d, 0x1c,
    0x1d, 0x1e, 0x1e, 0x1e, 0x1e, 0x1e, 0x16, 0x1e, 0x1c, 0x1c, 0x1c, 0x1c,
    0x16, 0x17, 0x18, 0x15, 0x15, 0x15, 0x15, 0x15, 0x15, 0x21, 0x12, 0x15,
    0x15, 0x15, 0x15, 0x0a, 0x0a, 0x0a, 0x0a, 0x17, 0x17, 0x17, 0x17, 0x17,
    0x17, 0x17, 0x16, 0x17, 0x17, 0x17, 0x17, 0x17, 0x13, 0x17, 0x13, 0x1e,
};
static const uint16_t michi_ui_pin_offset[] = {
    0, 60, 120, 216, 366, 498, 690, 858, 912, 978, 1044, 1170,
    1302, 1362, 1434, 1494, 1578, 1710, 1842, 1974, 2106, 2238, 2370, 2502,
    2634, 2766, 2898, 2958, 3018, 3150, 3282, 3414, 3510, 3714, 3864, 4014,
    4158, 4326, 4452, 4572, 4740, 4908, 4986, 5064, 5208, 5328, 5532, 5706,
    5886, 6024, 6204, 6348, 6474, 6600, 6768, 6906, 7116, 7254, 7386, 7518,
    7596, 7680, 7758, 7890, 7998, 8064, 8190, 8328, 8436, 8574, 8700, 8790,
    8928, 9066, 9126, 9204, 9324, 9384, 9600, 9738, 9876, 10014, 10152, 10248,
    10356, 10440, 10578, 10698, 10878, 10998, 11118, 11226, 11310, 11436, 11520, 11652,
    11712, 11772, 11904, 12036, 12168, 12300, 12426, 12546, 12678, 12870, 12954, 13068,
    13200, 13272, 13464, 13590, 13686, 13818, 13896, 13974, 14040, 14184, 14334, 14394,
    14448, 14526, 14610, 14724, 14892, 15066, 15246, 15342, 15492, 15642, 15792, 15942,
    16092, 16242, 16446, 16590, 16716, 16842, 16968, 17094, 17172, 17250, 17328, 17406,
    17574, 17748, 17928, 18108, 18288, 18468, 18648, 18780, 18960, 19128, 19296, 19464,
    19632, 19764, 19902, 20046, 20172, 20298, 20424, 20550, 20676, 20802, 21000, 21108,
    21234, 21360, 21486, 21612, 21678, 21744, 21828, 21900, 22038, 22176, 22314, 22452,
    22590, 22728, 22866, 22998, 23136, 23274, 23412, 23550, 23688, 23808, 23946, 24066,
    24246,
};
#define MICHI_UI_PIN_HEIGHT       41
#define MICHI_UI_PIN_BASELINE     41
#define MICHI_UI_PIN_LINE_HEIGHT  46
#define MICHI_UI_PIN_RASTER_BITS  1
#define MICHI_UI_PIN_BYTES_PER_COL 6

/* michi_ui_pin: height=41 baseline=41 line_height=46 bytes_per_col=6 raster=1-bit */
